/*
 *  Copyright (C) 2002-2021  The DOSBox Team
 *
 *  This program is free software; you can redistribute it and/or modify
 *  it under the terms of the GNU General Public License as published by
 *  the Free Software Foundation; either version 2 of the License, or
 *  (at your option) any later version.
 *
 *  This program is distributed in the hope that it will be useful,
 *  but WITHOUT ANY WARRANTY; without even the implied warranty of
 *  MERCHANTABILITY or FITNESS FOR A PARTICULAR PURPOSE.  See the
 *  GNU General Public License for more details.
 *
 *  You should have received a copy of the GNU General Public License along
 *  with this program; if not, write to the Free Software Foundation, Inc.,
 *  51 Franklin Street, Fifth Floor, Boston, MA 02110-1301, USA.
 */

#ifndef DOSBOX_CONSOLE_OSD_FONT_H
#define DOSBOX_CONSOLE_OSD_FONT_H

#define OSD_FONT_FIRST 0x20
#define OSD_FONT_COUNT 95
#define OSD_FONT_HEIGHT 15
#define OSD_FONT_ASCENT 10
#define OSD_FONT_RIGS 3

struct OSDFontGlyph {
	unsigned int offset;
	unsigned short width;
	unsigned short height;
	signed char top;
	signed char bearing;
	unsigned char advance;
};

static const unsigned char osd_font_alpha[] = {
	0x33, 0xff, 0x00, 0x33, 0xff, 0x00, 0x26, 0xff, 0x00, 0x00, 0xff, 0x00, 0x00, 0xff, 0x00, 0x00,
	0xff, 0x00, 0x00, 0x00, 0x00, 0x33, 0xff, 0x19, 0x33, 0xff, 0x19, 0x33, 0xda, 0x0c, 0xff, 0x33,
	0xae, 0x00, 0xff, 0x19, 0xae, 0x00, 0xff, 0x00, 0x33, 0x8b, 0x00, 0x6b, 0x5c, 0x00, 0x6b, 0x6b,
	0x00, 0x9c, 0x33, 0x6b, 0xff, 0xff, 0xff, 0xff, 0xff, 0x00, 0x9c, 0x33, 0x00, 0xda, 0x00, 0x00,
	0xae, 0x33, 0x00, 0xff, 0x00, 0x00, 0xda, 0x00, 0x0c, 0xc3, 0x00, 0xae, 0xff, 0xff, 0xff, 0xff,
	0x6b, 0x19, 0xae, 0x00, 0x40, 0x8b, 0x00, 0x33, 0xae, 0x00, 0x6b, 0x6b, 0x00, 0x00, 0x00, 0x33,
	0xae, 0x00, 0x00, 0x00, 0x00, 0x33, 0xae, 0x00, 0x00, 0x00, 0x6b, 0xff, 0xff, 0xae, 0x19, 0x26,
	0xff, 0x19, 0x00, 0x5c, 0x4e, 0x40, 0xc3, 0x00, 0x00, 0x00, 0x00, 0x0c, 0xff, 0x8b, 0x26, 0x00,
	0x00, 0x00, 0x19, 0x8b, 0xff, 0xae, 0x26, 0x00, 0x00, 0x00, 0x00, 0x8b, 0x9c, 0x00, 0x00, 0x00,
	0x00, 0x33, 0xda, 0x5c, 0x5c, 0x0c, 0x0c, 0x9c, 0x9c, 0x26, 0xae, 0xff, 0xff, 0xae, 0x0c, 0x00,
	0x00, 0x33, 0xae, 0x00, 0x00, 0x00, 0x00, 0x33, 0xae, 0x00, 0x00, 0x00, 0x00, 0x00, 0x00, 0x00,
	0x00, 0x00, 0x26, 0x00, 0x00, 0x00, 0x8b, 0xff, 0x8b, 0x00, 0x00, 0x33, 0xda, 0x0c, 0x00, 0x40,
	0xae, 0x00, 0xae, 0x40, 0x00, 0xc3, 0x33, 0x00, 0x00, 0x6b, 0x6b, 0x00, 0x6b, 0x6b, 0x5c, 0x9c,
	0x00, 0x00, 0x00, 0x40, 0xae, 0x00, 0xae, 0x4e, 0xda, 0x19, 0x00, 0x00, 0x00, 0x00, 0x8b, 0xff,
	0x8b, 0x9c, 0x6b, 0x00, 0x00, 0x00, 0x00, 0x00, 0x00, 0x00, 0x33, 0xda, 0x0c, 0xae, 0xff, 0xae,
	0x00, 0x00, 0x00, 0x00, 0xda, 0x33, 0x5c, 0x7a, 0x00, 0xae, 0x33, 0x00, 0x00, 0x6b, 0x8b, 0x00,
	0x5c, 0x7a, 0x00, 0xae, 0x40, 0x00, 0x0c, 0xda, 0x0c, 0x00, 0x0c, 0xae, 0xff, 0xae, 0x00, 0x00,
	0x00, 0x0c, 0x00, 0x00, 0x00, 0x00, 0x00, 0x00, 0x00, 0x0c, 0xae, 0xff, 0xda, 0x26, 0x00, 0x00,
	0x00, 0x5c, 0xae, 0x00, 0x5c, 0xae, 0x00, 0x00, 0x00, 0x5c, 0x8b, 0x00, 0x4e, 0x9c, 0x00, 0x00,
	0x00, 0x0c, 0xda, 0x7a, 0xda, 0x26, 0x00, 0x00, 0x00, 0x0c, 0xc3, 0xff, 0x5c, 0x00, 0x19, 0x7a,
	0x00, 0xae, 0x6b, 0x26, 0xc3, 0x4e, 0x4e, 0x8b, 0x00, 0xff, 0x0c, 0x00, 0x0c, 0xc3, 0xff, 0x26,
	0x00, 0xda, 0x6b, 0x00, 0x19, 0x9c, 0xff, 0x4e, 0x00, 0x26, 0xc3, 0xff, 0xff, 0x6b, 0x0c, 0xc3,
	0x0c, 0x33, 0xda, 0x33, 0xae, 0x19, 0xae, 0x00, 0x00, 0x7a, 0x33, 0x00, 0x33, 0xda, 0x00, 0x00,
	0xae, 0x4e, 0x00, 0x19, 0xff, 0x00, 0x00, 0x4e, 0xae, 0x00, 0x00, 0x6b, 0xae, 0x00, 0x00, 0x6b,
	0xae, 0x00, 0x00, 0x6b, 0xae, 0x00, 0x00, 0x40, 0xae, 0x00, 0x00, 0x0c, 0xff, 0x0c, 0x00, 0x00,
	0x9c, 0x4e, 0x00, 0x00, 0x19, 0xda, 0x00, 0x00, 0x00, 0x6b, 0x26, 0x33, 0x6b, 0x00, 0x00, 0x0c,
	0xda, 0x19, 0x00, 0x00, 0x5c, 0x8b, 0x00, 0x00, 0x19, 0xff, 0x00, 0x00, 0x00, 0xda, 0x33, 0x00,
	0x00, 0xae, 0x4e, 0x00, 0x00, 0xae, 0x6b, 0x00, 0x00, 0xae, 0x40, 0x00, 0x00, 0xff, 0x33, 0x00,
	0x19, 0xff, 0x00, 0x00, 0x6b, 0x8b, 0x00, 0x0c, 0xda, 0x0c, 0x00, 0x33, 0x5c, 0x00, 0x00, 0x00,
	0x00, 0xc3, 0x19, 0x00, 0x4e, 0x40, 0xae, 0x26, 0x6b, 0x40, 0x8b, 0xff, 0xae, 0x5c, 0x00, 0x7a,
	0x9c, 0xc3, 0x00, 0x0c, 0x9c, 0x00, 0x7a, 0x26, 0x00, 0x00, 0x6b, 0x6b, 0x00, 0x00, 0x00, 0x00,
	0x6b, 0x6b, 0x00, 0x00, 0x33, 0xff, 0xff, 0xff, 0xff, 0x33, 0x00, 0x00, 0x6b, 0x6b, 0x00, 0x00,
	0x00, 0x00, 0x6b, 0x6b, 0x00, 0x00, 0x33, 0xff, 0x19, 0x33, 0xff, 0x26, 0x33, 0xc3, 0x00, 0x5c,
	0x5c, 0x00, 0x33, 0xff, 0xff, 0xff, 0x33, 0xff, 0x19, 0x33, 0xff, 0x19, 0x00, 0x00, 0x00, 0x4e,
	0x00, 0x00, 0x26, 0xc3, 0x00, 0x00, 0x5c, 0x7a, 0x00, 0x00, 0x9c, 0x40, 0x00, 0x00, 0xff, 0x0c,
	0x00, 0x19, 0xda, 0x00, 0x00, 0x4e, 0x8b, 0x00, 0x00, 0x8b, 0x4e, 0x00, 0x00, 0xda, 0x19, 0x00,
	0x19, 0xda, 0x00, 0x00, 0x4e, 0x8b, 0x00, 0x00, 0x7a, 0x5c, 0x00, 0x00, 0x19, 0x0c, 0x00, 0x00,
	0x00, 0x26, 0xda, 0xff, 0xae, 0x0c, 0x00, 0xda, 0x5c, 0x00, 0x9c, 0x6b, 0x26, 0xff, 0x00, 0x00,
	0x40, 0xc3, 0x33, 0xc3, 0x00, 0x00, 0x26, 0xff, 0x33, 0xae, 0x00, 0x00, 0x00, 0xff, 0x33, 0xc3,
	0x00, 0x00, 0x26, 0xff, 0x26, 0xff, 0x00, 0x00, 0x40, 0xc3, 0x00, 0xda, 0x5c, 0x00, 0x9c, 0x6b,
	0x00, 0x26, 0xda, 0xff, 0xae, 0x0c, 0x00, 0x0c, 0x9c, 0xff, 0x33, 0xff, 0x9c, 0xff, 0x33, 0x33,
	0x33, 0xff, 0x00, 0x00, 0x33, 0xff, 0x00, 0x00, 0x33, 0xff, 0x00, 0x00, 0x33, 0xff, 0x00, 0x00,
	0x33, 0xff, 0x00, 0x00, 0x33, 0xff, 0x00, 0x00, 0x33, 0xff, 0x0c, 0x9c, 0xff, 0xda, 0x40, 0x00,
	0x5c, 0x6b, 0x00, 0x40, 0xff, 0x00, 0x00, 0x00, 0x00, 0x00, 0xff, 0x26, 0x00, 0x00, 0x00, 0x19,
	0xff, 0x00, 0x00, 0x00, 0x00, 0x9c, 0x6b, 0x00, 0x00, 0x00, 0x4e, 0xc3, 0x0c, 0x00, 0x00, 0x26,
	0xff, 0x19, 0x00, 0x00, 0x26, 0xda, 0x26, 0x00, 0x00, 0x00, 0x6b, 0xff, 0xff, 0xff, 0xff, 0x33,
	0x19, 0xae, 0xff, 0xda, 0x33, 0x00, 0x33, 0x5c, 0x00, 0x4e, 0xff, 0x00, 0x00, 0x00, 0x00, 0x00,
	0xff, 0x00, 0x00, 0x00, 0x00, 0x5c, 0xae, 0x00, 0x00, 0x00, 0xff, 0xff, 0x40, 0x00, 0x00, 0x00,
	0x00, 0x26, 0xff, 0x19, 0x00, 0x00, 0x00, 0x00, 0xae, 0x33, 0x4e, 0x33, 0x00, 0x33, 0xff, 0x19,
	0x26, 0xc3, 0xff, 0xda, 0x40, 0x00, 0x00, 0x00, 0x19, 0x19, 0x00, 0x00, 0x00, 0x00, 0x6b, 0x8b,
	0x00, 0x00, 0x00, 0x00, 0xff, 0x19, 0x00, 0x00, 0x00, 0x4e, 0xae, 0x00, 0x00, 0x00, 0x00, 0xc3,
	0x40, 0x00, 0xff, 0x00, 0x33, 0xda, 0x00, 0x00, 0xff, 0x00, 0x6b, 0xff, 0xff, 0xff, 0xff, 0xff,
	0x00, 0x00, 0x00, 0x00, 0xff, 0x00, 0x00, 0x00, 0x00, 0x00, 0xff, 0x00, 0x33, 0xff, 0xff, 0xff,
	0xff, 0x19, 0x33, 0xff, 0x00, 0x00, 0x00, 0x00, 0x33, 0xff, 0x00, 0x00, 0x00, 0x00, 0x33, 0xff,
	0xda, 0xff, 0x7a, 0x00, 0x0c, 0x33, 0x0c, 0x26, 0xff, 0x26, 0x00, 0x00, 0x00, 0x00, 0xae, 0x6b,
	0x00, 0x00, 0x00, 0x00, 0xae, 0x5c, 0x5c, 0x5c, 0x00, 0x33, 0xff, 0x19, 0x26, 0xae, 0xff, 0xda,
	0x40, 0x00, 0x00, 0x0c, 0x9c, 0xff, 0xda, 0x19, 0x00, 0x8b, 0x8b, 0x00, 0x19, 0x00, 0x0c, 0xff,
	0x0c, 0x00, 0x00, 0x00, 0x33, 0xc3, 0x7a, 0xff, 0xda, 0x26, 0x33, 0xff, 0x5c, 0x00, 0x7a, 0x9c,
	0x33, 0xae, 0x00, 0x00, 0x33, 0xff, 0x26, 0xff, 0x00, 0x00, 0x33, 0xda, 0x00, 0xda, 0x4e, 0x00,
	0x9c, 0x7a, 0x00, 0x26, 0xda, 0xff, 0x8b, 0x0c, 0xae, 0xff, 0xff, 0xff, 0xff, 0x00, 0x00, 0x00,
	0x4e, 0xae, 0x00, 0x00, 0x00, 0x9c, 0x4e, 0x00, 0x00, 0x19, 0xff, 0x0c, 0x00, 0x00, 0x6b, 0x8b,
	0x00, 0x00, 0x00, 0xda, 0x26, 0x00, 0x00, 0x40, 0xda, 0x00, 0x00, 0x00, 0x8b, 0x5c, 0x00, 0x00,
	0x00, 0x8b, 0x19, 0x00, 0x00, 0x00, 0x40, 0xda, 0xff, 0xae, 0x0c, 0x00, 0xff, 0x33, 0x00, 0x9c,
	0x8b, 0x0c, 0xff, 0x00, 0x00, 0x40, 0xae, 0x00, 0xc3, 0x8b, 0x26, 0xc3, 0x40, 0x00, 0x4e, 0xda,
	0xda, 0xc3, 0x0c, 0x26, 0xda, 0x0c, 0x00, 0x6b, 0xc3, 0x6b, 0xae, 0x00, 0x00, 0x00, 0xff, 0x33,
	0xff, 0x26, 0x00, 0x6b, 0xda, 0x00, 0x6b, 0xff, 0xff, 0xae, 0x26, 0x00, 0x4e, 0xff, 0xff, 0x7a,
	0x00, 0x19, 0xff, 0x26, 0x0c, 0xda, 0x4e, 0x5c, 0xae, 0x00, 0x00, 0x6b, 0x8b, 0x6b, 0xae, 0x00,
	0x00, 0x6b, 0xae, 0x26, 0xff, 0x19, 0x19, 0xc3, 0xae, 0x00, 0x6b, 0xff, 0xda, 0x9c, 0x6b, 0x00,
	0x00, 0x00, 0x00, 0xda, 0x33, 0x00, 0x00, 0x0c, 0x8b, 0x8b, 0x00, 0x00, 0x5c, 0xda, 0x6b, 0x00,
	0x00, 0x00, 0x33, 0x0c, 0x00, 0x00, 0x00, 0x0c, 0x4e, 0x00, 0x4e, 0xff, 0x33, 0x0c, 0x6b, 0x0c,
	0x00, 0x00, 0x00, 0x00, 0x00, 0x00, 0x33, 0xff, 0x19, 0x33, 0xff, 0x19, 0x0c, 0x4e, 0x00, 0x4e,
	0xff, 0x33, 0x0c, 0x6b, 0x0c, 0x00, 0x00, 0x00, 0x00, 0x00, 0x00, 0x33, 0xff, 0x19, 0x33, 0xff,
	0x26, 0x33, 0xc3, 0x00, 0x5c, 0x5c, 0x00, 0x00, 0x00, 0x00, 0x00, 0x0c, 0x00, 0x00, 0x00, 0x00,
	0x4e, 0xda, 0x33, 0x00, 0x4e, 0xda, 0xae, 0x33, 0x00, 0x6b, 0xc3, 0x33, 0x00, 0x00, 0x00, 0x26,
	0xae, 0xda, 0x4e, 0x00, 0x00, 0x00, 0x00, 0x33, 0xae, 0xda, 0x26, 0x00, 0x00, 0x00, 0x00, 0x33,
	0x0c, 0x0c, 0x33, 0x33, 0x33, 0x33, 0x0c, 0x26, 0xae, 0xae, 0xae, 0xae, 0x26, 0x00, 0x00, 0x00,
	0x00, 0x00, 0x00, 0x26, 0xae, 0xae, 0xae, 0xae, 0x26, 0x0c, 0x33, 0x33, 0x33, 0x33, 0x0c, 0x00,
	0x0c, 0x00, 0x00, 0x00, 0x00, 0x33, 0xda, 0x4e, 0x00, 0x00, 0x00, 0x00, 0x33, 0xae, 0xda, 0x4e,
	0x00, 0x00, 0x00, 0x00, 0x33, 0xc3, 0x6b, 0x00, 0x00, 0x4e, 0xda, 0xae, 0x26, 0x26, 0xda, 0xae,
	0x33, 0x00, 0x00, 0x0c, 0x33, 0x00, 0x00, 0x00, 0x00, 0x0c, 0x8b, 0xff, 0xff, 0x4e, 0x00, 0x4e,
	0x7a, 0x00, 0x26, 0xff, 0x0c, 0x00, 0x00, 0x00, 0x26, 0xff, 0x0c, 0x00, 0x00, 0x40, 0xda, 0x4e,
	0x00, 0x00, 0x00, 0xff, 0x26, 0x00, 0x00, 0x00, 0x00, 0xae, 0x00, 0x00, 0x00, 0x00, 0x00, 0x00,
	0x00, 0x00, 0x00, 0x00, 0x26, 0xff, 0x19, 0x00, 0x00, 0x00, 0x33, 0xff, 0x19, 0x00, 0x00, 0x00,
	0x00, 0x00, 0x33, 0x9c, 0xff, 0xff, 0xda, 0x8b, 0x0c, 0x00, 0x00, 0x00, 0x00, 0x4e, 0xff, 0x4e,
	0x0c, 0x00, 0x19, 0x6b, 0xff, 0x26, 0x00, 0x00, 0x33, 0xff, 0x26, 0x00, 0x00, 0x00, 0x00, 0x00,
	0x5c, 0xae, 0x00, 0x00, 0x9c, 0x6b, 0x00, 0x26, 0xda, 0xff, 0xae, 0x19, 0x00, 0xff, 0x26, 0x00,
	0xff, 0x19, 0x00, 0xff, 0x40, 0x00, 0xc3, 0x33, 0x00, 0xae, 0x4e, 0x26, 0xff, 0x00, 0x33, 0xc3,
	0x00, 0x00, 0xae, 0x33, 0x00, 0xae, 0x5c, 0x26, 0xff, 0x00, 0x33, 0xae, 0x00, 0x00, 0xae, 0x33,
	0x00, 0xc3, 0x33, 0x00, 0xff, 0x0c, 0x19, 0xff, 0x19, 0x26, 0xff, 0x40, 0x26, 0xff, 0x0c, 0x00,
	0xae, 0x4e, 0x00, 0x6b, 0xff, 0xc3, 0x26, 0xda, 0xff, 0x4e, 0x00, 0x00, 0x33, 0xff, 0x0c, 0x00,
	0x00, 0x00, 0x00, 0x00, 0x00, 0x00, 0x00, 0x00, 0x00, 0x7a, 0xda, 0x4e, 0x0c, 0x00, 0x19, 0x33,
	0x00, 0x00, 0x00, 0x00, 0x00, 0x00, 0x33, 0x9c, 0xff, 0xff, 0xff, 0x7a, 0x00, 0x00, 0x00, 0x00,
	0x00, 0x5c, 0xff, 0x40, 0x00, 0x00, 0x00, 0x00, 0x9c, 0xc3, 0x8b, 0x00, 0x00, 0x00, 0x00, 0xff,
	0x33, 0xda, 0x00, 0x00, 0x00, 0x40, 0xc3, 0x00, 0xff, 0x26, 0x00, 0x00, 0x8b, 0x6b, 0x00, 0x9c,
	0x5c, 0x00, 0x00, 0xda, 0x33, 0x00, 0x5c, 0xc3, 0x00, 0x26, 0xff, 0xff, 0xff, 0xff, 0xff, 0x0c,
	0x5c, 0x9c, 0x00, 0x00, 0x00, 0xda, 0x4e, 0xc3, 0x4e, 0x00, 0x00, 0x00, 0x7a, 0x8b, 0xae, 0xff,
	0xff, 0xda, 0x5c, 0x00, 0xae, 0x33, 0x00, 0x33, 0xff, 0x26, 0xae, 0x33, 0x00, 0x00, 0xae, 0x5c,
	0xae, 0x33, 0x00, 0x33, 0xff, 0x19, 0xae, 0xff, 0xff, 0xff, 0x6b, 0x00, 0xae, 0x33, 0x00, 0x19,
	0xc3, 0x6b, 0xae, 0x33, 0x00, 0x00, 0x6b, 0xae, 0xae, 0x33, 0x00, 0x19, 0xae, 0x8b, 0xae, 0xff,
	0xff, 0xff, 0x8b, 0x0c, 0x00, 0x00, 0x7a, 0xff, 0xff, 0x9c, 0x19, 0x00, 0x7a, 0xc3, 0x19, 0x00,
	0x5c, 0x0c, 0x0c, 0xff, 0x19, 0x00, 0x00, 0x00, 0x00, 0x33, 0xff, 0x00, 0x00, 0x00, 0x00, 0x00,
	0x33, 0xff, 0x00, 0x00, 0x00, 0x00, 0x00, 0x33, 0xff, 0x00, 0x00, 0x00, 0x00, 0x00, 0x0c, 0xff,
	0x19, 0x00, 0x00, 0x00, 0x00, 0x00, 0x7a, 0xc3, 0x19, 0x00, 0x5c, 0x19, 0x00, 0x00, 0x7a, 0xff,
	0xff, 0x9c, 0x19, 0xae, 0xff, 0xff, 0xc3, 0x40, 0x00, 0xae, 0x33, 0x00, 0x33, 0xff, 0x40, 0xae,
	0x33, 0x00, 0x00, 0x4e, 0xc3, 0xae, 0x33, 0x00, 0x00, 0x33, 0xff, 0xae, 0x33, 0x00, 0x00, 0x33,
	0xff, 0xae, 0x33, 0x00, 0x00, 0x33, 0xff, 0xae, 0x33, 0x00, 0x00, 0x5c, 0xc3, 0xae, 0x33, 0x00,
	0x33, 0xff, 0x40, 0xae, 0xff, 0xff, 0xc3, 0x40, 0x00, 0xae, 0xff, 0xff, 0xff, 0x8b, 0xae, 0x33,
	0x00, 0x00, 0x00, 0xae, 0x33, 0x00, 0x00, 0x00, 0xae, 0x33, 0x00, 0x00, 0x00, 0xae, 0xff, 0xff,
	0xff, 0x33, 0xae, 0x33, 0x00, 0x00, 0x00, 0xae, 0x33, 0x00, 0x00, 0x00, 0xae, 0x33, 0x00, 0x00,
	0x00, 0xae, 0xff, 0xff, 0xff, 0xae, 0xae, 0xff, 0xff, 0xff, 0x6b, 0xae, 0x33, 0x00, 0x00, 0x00,
	0xae, 0x33, 0x00, 0x00, 0x00, 0xae, 0x33, 0x00, 0x00, 0x00, 0xae, 0xff, 0xff, 0xff, 0x00, 0xae,
	0x33, 0x00, 0x00, 0x00, 0xae, 0x33, 0x00, 0x00, 0x00, 0xae, 0x33, 0x00, 0x00, 0x00, 0xae, 0x33,
	0x00, 0x00, 0x00, 0x00, 0x00, 0x6b, 0xff, 0xff, 0xc3, 0x33, 0x00, 0x6b, 0xc3, 0x19, 0x00, 0x4e,
	0x33, 0x0c, 0xff, 0x33, 0x00, 0x00, 0x00, 0x00, 0x33, 0xff, 0x00, 0x00, 0x00, 0x00, 0x00, 0x33,
	0xff, 0x00, 0x00, 0xc3, 0xff, 0xae, 0x33, 0xff, 0x00, 0x00, 0x00, 0x33, 0xae, 0x19, 0xff, 0x19,
	0x00, 0x00, 0x33, 0xae, 0x00, 0x8b, 0xae, 0x0c, 0x00, 0x5c, 0xae, 0x00, 0x0c, 0x8b, 0xff, 0xff,
	0xc3, 0x40, 0xae, 0x33, 0x00, 0x00, 0x33, 0xff, 0xae, 0x33, 0x00, 0x00, 0x33, 0xff, 0xae, 0x33,
	0x00, 0x00, 0x33, 0xff, 0xae, 0x33, 0x00, 0x00, 0x33, 0xff, 0xae, 0xff, 0xff, 0xff, 0xff, 0xff,
	0xae, 0x33, 0x00, 0x00, 0x33, 0xff, 0xae, 0x33, 0x00, 0x00, 0x33, 0xff, 0xae, 0x33, 0x00, 0x00,
	0x33, 0xff, 0xae, 0x33, 0x00, 0x00, 0x33, 0xff, 0xae, 0x33, 0xae, 0x33, 0xae, 0x33, 0xae, 0x33,
	0xae, 0x33, 0xae, 0x33, 0xae, 0x33, 0xae, 0x33, 0xae, 0x33, 0x00, 0xae, 0x6b, 0x00, 0xae, 0x6b,
	0x00, 0xae, 0x6b, 0x00, 0xae, 0x6b, 0x00, 0xae, 0x6b, 0x00, 0xae, 0x6b, 0x00, 0xae, 0x6b, 0x00,
	0xae, 0x6b, 0x00, 0xae, 0x5c, 0x5c, 0xff, 0x19, 0x5c, 0x19, 0x00, 0xae, 0x33, 0x00, 0x00, 0xc3,
	0x5c, 0xae, 0x33, 0x00, 0x7a, 0x9c, 0x00, 0xae, 0x33, 0x40, 0xda, 0x0c, 0x00, 0xae, 0x4e, 0xff,
	0x26, 0x00, 0x00, 0xae, 0x8b, 0xff, 0x0c, 0x00, 0x00, 0xae, 0x33, 0xae, 0x9c, 0x00, 0x00, 0xae,
	0x33, 0x19, 0xff, 0x40, 0x00, 0xae, 0x33, 0x00, 0x40, 0xff, 0x0c, 0xae, 0x33, 0x00, 0x00, 0x9c,
	0xae, 0xae, 0x33, 0x00, 0x00, 0x00, 0xae, 0x33, 0x00, 0x00, 0x00, 0xae, 0x33, 0x00, 0x00, 0x00,
	0xae, 0x33, 0x00, 0x00, 0x00, 0xae, 0x33, 0x00, 0x00, 0x00, 0xae, 0x33, 0x00, 0x00, 0x00, 0xae,
	0x33, 0x00, 0x00, 0x00, 0xae, 0x33, 0x00, 0x00, 0x00, 0xae, 0xff, 0xff, 0xff, 0xae, 0x00, 0x7a,
	0xff, 0x19, 0x00, 0x00, 0xae, 0xff, 0x00, 0x00, 0xae, 0xff, 0x4e, 0x00, 0x00, 0xff, 0xff, 0x00,
	0x00, 0xae, 0x9c, 0x8b, 0x00, 0x33, 0x9c, 0xff, 0x0c, 0x00, 0xae, 0x4e, 0xda, 0x00, 0x6b, 0x5c,
	0xff, 0x33, 0x00, 0xff, 0x19, 0xda, 0x19, 0xae, 0x19, 0xae, 0x33, 0x00, 0xff, 0x00, 0x7a, 0x5c,
	0xda, 0x00, 0xae, 0x33, 0x00, 0xff, 0x00, 0x40, 0xff, 0x8b, 0x00, 0xae, 0x5c, 0x26, 0xff, 0x00,
	0x00, 0xff, 0x40, 0x00, 0x8b, 0x6b, 0x33, 0xc3, 0x00, 0x00, 0x00, 0x00, 0x00, 0x6b, 0x6b, 0xae,
	0xda, 0x00, 0x00, 0x00, 0xff, 0xae, 0xff, 0x4e, 0x00, 0x00, 0xff, 0xae, 0x8b, 0xc3, 0x00, 0x00,
	0xff, 0xae, 0x40, 0xff, 0x33, 0x00, 0xff, 0xae, 0x33, 0x6b, 0x8b, 0x00, 0xff, 0xae, 0x33, 0x19,
	0xff, 0x19, 0xff, 0xae, 0x33, 0x00, 0x8b, 0x7a, 0xff, 0xae, 0x33, 0x00, 0x26, 0xff, 0xff, 0xae,
	0x33, 0x00, 0x00, 0xae, 0xff, 0x00, 0x00, 0x7a, 0xff, 0xff, 0x9c, 0x26, 0x00, 0x00, 0x7a, 0xc3,
	0x19, 0x00, 0x6b, 0xda, 0x00, 0x0c, 0xff, 0x19, 0x00, 0x00, 0x00, 0xda, 0x4e, 0x33, 0xff, 0x00,
	0x00, 0x00, 0x00, 0x8b, 0x6b, 0x33, 0xff, 0x00, 0x00, 0x00, 0x00, 0x6b, 0xae, 0x33, 0xff, 0x00,
	0x00, 0x00, 0x00, 0x8b, 0x6b, 0x0c, 0xff, 0x19, 0x00, 0x00, 0x00, 0xda, 0x4e, 0x00, 0x7a, 0xc3,
	0x19, 0x00, 0x6b, 0xda, 0x00, 0x00, 0x0c, 0x7a, 0xff, 0xff, 0x9c, 0x19, 0x00, 0xae, 0xff, 0xff,
	0xda, 0x5c, 0x00, 0xae, 0x33, 0x00, 0x33, 0xff, 0x33, 0xae, 0x33, 0x00, 0x00, 0xae, 0x6b, 0xae,
	0x33, 0x00, 0x00, 0xae, 0x6b, 0xae, 0x33, 0x00, 0x33, 0xff, 0x33, 0xae, 0xff, 0xff, 0xda, 0x4e,
	0x00, 0xae, 0x33, 0x00, 0x00, 0x00, 0x00, 0xae, 0x33, 0x00, 0x00, 0x00, 0x00, 0xae, 0x33, 0x00,
	0x00, 0x00, 0x00, 0x00, 0x00, 0x7a, 0xff, 0xff, 0x9c, 0x26, 0x00, 0x00, 0x7a, 0xc3, 0x19, 0x00,
	0x6b, 0xda, 0x00, 0x0c, 0xff, 0x19, 0x00, 0x00, 0x00, 0xda, 0x4e, 0x33, 0xff, 0x00, 0x00, 0x00,
	0x00, 0x8b, 0x6b, 0x33, 0xff, 0x00, 0x00, 0x00, 0x00, 0x6b, 0xae, 0x33, 0xff, 0x00, 0x00, 0x00,
	0x00, 0x8b, 0x6b, 0x0c, 0xff, 0x19, 0x00, 0x00, 0x00, 0xda, 0x4e, 0x00, 0x7a, 0xc3, 0x19, 0x00,
	0x6b, 0xc3, 0x00, 0x00, 0x0c, 0x7a, 0xff, 0xff, 0xff, 0x7a, 0x19, 0x00, 0x00, 0x00, 0x00, 0x00,
	0x19, 0x9c, 0xae, 0x00, 0x00, 0x00, 0x00, 0x00, 0x00, 0x00, 0x0c, 0xae, 0xff, 0xff, 0xda, 0x6b,
	0x00, 0xae, 0x33, 0x00, 0x19, 0xff, 0x4e, 0xae, 0x33, 0x00, 0x00, 0xae, 0x6b, 0xae, 0x33, 0x00,
	0x26, 0xff, 0x33, 0xae, 0xff, 0xff, 0xff, 0x4e, 0x00, 0xae, 0x33, 0x19, 0xff, 0x19, 0x00, 0xae,
	0x33, 0x00, 0x8b, 0x8b, 0x00, 0xae, 0x33, 0x00, 0x19, 0xff, 0x19, 0xae, 0x33, 0x00, 0x00, 0x8b,
	0xae, 0x00, 0x5c, 0xff, 0xff, 0xc3, 0x33, 0x26, 0xff, 0x26, 0x00, 0x4e, 0x4e, 0x33, 0xc3, 0x00,
	0x00, 0x00, 0x00, 0x0c, 0xff, 0x9c, 0x26, 0x00, 0x00, 0x00, 0x0c, 0x7a, 0xff, 0xda, 0x26, 0x00,
	0x00, 0x00, 0x00, 0x6b, 0xda, 0x00, 0x00, 0x00, 0x00, 0x33, 0xff, 0x4e, 0x5c, 0x0c, 0x0c, 0x8b,
	0xda, 0x19, 0x9c, 0xff, 0xff, 0xae, 0x26, 0xae, 0xff, 0xff, 0xff, 0xff, 0xff, 0x00, 0x00, 0x6b,
	0xae, 0x00, 0x00, 0x00, 0x00, 0x6b, 0xae, 0x00, 0x00, 0x00, 0x00, 0x6b, 0xae, 0x00, 0x00, 0x00,
	0x00, 0x6b, 0xae, 0x00, 0x00, 0x00, 0x00, 0x6b, 0xae, 0x00, 0x00, 0x00, 0x00, 0x6b, 0xae, 0x00,
	0x00, 0x00, 0x00, 0x6b, 0xae, 0x00, 0x00, 0x00, 0x00, 0x6b, 0xae, 0x00, 0x00, 0xff, 0x33, 0x00,
	0x00, 0x33, 0xae, 0xff, 0x33, 0x00, 0x00, 0x33, 0xae, 0xff, 0x33, 0x00, 0x00, 0x33, 0xae, 0xff,
	0x33, 0x00, 0x00, 0x33, 0xae, 0xff, 0x33, 0x00, 0x00, 0x33, 0xae, 0xff, 0x33, 0x00, 0x00, 0x33,
	0xae, 0xff, 0x33, 0x00, 0x00, 0x40, 0xae, 0x8b, 0x9c, 0x0c, 0x0c, 0xae, 0x6b, 0x0c, 0x9c, 0xff,
	0xff, 0x8b, 0x0c, 0xc3, 0x5c, 0x00, 0x00, 0x00, 0x9c, 0x5c, 0x5c, 0x9c, 0x00, 0x00, 0x00, 0xff,
	0x19, 0x26, 0xff, 0x00, 0x00, 0x26, 0xda, 0x00, 0x00, 0xda, 0x33, 0x00, 0x6b, 0x7a, 0x00, 0x00,
	0x8b, 0x6b, 0x00, 0xae, 0x40, 0x00, 0x00, 0x40, 0xc3, 0x0c, 0xff, 0x00, 0x00, 0x00, 0x00, 0xff,
	0x4e, 0x9c, 0x00, 0x00, 0x00, 0x00, 0x9c, 0xc3, 0x4e, 0x00, 0x00, 0x00, 0x00, 0x5c, 0xff, 0x19,
	0x00, 0x00, 0x8b, 0x6b, 0x00, 0x00, 0xae, 0x9c, 0x00, 0x00, 0x6b, 0x6b, 0x5c, 0x9c, 0x00, 0x00,
	0xff, 0xda, 0x00, 0x00, 0xae, 0x40, 0x33, 0xc3, 0x00, 0x26, 0xae, 0xda, 0x0c, 0x00, 0xda, 0x19,
	0x00, 0xff, 0x00, 0x4e, 0x6b, 0x9c, 0x33, 0x00, 0xff, 0x00, 0x00, 0xda, 0x26, 0x7a, 0x40, 0x6b,
	0x6b, 0x33, 0xae, 0x00, 0x00, 0x9c, 0x40, 0xae, 0x19, 0x33, 0x9c, 0x4e, 0x7a, 0x00, 0x00, 0x6b,
	0x6b, 0xff, 0x00, 0x00, 0xda, 0x7a, 0x5c, 0x00, 0x00, 0x33, 0xda, 0xae, 0x00, 0x00, 0xc3, 0xda,
	0x33, 0x00, 0x00, 0x19, 0xff, 0x6b, 0x00, 0x00, 0x8b, 0xff, 0x00, 0x00, 0x6b, 0xda, 0x00, 0x00,
	0x4e, 0xda, 0x0c, 0x00, 0xda, 0x33, 0x00, 0xda, 0x4e, 0x00, 0x00, 0x4e, 0xae, 0x40, 0xae, 0x00,
	0x00, 0x00, 0x00, 0xda, 0xda, 0x33, 0x00, 0x00, 0x00, 0x00, 0x8b, 0xff, 0x19, 0x00, 0x00, 0x00,
	0x19, 0xff, 0x8b, 0x8b, 0x00, 0x00, 0x00, 0x8b, 0x6b, 0x19, 0xff, 0x19, 0x00, 0x19, 0xff, 0x0c,
	0x00, 0x8b, 0x8b, 0x00, 0x9c, 0x6b, 0x00, 0x00, 0x19, 0xff, 0x26, 0xae, 0x6b, 0x00, 0x00, 0x00,
	0xda, 0x40, 0x33, 0xff, 0x0c, 0x00, 0x40, 0xda, 0x00, 0x00, 0xae, 0x5c, 0x00, 0xae, 0x4e, 0x00,
	0x00, 0x33, 0xda, 0x33, 0xda, 0x00, 0x00, 0x00, 0x00, 0xae, 0xda, 0x4e, 0x00, 0x00, 0x00, 0x00,
	0x4e, 0xff, 0x00, 0x00, 0x00, 0x00, 0x00, 0x33, 0xff, 0x00, 0x00, 0x00, 0x00, 0x00, 0x33, 0xff,
	0x00, 0x00, 0x00, 0x00, 0x00, 0x33, 0xff, 0x00, 0x00, 0x00, 0x33, 0xff, 0xff, 0xff, 0xff, 0xae,
	0x00, 0x00, 0x00, 0x00, 0xc3, 0x5c, 0x00, 0x00, 0x00, 0x4e, 0xc3, 0x00, 0x00, 0x00, 0x0c, 0xff,
	0x33, 0x00, 0x00, 0x00, 0x7a, 0x9c, 0x00, 0x00, 0x00, 0x19, 0xff, 0x19, 0x00, 0x00, 0x00, 0xae,
	0x6b, 0x00, 0x00, 0x00, 0x40, 0xda, 0x0c, 0x00, 0x00, 0x00, 0xae, 0xff, 0xff, 0xff, 0xff, 0x9c,
	0x33, 0xff, 0xff, 0x33, 0x33, 0xae, 0x00, 0x00, 0x33, 0xae, 0x00, 0x00, 0x33, 0xae, 0x00, 0x00,
	0x33, 0xae, 0x00, 0x00, 0x33, 0xae, 0x00, 0x00, 0x33, 0xae, 0x00, 0x00, 0x33, 0xae, 0x00, 0x00,
	0x33, 0xae, 0x00, 0x00, 0x33, 0xae, 0x00, 0x00, 0x33, 0xae, 0x00, 0x00, 0x33, 0xff, 0xff, 0x33,
	0x33, 0x19, 0x00, 0x00, 0x7a, 0x5c, 0x00, 0x00, 0x40, 0x9c, 0x00, 0x00, 0x0c, 0xff, 0x00, 0x00,
	0x00, 0xc3, 0x26, 0x00, 0x00, 0x8b, 0x4e, 0x00, 0x00, 0x4e, 0x8b, 0x00, 0x00, 0x19, 0xda, 0x00,
	0x00, 0x00, 0xda, 0x19, 0x00, 0x00, 0x8b, 0x4e, 0x00, 0x00, 0x5c, 0x8b, 0x00, 0x00, 0x26, 0xc3,
	0x00, 0x00, 0x00, 0x26, 0x6b, 0xff, 0xff, 0x00, 0x00, 0xff, 0x00, 0x00, 0xff, 0x00, 0x00, 0xff,
	0x00, 0x00, 0xff, 0x00, 0x00, 0xff, 0x00, 0x00, 0xff, 0x00, 0x00, 0xff, 0x00, 0x00, 0xff, 0x00,
	0x00, 0xff, 0x00, 0x00, 0xff, 0x6b, 0xff, 0xff, 0x00, 0x00, 0x6b, 0xff, 0x0c, 0x00, 0x00, 0x19,
	0xff, 0x7a, 0x7a, 0x00, 0x00, 0x9c, 0x6b, 0x0c, 0xff, 0x19, 0x33, 0xda, 0x00, 0x00, 0x5c, 0xae,
	0xae, 0xff, 0xff, 0xff, 0xff, 0xff, 0x19, 0x0c, 0x00, 0x00, 0x5c, 0xff, 0x4e, 0x00, 0x00, 0x19,
	0x7a, 0x0c, 0x00, 0x9c, 0xff, 0xff, 0x8b, 0x00, 0x00, 0x33, 0x00, 0x0c, 0xda, 0x40, 0x00, 0x00,
	0x00, 0x00, 0xae, 0x6b, 0x00, 0x7a, 0xff, 0xff, 0xff, 0x6b, 0x4e, 0xda, 0x19, 0x00, 0xae, 0x6b,
	0x5c, 0xc3, 0x0c, 0x19, 0xda, 0x6b, 0x0c, 0xae, 0xff, 0xae, 0x4e, 0xae, 0x7a, 0x26, 0x00, 0x00,
	0x00, 0x00, 0xae, 0x33, 0x00, 0x00, 0x00, 0x00, 0xae, 0x33, 0x00, 0x00, 0x00, 0x00, 0xae, 0x6b,
	0xff, 0xff, 0x4e, 0x00, 0xae, 0x8b, 0x0c, 0x40, 0xff, 0x0c, 0xae, 0x33, 0x00, 0x00, 0xda, 0x33,
	0xae, 0x33, 0x00, 0x00, 0xae, 0x6b, 0xae, 0x33, 0x00, 0x00, 0xda, 0x33, 0xae, 0x8b, 0x00, 0x4e,
	0xff, 0x0c, 0xae, 0x7a, 0xff, 0xff, 0x4e, 0x00, 0x00, 0x26, 0xda, 0xff, 0xae, 0x26, 0x00, 0xda,
	0x6b, 0x00, 0x33, 0x00, 0x33, 0xff, 0x00, 0x00, 0x00, 0x00, 0x33, 0xff, 0x00, 0x00, 0x00, 0x00,
	0x33, 0xff, 0x00, 0x00, 0x00, 0x00, 0x00, 0xff, 0x5c, 0x00, 0x33, 0x00, 0x00, 0x26, 0xda, 0xff,
	0xc3, 0x26, 0x00, 0x00, 0x00, 0x00, 0x00, 0xae, 0x00, 0x00, 0x00, 0x00, 0x00, 0xff, 0x00, 0x00,
	0x00, 0x00, 0x00, 0xff, 0x00, 0x26, 0xda, 0xff, 0x7a, 0xff, 0x00, 0xda, 0x6b, 0x00, 0x5c, 0xff,
	0x26, 0xff, 0x00, 0x00, 0x00, 0xff, 0x33, 0xff, 0x00, 0x00, 0x00, 0xff, 0x26, 0xff, 0x00, 0x00,
	0x00, 0xff, 0x00, 0xda, 0x5c, 0x00, 0x5c, 0xff, 0x00, 0x33, 0xff, 0xff, 0x4e, 0xff, 0x00, 0x26,
	0xda, 0xff, 0xae, 0x0c, 0x00, 0xda, 0x4e, 0x00, 0x8b, 0x8b, 0x33, 0xff, 0x00, 0x00, 0x33, 0xda,
	0x33, 0xff, 0xff, 0xff, 0xff, 0xff, 0x33, 0xff, 0x00, 0x00, 0x00, 0x00, 0x00, 0xff, 0x6b, 0x00,
	0x19, 0x26, 0x00, 0x26, 0xda, 0xff, 0xc3, 0x33, 0x00, 0x26, 0xda, 0xff, 0x6b, 0x00, 0x9c, 0x6b,
	0x00, 0x19, 0x00, 0xae, 0x33, 0x00, 0x00, 0xff, 0xff, 0xff, 0xc3, 0x00, 0x00, 0xae, 0x33, 0x00,
	0x00, 0x00, 0xae, 0x33, 0x00, 0x00, 0x00, 0xae, 0x33, 0x00, 0x00, 0x00, 0xae, 0x33, 0x00, 0x00,
	0x00, 0xae, 0x33, 0x00, 0x00, 0x00, 0xae, 0x33, 0x00, 0x00, 0x00, 0x00, 0x00, 0x00, 0x19, 0x5c,
	0x00, 0x00, 0x6b, 0xff, 0xff, 0xda, 0xae, 0x0c, 0x26, 0xff, 0x19, 0x0c, 0xda, 0x33, 0x00, 0x6b,
	0xae, 0x00, 0x00, 0xae, 0x6b, 0x00, 0x26, 0xff, 0x19, 0x0c, 0xda, 0x4e, 0x00, 0x00, 0x8b, 0xff,
	0xff, 0x7a, 0x00, 0x00, 0x00, 0xff, 0x0c, 0x00, 0x00, 0x00, 0x00, 0x00, 0x8b, 0xff, 0xff, 0xff,
	0x4e, 0x00, 0x26, 0x0c, 0x00, 0x00, 0x4e, 0xff, 0x00, 0x8b, 0x6b, 0x00, 0x00, 0x5c, 0xda, 0x00,
	0x26, 0xc3, 0xff, 0xff, 0xc3, 0x26, 0x00, 0x6b, 0x26, 0x00, 0x00, 0x00, 0xae, 0x33, 0x00, 0x00,
	0x00, 0xae, 0x33, 0x00, 0x00, 0x00, 0xae, 0x5c, 0xda, 0xff, 0x4e, 0xae, 0xc3, 0x0c, 0x40, 0xff,
	0xae, 0x33, 0x00, 0x33, 0xff, 0xae, 0x33, 0x00, 0x33, 0xff, 0xae, 0x33, 0x00, 0x33, 0xff, 0xae,
	0x33, 0x00, 0x33, 0xff, 0xae, 0x33, 0x00, 0x33, 0xff, 0xda, 0x4e, 0x00, 0x00, 0x00, 0x00, 0xae,
	0x33, 0xae, 0x33, 0xae, 0x33, 0xae, 0x33, 0xae, 0x33, 0xae, 0x33, 0xae, 0x33, 0x00, 0xda, 0x4e,
	0x00, 0x00, 0x00, 0x00, 0x00, 0x00, 0x00, 0xff, 0x33, 0x00, 0xff, 0x33, 0x00, 0xff, 0x33, 0x00,
	0xff, 0x33, 0x00, 0xff, 0x33, 0x00, 0xff, 0x33, 0x00, 0xff, 0x33, 0x00, 0xff, 0x19, 0x9c, 0x8b,
	0x00, 0x4e, 0x00, 0x00, 0x7a, 0x33, 0x00, 0x00, 0x00, 0x00, 0xae, 0x33, 0x00, 0x00, 0x00, 0x00,
	0xae, 0x33, 0x00, 0x00, 0x00, 0x00, 0xae, 0x33, 0x00, 0xae, 0x7a, 0x00, 0xae, 0x33, 0x5c, 0xae,
	0x00, 0x00, 0xae, 0x5c, 0xff, 0x0c, 0x00, 0x00, 0xae, 0xae, 0xc3, 0x00, 0x00, 0x00, 0xae, 0x33,
	0xc3, 0x6b, 0x00, 0x00, 0xae, 0x33, 0x26, 0xff, 0x26, 0x00, 0xae, 0x33, 0x00, 0x6b, 0xc3, 0x0c,
	0xae, 0x33, 0x00, 0xff, 0x33, 0x00, 0xff, 0x33, 0x00, 0xff, 0x33, 0x00, 0xff, 0x33, 0x00, 0xff,
	0x33, 0x00, 0xff, 0x33, 0x00, 0xff, 0x33, 0x00, 0xff, 0x33, 0x00, 0x7a, 0xff, 0x19, 0xae, 0x40,
	0xff, 0xff, 0x26, 0x9c, 0xff, 0x8b, 0x00, 0xae, 0xae, 0x0c, 0x7a, 0xff, 0x33, 0x0c, 0xff, 0x26,
	0xae, 0x33, 0x00, 0x6b, 0xae, 0x00, 0x00, 0xff, 0x33, 0xae, 0x33, 0x00, 0x6b, 0xae, 0x00, 0x00,
	0xff, 0x33, 0xae, 0x33, 0x00, 0x6b, 0xae, 0x00, 0x00, 0xff, 0x33, 0xae, 0x33, 0x00, 0x6b, 0xae,
	0x00, 0x00, 0xff, 0x33, 0xae, 0x33, 0x00, 0x6b, 0xae, 0x00, 0x00, 0xff, 0x33, 0xae, 0x40, 0xda,
	0xff, 0x4e, 0xae, 0xc3, 0x0c, 0x40, 0xff, 0xae, 0x33, 0x00, 0x33, 0xff, 0xae, 0x33, 0x00, 0x33,
	0xff, 0xae, 0x33, 0x00, 0x33, 0xff, 0xae, 0x33, 0x00, 0x33, 0xff, 0xae, 0x33, 0x00, 0x33, 0xff,
	0x00, 0x26, 0xc3, 0xff, 0xda, 0x26, 0x00, 0x00, 0xda, 0x5c, 0x00, 0x5c, 0xda, 0x00, 0x33, 0xff,
	0x00, 0x00, 0x00, 0xff, 0x33, 0x33, 0xff, 0x00, 0x00, 0x00, 0xae, 0x33, 0x33, 0xff, 0x00, 0x00,
	0x00, 0xff, 0x33, 0x00, 0xda, 0x5c, 0x00, 0x5c, 0xda, 0x00, 0x00, 0x26, 0xda, 0xff, 0xc3, 0x26,
	0x00, 0xae, 0x4e, 0xda, 0xff, 0x4e, 0x00, 0xae, 0x9c, 0x0c, 0x40, 0xff, 0x19, 0xae, 0x33, 0x00,
	0x00, 0xda, 0x33, 0xae, 0x33, 0x00, 0x00, 0xae, 0x6b, 0xae, 0x33, 0x00, 0x00, 0xda, 0x33, 0xae,
	0x7a, 0x00, 0x4e, 0xff, 0x0c, 0xae, 0x8b, 0xff, 0xff, 0x4e, 0x00, 0xae, 0x33, 0x00, 0x00, 0x00,
	0x00, 0xae, 0x33, 0x00, 0x00, 0x00, 0x00, 0x5c, 0x19, 0x00, 0x00, 0x00, 0x00, 0x00, 0x26, 0xda,
	0xff, 0x4e, 0xff, 0x00, 0xff, 0x5c, 0x00, 0x6b, 0xff, 0x33, 0xff, 0x00, 0x00, 0x33, 0xff, 0x33,
	0xff, 0x00, 0x00, 0x33, 0xff, 0x33, 0xff, 0x00, 0x00, 0x33, 0xff, 0x00, 0xff, 0x4e, 0x00, 0x8b,
	0xff, 0x00, 0x4e, 0xff, 0xff, 0x8b, 0xff, 0x00, 0x00, 0x00, 0x00, 0x33, 0xff, 0x00, 0x00, 0x00,
	0x00, 0x33, 0xff, 0x00, 0x00, 0x00, 0x00, 0x19, 0x7a, 0xae, 0x4e, 0xff, 0x5c, 0xae, 0xc3, 0x0c,
	0x0c, 0xae, 0x4e, 0x00, 0x00, 0xae, 0x33, 0x00, 0x00, 0xae, 0x33, 0x00, 0x00, 0xae, 0x33, 0x00,
	0x00, 0xae, 0x33, 0x00, 0x00, 0x00, 0x8b, 0xff, 0xff, 0x7a, 0x00, 0x4e, 0xda, 0x0c, 0x0c, 0x4e,
	0x00, 0x33, 0xff, 0x33, 0x00, 0x00, 0x00, 0x00, 0x40, 0xae, 0xff, 0x4e, 0x00, 0x00, 0x00, 0x00,
	0x26, 0xff, 0x19, 0x33, 0x33, 0x00, 0x26, 0xff, 0x19, 0x33, 0xc3, 0xff, 0xff, 0x4e, 0x00, 0x00,
	0x5c, 0x26, 0x00, 0x00, 0x00, 0xae, 0x33, 0x00, 0x00, 0xff, 0xff, 0xff, 0xae, 0x00, 0x00, 0xae,
	0x33, 0x00, 0x00, 0x00, 0xae, 0x33, 0x00, 0x00, 0x00, 0xae, 0x33, 0x00, 0x00, 0x00, 0xae, 0x33,
	0x00, 0x00, 0x00, 0xae, 0x4e, 0x19, 0x00, 0x00, 0x40, 0xff, 0xff, 0x19, 0xff, 0x33, 0x00, 0x33,
	0xae, 0xff, 0x33, 0x00, 0x33, 0xae, 0xff, 0x33, 0x00, 0x33, 0xae, 0xff, 0x33, 0x00, 0x33, 0xae,
	0xff, 0x33, 0x00, 0x33, 0xae, 0xda, 0x40, 0x0c, 0xc3, 0xae, 0x4e, 0xff, 0xda, 0x4e, 0xae, 0xae,
	0x5c, 0x00, 0x00, 0x6b, 0x8b, 0x4e, 0xae, 0x00, 0x00, 0xc3, 0x40, 0x19, 0xff, 0x00, 0x0c, 0xff,
	0x0c, 0x00, 0xc3, 0x40, 0x4e, 0x9c, 0x00, 0x00, 0x5c, 0x7a, 0x8b, 0x4e, 0x00, 0x00, 0x26, 0xda,
	0xff, 0x19, 0x00, 0x00, 0x00, 0xda, 0xc3, 0x00, 0x00, 0x9c, 0x5c, 0x00, 0x4e, 0xff, 0x0c, 0x00,
	0xae, 0x33, 0x5c, 0x8b, 0x00, 0x7a, 0xda, 0x33, 0x00, 0xff, 0x0c, 0x33, 0xc3, 0x00, 0xae, 0x5c,
	0x6b, 0x26, 0xc3, 0x00, 0x00, 0xff, 0x00, 0xda, 0x33, 0x8b, 0x40, 0x8b, 0x00, 0x00, 0xc3, 0x4e,
	0x9c, 0x00, 0xc3, 0x6b, 0x5c, 0x00, 0x00, 0x8b, 0xae, 0x6b, 0x00, 0xda, 0xae, 0x33, 0x00, 0x00,
	0x4e, 0xff, 0x33, 0x00, 0x9c, 0xff, 0x00, 0x00, 0x5c, 0xda, 0x00, 0x0c, 0xff, 0x33, 0x00, 0xc3,
	0x4e, 0x6b, 0x8b, 0x00, 0x00, 0x33, 0xda, 0xda, 0x0c, 0x00, 0x00, 0x00, 0xda, 0xae, 0x00, 0x00,
	0x00, 0x5c, 0x8b, 0xda, 0x33, 0x00, 0x0c, 0xff, 0x19, 0x4e, 0xda, 0x00, 0x9c, 0x8b, 0x00, 0x00,
	0xda, 0x6b, 0xae, 0x5c, 0x00, 0x00, 0x6b, 0x8b, 0x5c, 0x9c, 0x00, 0x00, 0xae, 0x40, 0x19, 0xff,
	0x00, 0x0c, 0xff, 0x0c, 0x00, 0xc3, 0x33, 0x40, 0x9c, 0x00, 0x00, 0x6b, 0x7a, 0x7a, 0x5c, 0x00,
	0x00, 0x26, 0xc3, 0xda, 0x19, 0x00, 0x00, 0x00, 0xda, 0xc3, 0x00, 0x00, 0x00, 0x00, 0x8b, 0x6b,
	0x00, 0x00, 0x19, 0x6b, 0xff, 0x0c, 0x00, 0x00, 0x26, 0x8b, 0x19, 0x00, 0x00, 0x00, 0x6b, 0xff,
	0xff, 0xff, 0xae, 0x00, 0x00, 0x00, 0xae, 0x6b, 0x00, 0x00, 0x4e, 0xc3, 0x00, 0x00, 0x0c, 0xff,
	0x26, 0x00, 0x00, 0x9c, 0x6b, 0x00, 0x00, 0x40, 0xda, 0x00, 0x00, 0x00, 0xae, 0xff, 0xff, 0xff,
	0xc3, 0x00, 0x4e, 0xff, 0x33, 0x00, 0xae, 0x40, 0x00, 0x00, 0xae, 0x33, 0x00, 0x00, 0xae, 0x33,
	0x00, 0x00, 0xae, 0x33, 0x00, 0x0c, 0xff, 0x26, 0x00, 0xae, 0xae, 0x00, 0x00, 0x0c, 0xff, 0x26,
	0x00, 0x00, 0xae, 0x33, 0x00, 0x00, 0xae, 0x33, 0x00, 0x00, 0xae, 0x33, 0x00, 0x00, 0xae, 0x40,
	0x00, 0x00, 0x4e, 0xff, 0x33, 0xff, 0xff, 0xff, 0xff, 0xff, 0xff, 0xff, 0xff, 0xff, 0xff, 0xff,
	0xff, 0x6b, 0xda, 0x26, 0x00, 0x00, 0x5c, 0x9c, 0x00, 0x00, 0x33, 0xae, 0x00, 0x00, 0x33, 0xae,
	0x00, 0x00, 0x33, 0xae, 0x00, 0x00, 0x33, 0xc3, 0x00, 0x00, 0x00, 0xda, 0x6b, 0x00, 0x33, 0xc3,
	0x00, 0x00, 0x33, 0xae, 0x00, 0x00, 0x33, 0xae, 0x00, 0x00, 0x33, 0xae, 0x00, 0x00, 0x5c, 0x9c,
	0x00, 0x6b, 0xda, 0x26, 0x00, 0x19, 0xda, 0xda, 0x26, 0x4e, 0x26, 0x40, 0x33, 0x4e, 0xff, 0xc3,
	0x0c, 0x40, 0xff, 0xff, 0x00, 0x33, 0xff, 0xff, 0x00, 0x33, 0xff, 0xff, 0x00, 0x33, 0xff, 0xff,
	0x00, 0x33, 0xff, 0xff, 0x00, 0x33, 0xff, 0xff, 0x00, 0x33, 0xff, 0xff, 0x00, 0x33, 0xff, 0xff,
	0x00, 0x33, 0xff, 0xff, 0x00, 0x33, 0xff, 0xda, 0x00, 0x0c, 0xff, 0xae, 0x00, 0x00, 0x00, 0x00,
	0x00, 0x00, 0x00, 0x00, 0x00, 0x00, 0x00, 0x00, 0x00, 0x4e, 0xff, 0xda, 0x26, 0xae, 0xff, 0xff,
	0x6b, 0x4e, 0xff, 0xda, 0x26, 0x6b, 0xff, 0xae, 0x00, 0x33, 0xff, 0xff, 0x0c, 0x6b, 0xff, 0xae,
	0x00, 0x33, 0xff, 0xff, 0x00, 0x6b, 0xff, 0xae, 0x00, 0x00, 0xff, 0xff, 0x00, 0x40, 0xff, 0x7a,
	0x00, 0x00, 0xff, 0xff, 0x00, 0x33, 0xff, 0x6b, 0x00, 0x00, 0xff, 0xc3, 0x00, 0x33, 0xff, 0x6b,
	0x00, 0x00, 0xff, 0xae, 0x00, 0x00, 0x00, 0x00, 0x6b, 0xff, 0x40, 0x00, 0x00, 0x00, 0xff, 0xda,
	0x00, 0x00, 0x00, 0x00, 0xae, 0xff, 0x33, 0x00, 0x00, 0x0c, 0xff, 0xae, 0x00, 0x00, 0x00, 0x00,
	0xae, 0xff, 0x00, 0x00, 0x00, 0x33, 0xff, 0x9c, 0x00, 0x00, 0x00, 0x00, 0xff, 0xff, 0x00, 0x00,
	0x00, 0x40, 0xff, 0x6b, 0x00, 0x00, 0xae, 0xff, 0xff, 0xff, 0xff, 0xff, 0xff, 0xff, 0xff, 0xff,
	0xff, 0x00, 0xae, 0xff, 0xff, 0xff, 0xff, 0xff, 0xff, 0xff, 0xff, 0xff, 0xff, 0x00, 0x00, 0x33,
	0xff, 0x8b, 0x00, 0x00, 0x00, 0xae, 0xff, 0x33, 0x00, 0x00, 0x00, 0x4e, 0xff, 0x6b, 0x00, 0x00,
	0x00, 0xc3, 0xff, 0x00, 0x00, 0x00, 0x00, 0x6b, 0xff, 0x40, 0x00, 0x00, 0x00, 0xff, 0xff, 0x00,
	0x00, 0x00, 0x00, 0x9c, 0xff, 0x33, 0x00, 0x00, 0x0c, 0xff, 0xae, 0x00, 0x00, 0x00, 0x00, 0xae,
	0xff, 0x0c, 0x00, 0x00, 0x33, 0xff, 0x9c, 0x00, 0x00, 0xae, 0xff, 0xff, 0xff, 0xff, 0xff, 0xff,
	0xff, 0xff, 0xff, 0xff, 0x33, 0xae, 0xff, 0xff, 0xff, 0xff, 0xff, 0xff, 0xff, 0xff, 0xff, 0xff,
	0x33, 0x00, 0x33, 0xff, 0xae, 0x00, 0x00, 0x00, 0x7a, 0xff, 0x33, 0x00, 0x00, 0x00, 0x33, 0xff,
	0x7a, 0x00, 0x00, 0x00, 0xae, 0xff, 0x26, 0x00, 0x00, 0x00, 0x6b, 0xff, 0x6b, 0x00, 0x00, 0x00,
	0xc3, 0xff, 0x00, 0x00, 0x00, 0x00, 0x6b, 0xff, 0x40, 0x00, 0x00, 0x00, 0xff, 0xff, 0x00, 0x00,
	0x00, 0x00, 0x00, 0x00, 0x00, 0x00, 0x6b, 0xff, 0x6b, 0x00, 0x00, 0x00, 0x00, 0x00, 0x00, 0x00,
	0x00, 0x00, 0x6b, 0xff, 0x6b, 0x00, 0x00, 0x00, 0x00, 0x00, 0x00, 0x00, 0x00, 0x00, 0x6b, 0xff,
	0x6b, 0x00, 0x00, 0x00, 0x00, 0x00, 0x00, 0x00, 0x19, 0x5c, 0xc3, 0xff, 0xc3, 0x5c, 0x19, 0x00,
	0x00, 0x00, 0x00, 0x4e, 0xff, 0xff, 0xff, 0xff, 0xff, 0xff, 0xff, 0x5c, 0x00, 0x00, 0x33, 0xff,
	0xff, 0x6b, 0x0c, 0x00, 0x19, 0x6b, 0xff, 0xff, 0x19, 0x00, 0x8b, 0xff, 0x8b, 0x00, 0x00, 0x00,
	0x00, 0x00, 0x26, 0x26, 0x00, 0x00, 0xae, 0xff, 0x6b, 0x00, 0x00, 0x00, 0x00, 0x00, 0x00, 0x00,
	0x00, 0x00, 0x8b, 0xff, 0xda, 0x00, 0x00, 0x00, 0x00, 0x00, 0x00, 0x00, 0x00, 0x00, 0x33, 0xff,
	0xff, 0xc3, 0x40, 0x00, 0x00, 0x00, 0x00, 0x00, 0x00, 0x00, 0x00, 0x4e, 0xff, 0xff, 0xff, 0xda,
	0x7a, 0x26, 0x00, 0x00, 0x00, 0x00, 0x00, 0x00, 0x0c, 0x6b, 0xda, 0xff, 0xff, 0xff, 0xae, 0x0c,
	0x00, 0x00, 0x00, 0x00, 0x00, 0x00, 0x00, 0x26, 0x8b, 0xff, 0xff, 0xda, 0x0c, 0x00, 0x00, 0x00,
	0x00, 0x00, 0x00, 0x00, 0x00, 0x26, 0xff, 0xff, 0x5c, 0x00, 0x00, 0x00, 0x00, 0x00, 0x00, 0x00,
	0x00, 0x00, 0x7a, 0xff, 0xae, 0x00, 0x00, 0x00, 0x00, 0x00, 0x00, 0x00, 0x00, 0x00, 0x6b, 0xff,
	0xae, 0x00, 0x33, 0x26, 0x00, 0x00, 0x00, 0x00, 0x00, 0x00, 0xda, 0xff, 0x8b, 0x26, 0xff, 0xff,
	0x7a, 0x26, 0x00, 0x00, 0x26, 0xae, 0xff, 0xff, 0x33, 0x00, 0x8b, 0xff, 0xff, 0xff, 0xff, 0xff,
	0xff, 0xff, 0xff, 0x6b, 0x00, 0x00, 0x00, 0x33, 0x9c, 0xff, 0xff, 0xff, 0xff, 0x9c, 0x33, 0x00,
	0x00, 0x00, 0x00, 0x00, 0x00, 0x00, 0x6b, 0xff, 0x6b, 0x00, 0x00, 0x00, 0x00, 0x00, 0x00, 0x00,
	0x00, 0x00, 0x6b, 0xff, 0x6b, 0x00, 0x00, 0x00, 0x00, 0x00, 0x00, 0x00, 0x00, 0x00, 0x6b, 0xff,
	0x6b, 0x00, 0x00, 0x00, 0x00, 0x00, 0x00, 0x00, 0x00, 0x00, 0x33, 0x6b, 0x33, 0x00, 0x00, 0x00,
	0x00, 0x00, 0x00, 0x00, 0x00, 0x00, 0x00, 0x00, 0x00, 0x00, 0x00, 0x00, 0x00, 0x00, 0x4e, 0x33,
	0x00, 0x00, 0x00, 0x00, 0x26, 0x9c, 0xff, 0xff, 0x9c, 0x19, 0x00, 0x00, 0x00, 0x00, 0x00, 0x19,
	0xff, 0xff, 0x0c, 0x00, 0x00, 0x19, 0xff, 0xff, 0xff, 0xff, 0xff, 0xff, 0x0c, 0x00, 0x00, 0x00,
	0x00, 0xae, 0xff, 0x5c, 0x00, 0x00, 0x00, 0x8b, 0xff, 0x8b, 0x0c, 0x0c, 0x9c, 0xff, 0x7a, 0x00,
	0x00, 0x00, 0x5c, 0xff, 0xc3, 0x00, 0x00, 0x00, 0x00, 0xc3, 0xff, 0x19, 0x00, 0x00, 0x33, 0xff,
	0xae, 0x00, 0x00, 0x19, 0xff, 0xff, 0x26, 0x00, 0x00, 0x00, 0x00, 0xff, 0xff, 0x00, 0x00, 0x00,
	0x00, 0xff, 0xc3, 0x00, 0x00, 0xae, 0xff, 0x6b, 0x00, 0x00, 0x00, 0x00, 0x00, 0xc3, 0xff, 0x19,
	0x00, 0x00, 0x33, 0xff, 0xae, 0x00, 0x4e, 0xff, 0xda, 0x00, 0x00, 0x00, 0x00, 0x00, 0x00, 0x8b,
	0xff, 0x9c, 0x0c, 0x0c, 0x9c, 0xff, 0x7a, 0x0c, 0xff, 0xff, 0x33, 0x00, 0x00, 0x00, 0x00, 0x00,
	0x00, 0x19, 0xff, 0xff, 0xff, 0xff, 0xff, 0xff, 0x0c, 0x9c, 0xff, 0x7a, 0x00, 0x00, 0x00, 0x00,
	0x00, 0x00, 0x00, 0x00, 0x26, 0x9c, 0xff, 0xff, 0x9c, 0x19, 0x40, 0xff, 0xda, 0x0c, 0x00, 0x00,
	0x00, 0x00, 0x00, 0x00, 0x00, 0x00, 0x00, 0x00, 0x00, 0x00, 0x00, 0x0c, 0xff, 0xff, 0x33, 0x00,
	0x40, 0xc3, 0xff, 0xff, 0x9c, 0x19, 0x00, 0x00, 0x00, 0x00, 0x00, 0x00, 0x00, 0x9c, 0xff, 0x9c,
	0x00, 0x40, 0xff, 0xff, 0xff, 0xff, 0xff, 0xff, 0x0c, 0x00, 0x00, 0x00, 0x00, 0x00, 0x33, 0xff,
	0xff, 0x0c, 0x00, 0xda, 0xff, 0x6b, 0x00, 0x0c, 0x9c, 0xff, 0x7a, 0x00, 0x00, 0x00, 0x00, 0x0c,
	0xda, 0xff, 0x40, 0x00, 0x00, 0xff, 0xff, 0x00, 0x00, 0x00, 0x33, 0xff, 0xae, 0x00, 0x00, 0x00,
	0x00, 0x7a, 0xff, 0xae, 0x00, 0x00, 0x00, 0xff, 0xff, 0x00, 0x00, 0x00, 0x33, 0xff, 0xae, 0x00,
	0x00, 0x00, 0x33, 0xff, 0xff, 0x19, 0x00, 0x00, 0x00, 0xda, 0xff, 0x6b, 0x00, 0x0c, 0x9c, 0xff,
	0x7a, 0x00, 0x00, 0x0c, 0xda, 0xff, 0x5c, 0x00, 0x00, 0x00, 0x00, 0x40, 0xff, 0xff, 0xff, 0xff,
	0xff, 0xff, 0x0c, 0x00, 0x00, 0x26, 0xff, 0xae, 0x00, 0x00, 0x00, 0x00, 0x00, 0x00, 0x40, 0xc3,
	0xff, 0xff, 0x9c, 0x19, 0x00, 0x00, 0x00, 0x00, 0x0c, 0x19, 0x00, 0x00, 0x00, 0x00, 0x00, 0x00,
	0x00, 0x00, 0x00, 0x00, 0x00, 0x00, 0x00, 0x00, 0x00, 0x33, 0x9c, 0xff, 0xff, 0xda, 0x6b, 0x0c,
	0x00, 0x00, 0x00, 0x00, 0x00, 0x00, 0x00, 0x40, 0xff, 0xff, 0xff, 0xff, 0xff, 0xff, 0xc3, 0x0c,
	0x00, 0x00, 0x00, 0x00, 0x00, 0x00, 0xda, 0xff, 0xae, 0x19, 0x00, 0x33, 0xff, 0xff, 0x5c, 0x00,
	0x00, 0x00, 0x00, 0x00, 0x00, 0xff, 0xff, 0x26, 0x00, 0x00, 0x00, 0x7a, 0xff, 0x9c, 0x00, 0x00,
	0x00, 0x00, 0x00, 0x00, 0xff, 0xff, 0x26, 0x00, 0x00, 0x00, 0x7a, 0xff, 0x6b, 0x00, 0x00, 0x00,
	0x00, 0x00, 0x00, 0x8b, 0xff, 0x8b, 0x00, 0x00, 0x26, 0xff, 0xff, 0x19, 0x00, 0x00, 0x00, 0x00,
	0x00, 0x00, 0x0c, 0xff, 0xff, 0x5c, 0x40, 0xff, 0xff, 0x4e, 0x00, 0x00, 0x00, 0x00, 0x00, 0x00,
	0x00, 0x00, 0x26, 0xff, 0xff, 0xff, 0xff, 0x33, 0x00, 0x00, 0x00, 0x00, 0x00, 0x00, 0x00, 0x00,
	0x00, 0x7a, 0xff, 0xff, 0xff, 0x8b, 0x00, 0x00, 0x00, 0x00, 0x26, 0xc3, 0x7a, 0x00, 0x00, 0x8b,
	0xff, 0xc3, 0x26, 0xc3, 0xff, 0xc3, 0x0c, 0x00, 0x00, 0x7a, 0xff, 0x9c, 0x00, 0x6b, 0xff, 0xc3,
	0x0c, 0x00, 0x0c, 0xc3, 0xff, 0xc3, 0x0c, 0x00, 0xda, 0xff, 0x33, 0x00, 0xff, 0xff, 0x40, 0x00,
	0x00, 0x00, 0x0c, 0x8b, 0xff, 0xff, 0x7a, 0xff, 0xae, 0x00, 0x00, 0xff, 0xff, 0x33, 0x00, 0x00,
	0x00, 0x00, 0x00, 0x8b, 0xff, 0xff, 0xff, 0x33, 0x00, 0x00, 0xff, 0xff, 0x6b, 0x00, 0x00, 0x00,
	0x00, 0x00, 0x0c, 0xff, 0xff, 0xff, 0x4e, 0x00, 0x00, 0x8b, 0xff, 0xff, 0x6b, 0x19, 0x00, 0x0c,
	0x4e, 0xda, 0xff, 0xae, 0xff, 0xff, 0x4e, 0x00, 0x0c, 0xc3, 0xff, 0xff, 0xff, 0xff, 0xff, 0xff,
	0xff, 0x8b, 0x00, 0x4e, 0xff, 0xff, 0x33, 0x00, 0x00, 0x5c, 0xae, 0xff, 0xff, 0xff, 0x9c, 0x33,
	0x00, 0x00, 0x00, 0x8b, 0x6b, 0x00, 0x6b, 0xff, 0xae, 0x6b, 0xff, 0xae, 0x6b, 0xff, 0xae, 0x40,
	0xff, 0x7a, 0x33, 0xff, 0x6b, 0x33, 0xff, 0x6b, 0x00, 0x00, 0x00, 0x00, 0x26, 0x00, 0x00, 0x00,
	0x00, 0x26, 0xff, 0x6b, 0x00, 0x00, 0x00, 0xc3, 0xff, 0x33, 0x00, 0x00, 0x6b, 0xff, 0x8b, 0x00,
	0x00, 0x19, 0xff, 0xff, 0x0c, 0x00, 0x00, 0x8b, 0xff, 0x7a, 0x00, 0x00, 0x0c, 0xff, 0xff, 0x26,
	0x00, 0x00, 0x4e, 0xff, 0xda, 0x00, 0x00, 0x00, 0x8b, 0xff, 0x8b, 0x00, 0x00, 0x00, 0xc3, 0xff,
	0x6b, 0x00, 0x00, 0x00, 0xff, 0xff, 0x40, 0x00, 0x00, 0x00, 0xff, 0xff, 0x33, 0x00, 0x00, 0x00,
	0xff, 0xff, 0x33, 0x00, 0x00, 0x00, 0xff, 0xff, 0x33, 0x00, 0x00, 0x00, 0xff, 0xff, 0x33, 0x00,
	0x00, 0x00, 0xc3, 0xff, 0x6b, 0x00, 0x00, 0x00, 0x8b, 0xff, 0x8b, 0x00, 0x00, 0x00, 0x4e, 0xff,
	0xc3, 0x00, 0x00, 0x00, 0x0c, 0xff, 0xff, 0x19, 0x00, 0x00, 0x00, 0x8b, 0xff, 0x6b, 0x00, 0x00,
	0x00, 0x19, 0xff, 0xff, 0x0c, 0x00, 0x00, 0x00, 0x7a, 0xff, 0x6b, 0x00, 0x00, 0x00, 0x0c, 0xda,
	0xff, 0x19, 0x00, 0x00, 0x00, 0x33, 0xff, 0x7a, 0x00, 0x00, 0x00, 0x00, 0x33, 0x00, 0x00, 0x26,
	0x00, 0x00, 0x00, 0x00, 0x9c, 0xff, 0x0c, 0x00, 0x00, 0x00, 0x5c, 0xff, 0x9c, 0x00, 0x00, 0x00,
	0x00, 0xc3, 0xff, 0x33, 0x00, 0x00, 0x00, 0x33, 0xff, 0xda, 0x00, 0x00, 0x00, 0x00, 0xc3, 0xff,
	0x4e, 0x00, 0x00, 0x00, 0x4e, 0xff, 0xc3, 0x00, 0x00, 0x00, 0x0c, 0xff, 0xff, 0x19, 0x00, 0x00,
	0x00, 0xc3, 0xff, 0x4e, 0x00, 0x00, 0x00, 0xae, 0xff, 0x7a, 0x00, 0x00, 0x00, 0x6b, 0xff, 0xae,
	0x00, 0x00, 0x00, 0x6b, 0xff, 0xae, 0x00, 0x00, 0x00, 0x6b, 0xff, 0xae, 0x00, 0x00, 0x00, 0x6b,
	0xff, 0xae, 0x00, 0x00, 0x00, 0x6b, 0xff, 0xae, 0x00, 0x00, 0x00, 0x9c, 0xff, 0x8b, 0x00, 0x00,
	0x00, 0xc3, 0xff, 0x5c, 0x00, 0x00, 0x0c, 0xff, 0xff, 0x19, 0x00, 0x00, 0x4e, 0xff, 0xda, 0x00,
	0x00, 0x00, 0xae, 0xff, 0x5c, 0x00, 0x00, 0x33, 0xff, 0xda, 0x0c, 0x00, 0x00, 0xae, 0xff, 0x40,
	0x00, 0x00, 0x4e, 0xff, 0xae, 0x00, 0x00, 0x00, 0xc3, 0xff, 0x19, 0x00, 0x00, 0x00, 0x0c, 0x26,
	0x00, 0x00, 0x00, 0x00, 0x00, 0x00, 0x00, 0x00, 0xae, 0xff, 0x33, 0x00, 0x00, 0x00, 0x00, 0x00,
	0x00, 0x00, 0xae, 0xff, 0x33, 0x00, 0x00, 0x00, 0x00, 0x6b, 0x19, 0x00, 0x7a, 0xff, 0x0c, 0x00,
	0x40, 0x40, 0x40, 0xff, 0xff, 0x8b, 0x9c, 0xff, 0x4e, 0xda, 0xff, 0xc3, 0x19, 0x6b, 0xae, 0xff,
	0xff, 0xff, 0xff, 0xc3, 0x8b, 0x5c, 0x00, 0x00, 0x00, 0x26, 0xff, 0xff, 0xc3, 0x00, 0x00, 0x00,
	0x00, 0x00, 0x26, 0xff, 0xda, 0x6b, 0xff, 0x8b, 0x00, 0x00, 0x00, 0x0c, 0xff, 0xff, 0x4e, 0x00,
	0xc3, 0xff, 0x8b, 0x00, 0x00, 0x00, 0x6b, 0xae, 0x00, 0x00, 0x33, 0xda, 0x26, 0x00, 0x00, 0x00,
	0x00, 0x0c, 0x00, 0x00, 0x00, 0x0c, 0x00, 0x00, 0x00, 0x00, 0x00, 0x00, 0xff, 0xff, 0x00, 0x00,
	0x00, 0x00, 0x00, 0x00, 0x00, 0x00, 0xff, 0xff, 0x00, 0x00, 0x00, 0x00, 0x00, 0x00, 0x00, 0x00,
	0xff, 0xff, 0x00, 0x00, 0x00, 0x00, 0x00, 0x00, 0x00, 0x00, 0xff, 0xff, 0x00, 0x00, 0x00, 0x00,
	0x6b, 0xff, 0xff, 0xff, 0xff, 0xff, 0xff, 0xff, 0xff, 0x6b, 0x6b, 0xff, 0xff, 0xff, 0xff, 0xff,
	0xff, 0xff, 0xff, 0x6b, 0x00, 0x00, 0x00, 0x00, 0xff, 0xff, 0x00, 0x00, 0x00, 0x00, 0x00, 0x00,
	0x00, 0x00, 0xff, 0xff, 0x00, 0x00, 0x00, 0x00, 0x00, 0x00, 0x00, 0x00, 0xff, 0xff, 0x00, 0x00,
	0x00, 0x00, 0x40, 0xff, 0xda, 0x19, 0xae, 0xff, 0xff, 0x6b, 0x7a, 0xff, 0xff, 0x5c, 0x33, 0xff,
	0xff, 0x0c, 0x6b, 0xff, 0x8b, 0x00, 0xae, 0xff, 0x19, 0x00, 0xff, 0xae, 0x00, 0x00, 0x6b, 0xff,
	0xff, 0xff, 0xff, 0xff, 0xff, 0x33, 0x6b, 0xff, 0xff, 0xff, 0xff, 0xff, 0xff, 0x33, 0x4e, 0xff,
	0xda, 0x26, 0xae, 0xff, 0xff, 0x6b, 0x4e, 0xff, 0xda, 0x26, 0x00, 0x00, 0x00, 0x00, 0x00, 0x00,
	0x4e, 0x19, 0x00, 0x00, 0x00, 0x00, 0x00, 0x19, 0xff, 0xc3, 0x00, 0x00, 0x00, 0x00, 0x00, 0x5c,
	0xff, 0x7a, 0x00, 0x00, 0x00, 0x00, 0x00, 0x9c, 0xff, 0x40, 0x00, 0x00, 0x00, 0x00, 0x00, 0xff,
	0xff, 0x0c, 0x00, 0x00, 0x00, 0x00, 0x26, 0xff, 0xc3, 0x00, 0x00, 0x00, 0x00, 0x00, 0x5c, 0xff,
	0x7a, 0x00, 0x00, 0x00, 0x00, 0x00, 0x9c, 0xff, 0x33, 0x00, 0x00, 0x00, 0x00, 0x00, 0xff, 0xff,
	0x00, 0x00, 0x00, 0x00, 0x00, 0x33, 0xff, 0xae, 0x00, 0x00, 0x00, 0x00, 0x00, 0x6b, 0xff, 0x6b,
	0x00, 0x00, 0x00, 0x00, 0x00, 0xae, 0xff, 0x33, 0x00, 0x00, 0x00, 0x00, 0x00, 0xff, 0xff, 0x00,
	0x00, 0x00, 0x00, 0x00, 0x33, 0xff, 0xae, 0x00, 0x00, 0x00, 0x00, 0x00, 0x6b, 0xff, 0x6b, 0x00,
	0x00, 0x00, 0x00, 0x00, 0xc3, 0xff, 0x33, 0x00, 0x00, 0x00, 0x00, 0x0c, 0xff, 0xff, 0x00, 0x00,
	0x00, 0x00, 0x00, 0x40, 0xff, 0x9c, 0x00, 0x00, 0x00, 0x00, 0x00, 0x7a, 0xff, 0x5c, 0x00, 0x00,
	0x00, 0x00, 0x00, 0xc3, 0xff, 0x26, 0x00, 0x00, 0x00, 0x00, 0x0c, 0xff, 0xff, 0x00, 0x00, 0x00,
	0x00, 0x00, 0x40, 0xff, 0x9c, 0x00, 0x00, 0x00, 0x00, 0x00, 0x0c, 0x33, 0x33, 0x00, 0x00, 0x00,
	0x00, 0x00, 0x00, 0x00, 0x0c, 0x6b, 0xda, 0xff, 0xff, 0x9c, 0x26, 0x00, 0x00, 0x00, 0x00, 0xc3,
	0xff, 0xff, 0xff, 0xff, 0xff, 0xff, 0x26, 0x00, 0x00, 0x6b, 0xff, 0xff, 0x33, 0x00, 0x19, 0xc3,
	0xff, 0xda, 0x00, 0x00, 0xff, 0xff, 0x4e, 0x00, 0x00, 0x00, 0x0c, 0xff, 0xff, 0x4e, 0x33, 0xff,
	0xff, 0x0c, 0x00, 0x00, 0x00, 0x00, 0x8b, 0xff, 0x9c, 0x6b, 0xff, 0xc3, 0x00, 0x00, 0x00, 0x00,
	0x00, 0x6b, 0xff, 0xda, 0x7a, 0xff, 0xae, 0x00, 0x00, 0x00, 0x00, 0x00, 0x33, 0xff, 0xff, 0xae,
	0xff, 0xae, 0x00, 0x00, 0x00, 0x00, 0x00, 0x33, 0xff, 0xff, 0xae, 0xff, 0xae, 0x00, 0x00, 0x00,
	0x00, 0x00, 0x33, 0xff, 0xff, 0xae, 0xff, 0xae, 0x00, 0x00, 0x00, 0x00, 0x00, 0x33, 0xff, 0xff,
	0x7a, 0xff, 0xae, 0x00, 0x00, 0x00, 0x00, 0x00, 0x33, 0xff, 0xff, 0x6b, 0xff, 0xc3, 0x00, 0x00,
	0x00, 0x00, 0x00, 0x6b, 0xff, 0xda, 0x33, 0xff, 0xff, 0x0c, 0x00, 0x00, 0x00, 0x00, 0x8b, 0xff,
	0x8b, 0x00, 0xff, 0xff, 0x4e, 0x00, 0x00, 0x00, 0x0c, 0xff, 0xff, 0x4e, 0x00, 0x6b, 0xff, 0xff,
	0x40, 0x00, 0x19, 0xc3, 0xff, 0xda, 0x00, 0x00, 0x00, 0xc3, 0xff, 0xff, 0xff, 0xff, 0xff, 0xff,
	0x26, 0x00, 0x00, 0x00, 0x0c, 0x6b, 0xda, 0xff, 0xff, 0x9c, 0x26, 0x00, 0x00, 0x00, 0x00, 0x00,
	0x00, 0x19, 0xae, 0xff, 0xae, 0x00, 0x00, 0x00, 0x5c, 0xff, 0xff, 0xff, 0xae, 0x00, 0x19, 0xae,
	0xff, 0xff, 0xda, 0xff, 0xae, 0x0c, 0xda, 0xff, 0xda, 0x33, 0x6b, 0xff, 0xae, 0x00, 0x6b, 0x7a,
	0x0c, 0x00, 0x6b, 0xff, 0xae, 0x00, 0x00, 0x00, 0x00, 0x00, 0x6b, 0xff, 0xae, 0x00, 0x00, 0x00,
	0x00, 0x00, 0x6b, 0xff, 0xae, 0x00, 0x00, 0x00, 0x00, 0x00, 0x6b, 0xff, 0xae, 0x00, 0x00, 0x00,
	0x00, 0x00, 0x6b, 0xff, 0xae, 0x00, 0x00, 0x00, 0x00, 0x00, 0x6b, 0xff, 0xae, 0x00, 0x00, 0x00,
	0x00, 0x00, 0x6b, 0xff, 0xae, 0x00, 0x00, 0x00, 0x00, 0x00, 0x6b, 0xff, 0xae, 0x00, 0x00, 0x00,
	0x00, 0x00, 0x6b, 0xff, 0xae, 0x00, 0x00, 0x00, 0x00, 0x00, 0x6b, 0xff, 0xae, 0x00, 0x00, 0x00,
	0x00, 0x00, 0x6b, 0xff, 0xae, 0x00, 0x00, 0x00, 0x00, 0x00, 0x6b, 0xff, 0xae, 0x00, 0x00, 0x00,
	0x00, 0x00, 0x6b, 0xff, 0xae, 0x00, 0x00, 0x26, 0x8b, 0xff, 0xff, 0xff, 0x8b, 0x19, 0x00, 0x00,
	0x00, 0x4e, 0xff, 0xff, 0xff, 0xff, 0xff, 0xff, 0xff, 0x26, 0x00, 0x33, 0xff, 0xff, 0x6b, 0x19,
	0x00, 0x33, 0xc3, 0xff, 0xda, 0x00, 0x00, 0x5c, 0x5c, 0x00, 0x00, 0x00, 0x00, 0x33, 0xff, 0xff,
	0x26, 0x00, 0x00, 0x00, 0x00, 0x00, 0x00, 0x00, 0x00, 0xff, 0xff, 0x33, 0x00, 0x00, 0x00, 0x00,
	0x00, 0x00, 0x00, 0x00, 0xff, 0xff, 0x33, 0x00, 0x00, 0x00, 0x00, 0x00, 0x00, 0x00, 0x40, 0xff,
	0xff, 0x00, 0x00, 0x00, 0x00, 0x00, 0x00, 0x00, 0x00, 0x9c, 0xff, 0x8b, 0x00, 0x00, 0x00, 0x00,
	0x00, 0x00, 0x00, 0x40, 0xff, 0xff, 0x19, 0x00, 0x00, 0x00, 0x00, 0x00, 0x00, 0x19, 0xff, 0xff,
	0x4e, 0x00, 0x00, 0x00, 0x00, 0x00, 0x00, 0x0c, 0xc3, 0xff, 0x8b, 0x00, 0x00, 0x00, 0x00, 0x00,
	0x00, 0x00, 0xae, 0xff, 0x9c, 0x00, 0x00, 0x00, 0x00, 0x00, 0x00, 0x00, 0x8b, 0xff, 0xc3, 0x0c,
	0x00, 0x00, 0x00, 0x00, 0x00, 0x00, 0x8b, 0xff, 0xc3, 0x0c, 0x00, 0x00, 0x00, 0x00, 0x00, 0x00,
	0x6b, 0xff, 0xc3, 0x0c, 0x00, 0x00, 0x00, 0x00, 0x00, 0x00, 0x00, 0xff, 0xff, 0xff, 0xff, 0xff,
	0xff, 0xff, 0xff, 0xff, 0x8b, 0x00, 0xff, 0xff, 0xff, 0xff, 0xff, 0xff, 0xff, 0xff, 0xff, 0x6b,
	0x00, 0x00, 0x33, 0x9c, 0xff, 0xff, 0xff, 0x8b, 0x19, 0x00, 0x00, 0x00, 0x6b, 0xff, 0xff, 0xff,
	0xff, 0xff, 0xff, 0xff, 0x26, 0x00, 0x0c, 0xc3, 0xda, 0x4e, 0x0c, 0x00, 0x33, 0xc3, 0xff, 0xda,
	0x00, 0x00, 0x0c, 0x0c, 0x00, 0x00, 0x00, 0x00, 0x26, 0xff, 0xff, 0x19, 0x00, 0x00, 0x00, 0x00,
	0x00, 0x00, 0x00, 0x00, 0xff, 0xff, 0x26, 0x00, 0x00, 0x00, 0x00, 0x00, 0x00, 0x00, 0x40, 0xff,
	0xff, 0x00, 0x00, 0x00, 0x00, 0x00, 0x00, 0x00, 0x40, 0xff, 0xff, 0x40, 0x00, 0x00, 0x00, 0x00,
	0x00, 0xc3, 0xff, 0xff, 0xae, 0x33, 0x00, 0x00, 0x00, 0x00, 0x00, 0x00, 0xff, 0xff, 0xff, 0xff,
	0xae, 0x26, 0x00, 0x00, 0x00, 0x00, 0x00, 0x00, 0x00, 0x19, 0x9c, 0xff, 0xff, 0x0c, 0x00, 0x00,
	0x00, 0x00, 0x00, 0x00, 0x00, 0x00, 0xda, 0xff, 0x5c, 0x00, 0x00, 0x00, 0x00, 0x00, 0x00, 0x00,
	0x00, 0xae, 0xff, 0x9c, 0x00, 0x00, 0x00, 0x00, 0x00, 0x00, 0x00, 0x00, 0xae, 0xff, 0x8b, 0x00,
	0x33, 0x0c, 0x00, 0x00, 0x00, 0x00, 0x0c, 0xff, 0xff, 0x5c, 0x4e, 0xff, 0xc3, 0x40, 0x00, 0x00,
	0x33, 0xc3, 0xff, 0xff, 0x0c, 0x0c, 0xc3, 0xff, 0xff, 0xff, 0xff, 0xff, 0xff, 0xff, 0x26, 0x00,
	0x00, 0x00, 0x4e, 0xae, 0xff, 0xff, 0xda, 0x8b, 0x19, 0x00, 0x00, 0x00, 0x00, 0x00, 0x00, 0x0c,
	0x0c, 0x00, 0x00, 0x00, 0x00, 0x00, 0x00, 0x00, 0x00, 0x00, 0x8b, 0xff, 0x4e, 0x00, 0x00, 0x00,
	0x00, 0x00, 0x00, 0x00, 0x0c, 0xff, 0xff, 0x19, 0x00, 0x00, 0x00, 0x00, 0x00, 0x00, 0x00, 0x6b,
	0xff, 0xae, 0x00, 0x00, 0x00, 0x00, 0x00, 0x00, 0x00, 0x0c, 0xff, 0xff, 0x33, 0x00, 0x00, 0x00,
	0x00, 0x00, 0x00, 0x00, 0x4e, 0xff, 0xae, 0x00, 0x00, 0x00, 0x00, 0x00, 0x00, 0x00, 0x00, 0xda,
	0xff, 0x4e, 0x00, 0x00, 0x00, 0x00, 0x00, 0x00, 0x00, 0x4e, 0xff, 0xda, 0x00, 0x00, 0x00, 0xff,
	0xff, 0x00, 0x00, 0x00, 0xc3, 0xff, 0x4e, 0x00, 0x00, 0x00, 0xff, 0xff, 0x00, 0x00, 0x33, 0xff,
	0xff, 0x0c, 0x00, 0x00, 0x00, 0xff, 0xff, 0x00, 0x00, 0xae, 0xff, 0x6b, 0x00, 0x00, 0x00, 0x19,
	0xff, 0xff, 0x00, 0x00, 0xff, 0xff, 0xff, 0xff, 0xff, 0xff, 0xff, 0xff, 0xff, 0xff, 0xff, 0xff,
	0xff, 0xff, 0xff, 0xff, 0xff, 0xff, 0xff, 0xff, 0xff, 0xff, 0x00, 0x00, 0x00, 0x00, 0x00, 0x00,
	0x33, 0xff, 0xff, 0x00, 0x00, 0x00, 0x00, 0x00, 0x00, 0x00, 0x00, 0x33, 0xff, 0xff, 0x00, 0x00,
	0x00, 0x00, 0x00, 0x00, 0x00, 0x00, 0x33, 0xff, 0xff, 0x00, 0x00, 0x00, 0x00, 0x00, 0x00, 0x00,
	0x00, 0x33, 0xff, 0xff, 0x00, 0x00, 0x00, 0x33, 0xff, 0xff, 0xff, 0xff, 0xff, 0xff, 0xff, 0xff,
	0x40, 0x00, 0x33, 0xff, 0xff, 0xff, 0xff, 0xff, 0xff, 0xff, 0xff, 0x26, 0x00, 0x33, 0xff, 0xae,
	0x00, 0x00, 0x00, 0x00, 0x00, 0x00, 0x00, 0x00, 0x33, 0xff, 0xae, 0x00, 0x00, 0x00, 0x00, 0x00,
	0x00, 0x00, 0x00, 0x33, 0xff, 0xae, 0x00, 0x00, 0x00, 0x00, 0x00, 0x00, 0x00, 0x00, 0x33, 0xff,
	0xae, 0x00, 0x00, 0x00, 0x00, 0x00, 0x00, 0x00, 0x00, 0x33, 0xff, 0xc3, 0x8b, 0xff, 0xff, 0xda,
	0x6b, 0x00, 0x00, 0x00, 0x33, 0xff, 0xff, 0xff, 0xff, 0xff, 0xff, 0xff, 0xae, 0x00, 0x00, 0x19,
	0x6b, 0x5c, 0x19, 0x00, 0x0c, 0x6b, 0xff, 0xff, 0x4e, 0x00, 0x00, 0x00, 0x00, 0x00, 0x00, 0x00,
	0x00, 0x9c, 0xff, 0xae, 0x00, 0x00, 0x00, 0x00, 0x00, 0x00, 0x00, 0x00, 0x5c, 0xff, 0xff, 0x00,
	0x00, 0x00, 0x00, 0x00, 0x00, 0x00, 0x00, 0x40, 0xff, 0xff, 0x00, 0x00, 0x00, 0x00, 0x00, 0x00,
	0x00, 0x00, 0x6b, 0xff, 0xc3, 0x00, 0x26, 0x0c, 0x00, 0x00, 0x00, 0x00, 0x00, 0xda, 0xff, 0x8b,
	0x26, 0xff, 0xff, 0x4e, 0x0c, 0x00, 0x19, 0x9c, 0xff, 0xff, 0x19, 0x00, 0x8b, 0xff, 0xff, 0xff,
	0xff, 0xff, 0xff, 0xff, 0x4e, 0x00, 0x00, 0x00, 0x33, 0x9c, 0xff, 0xff, 0xff, 0x8b, 0x19, 0x00,
	0x00, 0x00, 0x00, 0x00, 0x26, 0x8b, 0xff, 0xff, 0xda, 0x7a, 0x0c, 0x00, 0x00, 0x00, 0x40, 0xff,
	0xff, 0xff, 0xff, 0xff, 0xff, 0x6b, 0x00, 0x00, 0x19, 0xff, 0xff, 0x9c, 0x19, 0x00, 0x19, 0x6b,
	0x0c, 0x00, 0x00, 0x8b, 0xff, 0xae, 0x00, 0x00, 0x00, 0x00, 0x00, 0x00, 0x00, 0x0c, 0xff, 0xff,
	0x33, 0x00, 0x00, 0x00, 0x00, 0x00, 0x00, 0x00, 0x40, 0xff, 0xff, 0x00, 0x00, 0x00, 0x00, 0x00,
	0x00, 0x00, 0x00, 0x6b, 0xff, 0xae, 0x0c, 0x6b, 0xff, 0xff, 0xda, 0x6b, 0x00, 0x00, 0x8b, 0xff,
	0x6b, 0xc3, 0xff, 0xff, 0xff, 0xff, 0xff, 0x8b, 0x00, 0xae, 0xff, 0xff, 0xff, 0x4e, 0x00, 0x00,
	0x5c, 0xff, 0xff, 0x33, 0xae, 0xff, 0xff, 0x26, 0x00, 0x00, 0x00, 0x00, 0x9c, 0xff, 0x8b, 0x8b,
	0xff, 0x6b, 0x00, 0x00, 0x00, 0x00, 0x00, 0x6b, 0xff, 0xae, 0x6b, 0xff, 0x9c, 0x00, 0x00, 0x00,
	0x00, 0x00, 0x6b, 0xff, 0xae, 0x40, 0xff, 0xc3, 0x00, 0x00, 0x00, 0x00, 0x00, 0x6b, 0xff, 0xae,
	0x0c, 0xff, 0xff, 0x33, 0x00, 0x00, 0x00, 0x00, 0xda, 0xff, 0x5c, 0x00, 0x8b, 0xff, 0xc3, 0x33,
	0x00, 0x19, 0x8b, 0xff, 0xff, 0x0c, 0x00, 0x0c, 0xc3, 0xff, 0xff, 0xff, 0xff, 0xff, 0xff, 0x40,
	0x00, 0x00, 0x00, 0x0c, 0x8b, 0xda, 0xff, 0xff, 0x9c, 0x26, 0x00, 0x00, 0x6b, 0xff, 0xff, 0xff,
	0xff, 0xff, 0xff, 0xff, 0xff, 0xff, 0x6b, 0xff, 0xff, 0xff, 0xff, 0xff, 0xff, 0xff, 0xff, 0xff,
	0x00, 0x00, 0x00, 0x00, 0x00, 0x00, 0x00, 0x6b, 0xff, 0x8b, 0x00, 0x00, 0x00, 0x00, 0x00, 0x00,
	0x00, 0xda, 0xff, 0x33, 0x00, 0x00, 0x00, 0x00, 0x00, 0x00, 0x4e, 0xff, 0xda, 0x00, 0x00, 0x00,
	0x00, 0x00, 0x00, 0x00, 0xae, 0xff, 0x5c, 0x00, 0x00, 0x00, 0x00, 0x00, 0x00, 0x19, 0xff, 0xff,
	0x0c, 0x00, 0x00, 0x00, 0x00, 0x00, 0x00, 0x8b, 0xff, 0x8b, 0x00, 0x00, 0x00, 0x00, 0x00, 0x00,
	0x0c, 0xff, 0xff, 0x26, 0x00, 0x00, 0x00, 0x00, 0x00, 0x00, 0x4e, 0xff, 0xc3, 0x00, 0x00, 0x00,
	0x00, 0x00, 0x00, 0x00, 0xda, 0xff, 0x4e, 0x00, 0x00, 0x00, 0x00, 0x00, 0x00, 0x33, 0xff, 0xff,
	0x0c, 0x00, 0x00, 0x00, 0x00, 0x00, 0x00, 0x8b, 0xff, 0x8b, 0x00, 0x00, 0x00, 0x00, 0x00, 0x00,
	0x19, 0xff, 0xff, 0x26, 0x00, 0x00, 0x00, 0x00, 0x00, 0x00, 0x6b, 0xff, 0xae, 0x00, 0x00, 0x00,
	0x00, 0x00, 0x00, 0x00, 0xda, 0xff, 0x4e, 0x00, 0x00, 0x00, 0x00, 0x00, 0x00, 0x00, 0x0c, 0x4e,
	0x00, 0x00, 0x00, 0x00, 0x00, 0x00, 0x00, 0x00, 0x19, 0x8b, 0xda, 0xff, 0xff, 0x9c, 0x33, 0x00,
	0x00, 0x00, 0x00, 0x26, 0xff, 0xff, 0xff, 0xff, 0xff, 0xff, 0xff, 0x4e, 0x00, 0x00, 0x00, 0xda,
	0xff, 0xc3, 0x26, 0x00, 0x0c, 0x8b, 0xff, 0xff, 0x19, 0x00, 0x26, 0xff, 0xff, 0x0c, 0x00, 0x00,
	0x00, 0x00, 0xc3, 0xff, 0x5c, 0x00, 0x33, 0xff, 0xff, 0x00, 0x00, 0x00, 0x00, 0x00, 0xae, 0xff,
	0x6b, 0x00, 0x19, 0xff, 0xff, 0x0c, 0x00, 0x00, 0x00, 0x00, 0xc3, 0xff, 0x40, 0x00, 0x00, 0x9c,
	0xff, 0xc3, 0x19, 0x00, 0x00, 0x4e, 0xff, 0xae, 0x00, 0x00, 0x00, 0x0c, 0xae, 0xff, 0xff, 0xae,
	0x8b, 0xff, 0x7a, 0x0c, 0x00, 0x00, 0x00, 0x00, 0x4e, 0xff, 0xda, 0xff, 0xff, 0xff, 0x8b, 0x0c,
	0x00, 0x00, 0x00, 0x8b, 0xff, 0x8b, 0x00, 0x0c, 0x4e, 0xda, 0xff, 0xda, 0x19, 0x00, 0x6b, 0xff,
	0xae, 0x00, 0x00, 0x00, 0x00, 0x0c, 0xae, 0xff, 0xae, 0x00, 0xc3, 0xff, 0x6b, 0x00, 0x00, 0x00,
	0x00, 0x00, 0x33, 0xff, 0xff, 0x00, 0xff, 0xff, 0x6b, 0x00, 0x00, 0x00, 0x00, 0x00, 0x33, 0xff,
	0xff, 0x26, 0xae, 0xff, 0x8b, 0x00, 0x00, 0x00, 0x00, 0x00, 0x5c, 0xff, 0xff, 0x00, 0x4e, 0xff,
	0xff, 0x6b, 0x19, 0x00, 0x0c, 0x5c, 0xff, 0xff, 0x7a, 0x00, 0x00, 0x8b, 0xff, 0xff, 0xff, 0xff,
	0xff, 0xff, 0xff, 0xae, 0x0c, 0x00, 0x00, 0x00, 0x40, 0x9c, 0xff, 0xff, 0xff, 0xae, 0x4e, 0x00,
	0x00, 0x00, 0x00, 0x00, 0x33, 0x9c, 0xff, 0xff, 0xda, 0x6b, 0x0c, 0x00, 0x00, 0x00, 0x4e, 0xff,
	0xff, 0xff, 0xff, 0xff, 0xff, 0xc3, 0x0c, 0x00, 0x19, 0xff, 0xff, 0x8b, 0x0c, 0x00, 0x33, 0xff,
	0xff, 0x7a, 0x00, 0x8b, 0xff, 0xae, 0x00, 0x00, 0x00, 0x00, 0x4e, 0xff, 0xff, 0x00, 0xc3, 0xff,
	0x5c, 0x00, 0x00, 0x00, 0x00, 0x00, 0xff, 0xff, 0x33, 0xff, 0xff, 0x33, 0x00, 0x00, 0x00, 0x00,
	0x00, 0xda, 0xff, 0x4e, 0xda, 0xff, 0x4e, 0x00, 0x00, 0x00, 0x00, 0x00, 0xae, 0xff, 0x6b, 0x9c,
	0xff, 0x8b, 0x00, 0x00, 0x00, 0x00, 0x26, 0xff, 0xff, 0x5c, 0x33, 0xff, 0xff, 0x5c, 0x00, 0x00,
	0x4e, 0xff, 0xff, 0xff, 0x33, 0x00, 0x8b, 0xff, 0xff, 0xff, 0xff, 0xff, 0x8b, 0xff, 0xff, 0x26,
	0x00, 0x00, 0x6b, 0xda, 0xff, 0xda, 0x6b, 0x19, 0xff, 0xff, 0x00, 0x00, 0x00, 0x00, 0x00, 0x00,
	0x00, 0x00, 0x6b, 0xff, 0x9c, 0x00, 0x00, 0x00, 0x00, 0x00, 0x00, 0x00, 0x26, 0xff, 0xff, 0x33,
	0x00, 0x00, 0x00, 0x00, 0x00, 0x00, 0x26, 0xff, 0xff, 0x7a, 0x00, 0x00, 0x00, 0x00, 0x00, 0x0c,
	0x7a, 0xff, 0xff, 0x8b, 0x00, 0x00, 0x00, 0x00, 0x33, 0x8b, 0xff, 0xff, 0xff, 0x5c, 0x00, 0x00,
	0x00, 0x00, 0x00, 0x4e, 0xff, 0xc3, 0x5c, 0x0c, 0x00, 0x00, 0x00, 0x00, 0x00, 0x00, 0x19, 0x26,
	0x00, 0x00, 0x00, 0x00, 0x00, 0x00, 0x00, 0x00, 0x26, 0xae, 0x9c, 0x0c, 0xae, 0xff, 0xff, 0x6b,
	0x6b, 0xff, 0xff, 0x33, 0x00, 0x19, 0x0c, 0x00, 0x00, 0x00, 0x00, 0x00, 0x00, 0x00, 0x00, 0x00,
	0x00, 0x00, 0x00, 0x00, 0x00, 0x00, 0x00, 0x00, 0x00, 0x00, 0x00, 0x00, 0x4e, 0xff, 0xda, 0x26,
	0xae, 0xff, 0xff, 0x6b, 0x4e, 0xff, 0xda, 0x26, 0x26, 0xae, 0x9c, 0x0c, 0xae, 0xff, 0xff, 0x6b,
	0x6b, 0xff, 0xff, 0x33, 0x00, 0x19, 0x0c, 0x00, 0x00, 0x00, 0x00, 0x00, 0x00, 0x00, 0x00, 0x00,
	0x00, 0x00, 0x00, 0x00, 0x00, 0x00, 0x00, 0x00, 0x00, 0x00, 0x00, 0x00, 0x40, 0xff, 0xda, 0x19,
	0xae, 0xff, 0xff, 0x6b, 0x7a, 0xff, 0xff, 0x5c, 0x33, 0xff, 0xff, 0x0c, 0x6b, 0xff, 0x8b, 0x00,
	0xae, 0xff, 0x19, 0x00, 0xff, 0xae, 0x00, 0x00, 0x00, 0x00, 0x00, 0x00, 0x00, 0x00, 0x00, 0x00,
	0x0c, 0x00, 0x00, 0x00, 0x00, 0x00, 0x00, 0x00, 0x19, 0x8b, 0xff, 0x4e, 0x00, 0x00, 0x00, 0x00,
	0x19, 0x8b, 0xff, 0xff, 0xff, 0x5c, 0x00, 0x00, 0x33, 0xae, 0xff, 0xff, 0xff, 0x7a, 0x19, 0x00,
	0x33, 0xae, 0xff, 0xff, 0xda, 0x4e, 0x0c, 0x00, 0x00, 0x00, 0xae, 0xff, 0xae, 0x40, 0x00, 0x00,
	0x00, 0x00, 0x00, 0x00, 0xae, 0xff, 0xae, 0x4e, 0x00, 0x00, 0x00, 0x00, 0x00, 0x00, 0x33, 0xae,
	0xff, 0xff, 0xda, 0x5c, 0x0c, 0x00, 0x00, 0x00, 0x00, 0x00, 0x26, 0x8b, 0xff, 0xff, 0xff, 0x7a,
	0x19, 0x00, 0x00, 0x00, 0x00, 0x00, 0x19, 0x8b, 0xff, 0xff, 0xff, 0x5c, 0x00, 0x00, 0x00, 0x00,
	0x00, 0x00, 0x0c, 0x6b, 0xff, 0x4e, 0x00, 0x00, 0x00, 0x00, 0x00, 0x00, 0x00, 0x00, 0x0c, 0x00,
	0x19, 0x33, 0x33, 0x33, 0x33, 0x33, 0x33, 0x33, 0x33, 0x19, 0x6b, 0xff, 0xff, 0xff, 0xff, 0xff,
	0xff, 0xff, 0xff, 0x6b, 0x4e, 0xae, 0xae, 0xae, 0xae, 0xae, 0xae, 0xae, 0xae, 0x4e, 0x00, 0x00,
	0x00, 0x00, 0x00, 0x00, 0x00, 0x00, 0x00, 0x00, 0x00, 0x00, 0x00, 0x00, 0x00, 0x00, 0x00, 0x00,
	0x00, 0x00, 0x4e, 0xae, 0xae, 0xae, 0xae, 0xae, 0xae, 0xae, 0xae, 0x4e, 0x6b, 0xff, 0xff, 0xff,
	0xff, 0xff, 0xff, 0xff, 0xff, 0x6b, 0x19, 0x33, 0x33, 0x33, 0x33, 0x33, 0x33, 0x33, 0x33, 0x19,
	0x00, 0x0c, 0x00, 0x00, 0x00, 0x00, 0x00, 0x00, 0x00, 0x00, 0x4e, 0xff, 0x8b, 0x19, 0x00, 0x00,
	0x00, 0x00, 0x00, 0x00, 0x5c, 0xff, 0xff, 0xff, 0x8b, 0x19, 0x00, 0x00, 0x00, 0x00, 0x00, 0x19,
	0x7a, 0xff, 0xff, 0xff, 0xae, 0x33, 0x00, 0x00, 0x00, 0x00, 0x00, 0x0c, 0x4e, 0xda, 0xff, 0xff,
	0xae, 0x33, 0x00, 0x00, 0x00, 0x00, 0x00, 0x00, 0x40, 0xae, 0xff, 0xae, 0x00, 0x00, 0x00, 0x00,
	0x00, 0x00, 0x4e, 0xae, 0xff, 0xae, 0x00, 0x00, 0x00, 0x0c, 0x5c, 0xda, 0xff, 0xff, 0xae, 0x33,
	0x00, 0x19, 0x7a, 0xff, 0xff, 0xff, 0x8b, 0x26, 0x00, 0x00, 0x5c, 0xff, 0xff, 0xff, 0x8b, 0x19,
	0x00, 0x00, 0x00, 0x00, 0x4e, 0xff, 0x6b, 0x0c, 0x00, 0x00, 0x00, 0x00, 0x00, 0x00, 0x00, 0x0c,
	0x00, 0x00, 0x00, 0x00, 0x00, 0x00, 0x00, 0x00, 0x00, 0x00, 0x19, 0x8b, 0xda, 0xff, 0xff, 0x9c,
	0x40, 0x00, 0x00, 0x00, 0x26, 0xff, 0xff, 0xff, 0xff, 0xff, 0xff, 0xff, 0x4e, 0x00, 0x0c, 0xff,
	0xff, 0x9c, 0x19, 0x00, 0x19, 0x9c, 0xff, 0xff, 0x0c, 0x00, 0x33, 0x6b, 0x00, 0x00, 0x00, 0x00,
	0x0c, 0xff, 0xff, 0x33, 0x00, 0x00, 0x00, 0x00, 0x00, 0x00, 0x00, 0x0c, 0xff, 0xff, 0x33, 0x00,
	0x00, 0x00, 0x00, 0x00, 0x00, 0x00, 0x8b, 0xff, 0xda, 0x00, 0x00, 0x00, 0x00, 0x00, 0x00, 0x19,
	0xae, 0xff, 0xff, 0x26, 0x00, 0x00, 0x00, 0x00, 0x00, 0x26, 0xff, 0xff, 0xc3, 0x26, 0x00, 0x00,
	0x00, 0x00, 0x00, 0x00, 0xda, 0xff, 0x9c, 0x0c, 0x00, 0x00, 0x00, 0x00, 0x00, 0x00, 0x26, 0xff,
	0xff, 0x19, 0x00, 0x00, 0x00, 0x00, 0x00, 0x00, 0x00, 0x33, 0xff, 0xff, 0x00, 0x00, 0x00, 0x00,
	0x00, 0x00, 0x00, 0x00, 0x19, 0x6b, 0x6b, 0x00, 0x00, 0x00, 0x00, 0x00, 0x00, 0x00, 0x00, 0x00,
	0x00, 0x00, 0x00, 0x00, 0x00, 0x00, 0x00, 0x00, 0x00, 0x00, 0x00, 0x00, 0x00, 0x00, 0x00, 0x00,
	0x00, 0x00, 0x00, 0x00, 0x00, 0x40, 0xff, 0xff, 0x26, 0x00, 0x00, 0x00, 0x00, 0x00, 0x00, 0x00,
	0xae, 0xff, 0xff, 0x6b, 0x00, 0x00, 0x00, 0x00, 0x00, 0x00, 0x00, 0x40, 0xff, 0xda, 0x26, 0x00,
	0x00, 0x00, 0x00, 0x00, 0x00, 0x00, 0x00, 0x00, 0x00, 0x00, 0x40, 0x8b, 0xc3, 0xff, 0xff, 0xff,
	0xda, 0x9c, 0x5c, 0x0c, 0x00, 0x00, 0x00, 0x00, 0x00, 0x00, 0x00, 0x00, 0x00, 0x00, 0x33, 0xda,
	0xff, 0xff, 0xff, 0xff, 0xff, 0xff, 0xff, 0xff, 0xff, 0xff, 0x6b, 0x00, 0x00, 0x00, 0x00, 0x00,
	0x00, 0x00, 0x00, 0x7a, 0xff, 0xff, 0xda, 0x5c, 0x33, 0x00, 0x00, 0x00, 0x19, 0x4e, 0xae, 0xff,
	0xff, 0xae, 0x0c, 0x00, 0x00, 0x00, 0x00, 0x00, 0x8b, 0xff, 0xff, 0x6b, 0x00, 0x00, 0x00, 0x00,
	0x00, 0x00, 0x00, 0x00, 0x00, 0x33, 0xff, 0xff, 0xae, 0x00, 0x00, 0x00, 0x00, 0x40, 0xff, 0xff,
	0x4e, 0x00, 0x00, 0x00, 0x00, 0x00, 0x00, 0x00, 0x00, 0x00, 0x00, 0x00, 0x26, 0xff, 0xff, 0x5c,
	0x00, 0x00, 0x0c, 0xff, 0xff, 0x6b, 0x00, 0x00, 0x00, 0x0c, 0x8b, 0xda, 0xff, 0xff, 0x9c, 0x40,
	0x00, 0x00, 0x00, 0x4e, 0xff, 0xff, 0x00, 0x00, 0x5c, 0xff, 0xda, 0x00, 0x00, 0x00, 0x0c, 0xda,
	0xff, 0xff, 0xff, 0xff, 0xff, 0xff, 0x5c, 0x00, 0x00, 0x00, 0xff, 0xff, 0x40, 0x00, 0xc3, 0xff,
	0x6b, 0x00, 0x00, 0x00, 0xae, 0xff, 0xc3, 0x33, 0x00, 0x0c, 0x9c, 0xff, 0x6b, 0x00, 0x00, 0x00,
	0x9c, 0xff, 0x7a, 0x0c, 0xff, 0xff, 0x26, 0x00, 0x00, 0x26, 0xff, 0xff, 0x19, 0x00, 0x00, 0x00,
	0x6b, 0xff, 0x6b, 0x00, 0x00, 0x00, 0x6b, 0xff, 0xae, 0x33, 0xff, 0xff, 0x00, 0x00, 0x00, 0x5c,
	0xff, 0xae, 0x00, 0x00, 0x00, 0x00, 0x6b, 0xff, 0x6b, 0x00, 0x00, 0x00, 0x6b, 0xff, 0xae, 0x33,
	0xff, 0xff, 0x00, 0x00, 0x00, 0x6b, 0xff, 0x7a, 0x00, 0x00, 0x00, 0x00, 0x6b, 0xff, 0x6b, 0x00,
	0x00, 0x00, 0x6b, 0xff, 0xae, 0x33, 0xff, 0xff, 0x00, 0x00, 0x00, 0x6b, 0xff, 0x6b, 0x00, 0x00,
	0x00, 0x00, 0x6b, 0xff, 0x6b, 0x00, 0x00, 0x00, 0x6b, 0xff, 0xae, 0x33, 0xff, 0xff, 0x00, 0x00,
	0x00, 0x6b, 0xff, 0x7a, 0x00, 0x00, 0x00, 0x00, 0x6b, 0xff, 0x6b, 0x00, 0x00, 0x00, 0x9c, 0xff,
	0x6b, 0x19, 0xff, 0xff, 0x19, 0x00, 0x00, 0x4e, 0xff, 0xda, 0x00, 0x00, 0x00, 0x00, 0xae, 0xff,
	0x6b, 0x00, 0x00, 0x0c, 0xff, 0xff, 0x26, 0x00, 0xda, 0xff, 0x5c, 0x00, 0x00, 0x0c, 0xff, 0xff,
	0x6b, 0x00, 0x0c, 0x8b, 0xda, 0xff, 0xda, 0x0c, 0x0c, 0x8b, 0xff, 0xda, 0x00, 0x00, 0x7a, 0xff,
	0xda, 0x00, 0x00, 0x00, 0x6b, 0xff, 0xff, 0xff, 0xff, 0xff, 0x40, 0x6b, 0xff, 0xff, 0xff, 0xff,
	0xff, 0x26, 0x00, 0x00, 0x19, 0xff, 0xff, 0x5c, 0x00, 0x00, 0x00, 0x5c, 0xda, 0xff, 0xda, 0x4e,
	0x00, 0x00, 0x7a, 0xff, 0xff, 0xae, 0x33, 0x00, 0x00, 0x00, 0x00, 0x7a, 0xff, 0xff, 0x26, 0x00,
	0x00, 0x00, 0x00, 0x00, 0x00, 0x00, 0x00, 0x00, 0x00, 0x00, 0x00, 0x00, 0x00, 0x00, 0x00, 0x00,
	0x00, 0x00, 0xc3, 0xff, 0xff, 0x5c, 0x00, 0x00, 0x00, 0x00, 0x00, 0x00, 0x00, 0x00, 0x00, 0x00,
	0x00, 0x00, 0x00, 0x00, 0x00, 0x00, 0x00, 0x00, 0x0c, 0xae, 0xff, 0xff, 0xda, 0x5c, 0x33, 0x00,
	0x00, 0x00, 0x19, 0x33, 0x6b, 0x33, 0x00, 0x00, 0x00, 0x00, 0x00, 0x00, 0x00, 0x00, 0x00, 0x00,
	0x5c, 0xff, 0xff, 0xff, 0xff, 0xff, 0xff, 0xff, 0xff, 0xff, 0xff, 0x8b, 0x00, 0x00, 0x00, 0x00,
	0x00, 0x00, 0x00, 0x00, 0x00, 0x00, 0x00, 0x00, 0x4e, 0x8b, 0xc3, 0xff, 0xff, 0xff, 0xda, 0xae,
	0x5c, 0x19, 0x00, 0x00, 0x00, 0x00, 0x00, 0x00, 0x00, 0x00, 0x00, 0x00, 0x9c, 0xff, 0xff, 0x5c,
	0x00, 0x00, 0x00, 0x00, 0x00, 0x00, 0x00, 0x00, 0x00, 0x0c, 0xff, 0xff, 0xff, 0xc3, 0x00, 0x00,
	0x00, 0x00, 0x00, 0x00, 0x00, 0x00, 0x00, 0x40, 0xff, 0xae, 0xff, 0xff, 0x19, 0x00, 0x00, 0x00,
	0x00, 0x00, 0x00, 0x00, 0x00, 0x8b, 0xff, 0x5c, 0xae, 0xff, 0x5c, 0x00, 0x00, 0x00, 0x00, 0x00,
	0x00, 0x00, 0x00, 0xff, 0xff, 0x19, 0x5c, 0xff, 0x9c, 0x00, 0x00, 0x00, 0x00, 0x00, 0x00, 0x00,
	0x40, 0xff, 0xda, 0x00, 0x26, 0xff, 0xff, 0x0c, 0x00, 0x00, 0x00, 0x00, 0x00, 0x00, 0x7a, 0xff,
	0x7a, 0x00, 0x00, 0xda, 0xff, 0x4e, 0x00, 0x00, 0x00, 0x00, 0x00, 0x00, 0xda, 0xff, 0x33, 0x00,
	0x00, 0x8b, 0xff, 0x8b, 0x00, 0x00, 0x00, 0x00, 0x00, 0x26, 0xff, 0xff, 0x00, 0x00, 0x00, 0x40,
	0xff, 0xff, 0x00, 0x00, 0x00, 0x00, 0x00, 0x7a, 0xff, 0x9c, 0x00, 0x00, 0x00, 0x0c, 0xff, 0xff,
	0x40, 0x00, 0x00, 0x00, 0x00, 0xc3, 0xff, 0x4e, 0x00, 0x00, 0x00, 0x00, 0xae, 0xff, 0x8b, 0x00,
	0x00, 0x00, 0x19, 0xff, 0xff, 0xff, 0xff, 0xff, 0xff, 0xff, 0xff, 0xff, 0xda, 0x00, 0x00, 0x00,
	0x5c, 0xff, 0xff, 0xff, 0xff, 0xff, 0xff, 0xff, 0xff, 0xff, 0xff, 0x26, 0x00, 0x00, 0xc3, 0xff,
	0x7a, 0x00, 0x00, 0x00, 0x00, 0x00, 0x00, 0xda, 0xff, 0x7a, 0x00, 0x0c, 0xff, 0xff, 0x26, 0x00,
	0x00, 0x00, 0x00, 0x00, 0x00, 0x7a, 0xff, 0xc3, 0x00, 0x4e, 0xff, 0xff, 0x00, 0x00, 0x00, 0x00,
	0x00, 0x00, 0x00, 0x40, 0xff, 0xff, 0x19, 0x9c, 0xff, 0x8b, 0x00, 0x00, 0x00, 0x00, 0x00, 0x00,
	0x00, 0x00, 0xff, 0xff, 0x5c, 0x6b, 0xff, 0xff, 0xff, 0xff, 0xff, 0xc3, 0x8b, 0x33, 0x00, 0x00,
	0x00, 0x6b, 0xff, 0xff, 0xff, 0xff, 0xff, 0xff, 0xff, 0xff, 0x8b, 0x00, 0x00, 0x6b, 0xff, 0xae,
	0x00, 0x00, 0x00, 0x26, 0x6b, 0xff, 0xff, 0x5c, 0x00, 0x6b, 0xff, 0xae, 0x00, 0x00, 0x00, 0x00,
	0x00, 0x9c, 0xff, 0xae, 0x00, 0x6b, 0xff, 0xae, 0x00, 0x00, 0x00, 0x00, 0x00, 0x6b, 0xff, 0xae,
	0x00, 0x6b, 0xff, 0xae, 0x00, 0x00, 0x00, 0x00, 0x00, 0xae, 0xff, 0x8b, 0x00, 0x6b, 0xff, 0xae,
	0x00, 0x00, 0x00, 0x26, 0x9c, 0xff, 0xff, 0x19, 0x00, 0x6b, 0xff, 0xff, 0xff, 0xff, 0xff, 0xff,
	0xff, 0x8b, 0x19, 0x00, 0x00, 0x6b, 0xff, 0xff, 0xff, 0xff, 0xff, 0xff, 0xff, 0xda, 0x6b, 0x00,
	0x00, 0x6b, 0xff, 0xae, 0x00, 0x00, 0x00, 0x0c, 0x4e, 0xff, 0xff, 0xae, 0x00, 0x6b, 0xff, 0xae,
	0x00, 0x00, 0x00, 0x00, 0x00, 0x33, 0xff, 0xff, 0x40, 0x6b, 0xff, 0xae, 0x00, 0x00, 0x00, 0x00,
	0x00, 0x00, 0xff, 0xff, 0x6b, 0x6b, 0xff, 0xae, 0x00, 0x00, 0x00, 0x00, 0x00, 0x00, 0xff, 0xff,
	0x6b, 0x6b, 0xff, 0xae, 0x00, 0x00, 0x00, 0x00, 0x00, 0x19, 0xff, 0xff, 0x4e, 0x6b, 0xff, 0xae,
	0x00, 0x00, 0x00, 0x19, 0x4e, 0xda, 0xff, 0xff, 0x0c, 0x6b, 0xff, 0xff, 0xff, 0xff, 0xff, 0xff,
	0xff, 0xff, 0xff, 0x26, 0x00, 0x6b, 0xff, 0xff, 0xff, 0xff, 0xff, 0xff, 0xae, 0x5c, 0x0c, 0x00,
	0x00, 0x00, 0x00, 0x00, 0x0c, 0x5c, 0xc3, 0xff, 0xff, 0xff, 0x8b, 0x26, 0x00, 0x00, 0x00, 0x26,
	0xc3, 0xff, 0xff, 0xff, 0xff, 0xff, 0xff, 0xff, 0x4e, 0x00, 0x0c, 0xda, 0xff, 0xff, 0x4e, 0x0c,
	0x00, 0x19, 0x6b, 0xff, 0x26, 0x00, 0x7a, 0xff, 0xff, 0x26, 0x00, 0x00, 0x00, 0x00, 0x00, 0x0c,
	0x00, 0x0c, 0xff, 0xff, 0x4e, 0x00, 0x00, 0x00, 0x00, 0x00, 0x00, 0x00, 0x00, 0x4e, 0xff, 0xff,
	0x0c, 0x00, 0x00, 0x00, 0x00, 0x00, 0x00, 0x00, 0x00, 0x6b, 0xff, 0xda, 0x00, 0x00, 0x00, 0x00,
	0x00, 0x00, 0x00, 0x00, 0x00, 0x9c, 0xff, 0xae, 0x00, 0x00, 0x00, 0x00, 0x00, 0x00, 0x00, 0x00,
	0x00, 0xae, 0xff, 0xae, 0x00, 0x00, 0x00, 0x00, 0x00, 0x00, 0x00, 0x00, 0x00, 0x9c, 0xff, 0xae,
	0x00, 0x00, 0x00, 0x00, 0x00, 0x00, 0x00, 0x00, 0x00, 0x6b, 0xff, 0xda, 0x00, 0x00, 0x00, 0x00,
	0x00, 0x00, 0x00, 0x00, 0x00, 0x4e, 0xff, 0xff, 0x0c, 0x00, 0x00, 0x00, 0x00, 0x00, 0x00, 0x00,
	0x00, 0x0c, 0xff, 0xff, 0x6b, 0x00, 0x00, 0x00, 0x00, 0x00, 0x00, 0x00, 0x00, 0x00, 0x8b, 0xff,
	0xff, 0x26, 0x00, 0x00, 0x00, 0x00, 0x00, 0x19, 0x00, 0x00, 0x0c, 0xff, 0xff, 0xff, 0x4e, 0x0c,
	0x00, 0x19, 0x6b, 0xff, 0x6b, 0x00, 0x00, 0x26, 0xda, 0xff, 0xff, 0xff, 0xff, 0xff, 0xff, 0xff,
	0x7a, 0x00, 0x00, 0x00, 0x0c, 0x5c, 0xc3, 0xff, 0xff, 0xff, 0x8b, 0x33, 0x00, 0x6b, 0xff, 0xff,
	0xff, 0xff, 0xff, 0xae, 0x5c, 0x0c, 0x00, 0x00, 0x00, 0x00, 0x6b, 0xff, 0xff, 0xff, 0xff, 0xff,
	0xff, 0xff, 0xff, 0x6b, 0x00, 0x00, 0x00, 0x6b, 0xff, 0xae, 0x00, 0x00, 0x0c, 0x40, 0x9c, 0xff,
	0xff, 0x7a, 0x00, 0x00, 0x6b, 0xff, 0xae, 0x00, 0x00, 0x00, 0x00, 0x00, 0x8b, 0xff, 0xff, 0x33,
	0x00, 0x6b, 0xff, 0xae, 0x00, 0x00, 0x00, 0x00, 0x00, 0x0c, 0xff, 0xff, 0x8b, 0x00, 0x6b, 0xff,
	0xae, 0x00, 0x00, 0x00, 0x00, 0x00, 0x00, 0x8b, 0xff, 0xda, 0x00, 0x6b, 0xff, 0xae, 0x00, 0x00,
	0x00, 0x00, 0x00, 0x00, 0x5c, 0xff, 0xff, 0x00, 0x6b, 0xff, 0xae, 0x00, 0x00, 0x00, 0x00, 0x00,
	0x00, 0x33, 0xff, 0xff, 0x0c, 0x6b, 0xff, 0xae, 0x00, 0x00, 0x00, 0x00, 0x00, 0x00, 0x33, 0xff,
	0xff, 0x33, 0x6b, 0xff, 0xae, 0x00, 0x00, 0x00, 0x00, 0x00, 0x00, 0x33, 0xff, 0xff, 0x0c, 0x6b,
	0xff, 0xae, 0x00, 0x00, 0x00, 0x00, 0x00, 0x00, 0x5c, 0xff, 0xff, 0x00, 0x6b, 0xff, 0xae, 0x00,
	0x00, 0x00, 0x00, 0x00, 0x00, 0x8b, 0xff, 0xc3, 0x00, 0x6b, 0xff, 0xae, 0x00, 0x00, 0x00, 0x00,
	0x00, 0x0c, 0xff, 0xff, 0x7a, 0x00, 0x6b, 0xff, 0xae, 0x00, 0x00, 0x00, 0x00, 0x00, 0x8b, 0xff,
	0xff, 0x19, 0x00, 0x6b, 0xff, 0xae, 0x00, 0x00, 0x0c, 0x40, 0xc3, 0xff, 0xff, 0x4e, 0x00, 0x00,
	0x6b, 0xff, 0xff, 0xff, 0xff, 0xff, 0xff, 0xff, 0xff, 0x4e, 0x00, 0x00, 0x00, 0x6b, 0xff, 0xff,
	0xff, 0xff, 0xff, 0xae, 0x5c, 0x0c, 0x00, 0x00, 0x00, 0x00, 0x6b, 0xff, 0xff, 0xff, 0xff, 0xff,
	0xff, 0xff, 0xff, 0x33, 0x6b, 0xff, 0xff, 0xff, 0xff, 0xff, 0xff, 0xff, 0xff, 0x26, 0x6b, 0xff,
	0xae, 0x00, 0x00, 0x00, 0x00, 0x00, 0x00, 0x00, 0x6b, 0xff, 0xae, 0x00, 0x00, 0x00, 0x00, 0x00,
	0x00, 0x00, 0x6b, 0xff, 0xae, 0x00, 0x00, 0x00, 0x00, 0x00, 0x00, 0x00, 0x6b, 0xff, 0xae, 0x00,
	0x00, 0x00, 0x00, 0x00, 0x00, 0x00, 0x6b, 0xff, 0xae, 0x00, 0x00, 0x00, 0x00, 0x00, 0x00, 0x00,
	0x6b, 0xff, 0xae, 0x00, 0x00, 0x00, 0x00, 0x00, 0x00, 0x00, 0x6b, 0xff, 0xff, 0xff, 0xff, 0xff,
	0xff, 0xff, 0x33, 0x00, 0x6b, 0xff, 0xff, 0xff, 0xff, 0xff, 0xff, 0xff, 0x33, 0x00, 0x6b, 0xff,
	0xae, 0x00, 0x00, 0x00, 0x00, 0x00, 0x00, 0x00, 0x6b, 0xff, 0xae, 0x00, 0x00, 0x00, 0x00, 0x00,
	0x00, 0x00, 0x6b, 0xff, 0xae, 0x00, 0x00, 0x00, 0x00, 0x00, 0x00, 0x00, 0x6b, 0xff, 0xae, 0x00,
	0x00, 0x00, 0x00, 0x00, 0x00, 0x00, 0x6b, 0xff, 0xae, 0x00, 0x00, 0x00, 0x00, 0x00, 0x00, 0x00,
	0x6b, 0xff, 0xff, 0xff, 0xff, 0xff, 0xff, 0xff, 0xff, 0x6b, 0x6b, 0xff, 0xff, 0xff, 0xff, 0xff,
	0xff, 0xff, 0xff, 0x6b, 0x6b, 0xff, 0xff, 0xff, 0xff, 0xff, 0xff, 0xff, 0xff, 0x19, 0x6b, 0xff,
	0xff, 0xff, 0xff, 0xff, 0xff, 0xff, 0xff, 0x00, 0x6b, 0xff, 0xae, 0x00, 0x00, 0x00, 0x00, 0x00,
	0x00, 0x00, 0x6b, 0xff, 0xae, 0x00, 0x00, 0x00, 0x00, 0x00, 0x00, 0x00, 0x6b, 0xff, 0xae, 0x00,
	0x00, 0x00, 0x00, 0x00, 0x00, 0x00, 0x6b, 0xff, 0xae, 0x00, 0x00, 0x00, 0x00, 0x00, 0x00, 0x00,
	0x6b, 0xff, 0xae, 0x00, 0x00, 0x00, 0x00, 0x00, 0x00, 0x00, 0x6b, 0xff, 0xae, 0x00, 0x00, 0x00,
	0x00, 0x00, 0x00, 0x00, 0x6b, 0xff, 0xff, 0xff, 0xff, 0xff, 0xff, 0xff, 0x00, 0x00, 0x6b, 0xff,
	0xff, 0xff, 0xff, 0xff, 0xff, 0xff, 0x00, 0x00, 0x6b, 0xff, 0xae, 0x00, 0x00, 0x00, 0x00, 0x00,
	0x00, 0x00, 0x6b, 0xff, 0xae, 0x00, 0x00, 0x00, 0x00, 0x00, 0x00, 0x00, 0x6b, 0xff, 0xae, 0x00,
	0x00, 0x00, 0x00, 0x00, 0x00, 0x00, 0x6b, 0xff, 0xae, 0x00, 0x00, 0x00, 0x00, 0x00, 0x00, 0x00,
	0x6b, 0xff, 0xae, 0x00, 0x00, 0x00, 0x00, 0x00, 0x00, 0x00, 0x6b, 0xff, 0xae, 0x00, 0x00, 0x00,
	0x00, 0x00, 0x00, 0x00, 0x6b, 0xff, 0xae, 0x00, 0x00, 0x00, 0x00, 0x00, 0x00, 0x00, 0x00, 0x00,
	0x00, 0x00, 0x4e, 0x9c, 0xff, 0xff, 0xff, 0xae, 0x4e, 0x00, 0x00, 0x00, 0x00, 0x0c, 0xae, 0xff,
	0xff, 0xff, 0xff, 0xff, 0xff, 0xff, 0xc3, 0x19, 0x00, 0x00, 0xc3, 0xff, 0xff, 0x6b, 0x19, 0x00,
	0x0c, 0x40, 0xae, 0xc3, 0x0c, 0x00, 0x6b, 0xff, 0xff, 0x26, 0x00, 0x00, 0x00, 0x00, 0x00, 0x00,
	0x0c, 0x00, 0x00, 0xff, 0xff, 0x8b, 0x00, 0x00, 0x00, 0x00, 0x00, 0x00, 0x00, 0x00, 0x00, 0x40,
	0xff, 0xff, 0x19, 0x00, 0x00, 0x00, 0x00, 0x00, 0x00, 0x00, 0x00, 0x00, 0x6b, 0xff, 0xff, 0x00,
	0x00, 0x00, 0x00, 0x00, 0x00, 0x00, 0x00, 0x00, 0x00, 0x9c, 0xff, 0xae, 0x00, 0x00, 0x00, 0x00,
	0xae, 0xff, 0xff, 0xff, 0xff, 0xae, 0xae, 0xff, 0xae, 0x00, 0x00, 0x00, 0x00, 0x7a, 0xff, 0xff,
	0xff, 0xff, 0xae, 0xae, 0xff, 0xae, 0x00, 0x00, 0x00, 0x00, 0x00, 0x00, 0x00, 0x6b, 0xff, 0xae,
	0x6b, 0xff, 0xda, 0x00, 0x00, 0x00, 0x00, 0x00, 0x00, 0x00, 0x6b, 0xff, 0xae, 0x4e, 0xff, 0xff,
	0x0c, 0x00, 0x00, 0x00, 0x00, 0x00, 0x00, 0x6b, 0xff, 0xae, 0x19, 0xff, 0xff, 0x4e, 0x00, 0x00,
	0x00, 0x00, 0x00, 0x00, 0x6b, 0xff, 0xae, 0x00, 0xae, 0xff, 0xda, 0x0c, 0x00, 0x00, 0x00, 0x00,
	0x00, 0x6b, 0xff, 0xae, 0x00, 0x26, 0xff, 0xff, 0xc3, 0x40, 0x00, 0x00, 0x19, 0x4e, 0xda, 0xff,
	0xae, 0x00, 0x00, 0x26, 0xff, 0xff, 0xff, 0xff, 0xff, 0xff, 0xff, 0xff, 0xff, 0x6b, 0x00, 0x00,
	0x00, 0x0c, 0x7a, 0xc3, 0xff, 0xff, 0xff, 0xae, 0x5c, 0x19, 0x00, 0x6b, 0xff, 0xae, 0x00, 0x00,
	0x00, 0x00, 0x00, 0x00, 0x33, 0xff, 0xff, 0x6b, 0xff, 0xae, 0x00, 0x00, 0x00, 0x00, 0x00, 0x00,
	0x33, 0xff, 0xff, 0x6b, 0xff, 0xae, 0x00, 0x00, 0x00, 0x00, 0x00, 0x00, 0x33, 0xff, 0xff, 0x6b,
	0xff, 0xae, 0x00, 0x00, 0x00, 0x00, 0x00, 0x00, 0x33, 0xff, 0xff, 0x6b, 0xff, 0xae, 0x00, 0x00,
	0x00, 0x00, 0x00, 0x00, 0x33, 0xff, 0xff, 0x6b, 0xff, 0xae, 0x00, 0x00, 0x00, 0x00, 0x00, 0x00,
	0x33, 0xff, 0xff, 0x6b, 0xff, 0xae, 0x00, 0x00, 0x00, 0x00, 0x00, 0x00, 0x33, 0xff, 0xff, 0x6b,
	0xff, 0xff, 0xff, 0xff, 0xff, 0xff, 0xff, 0xff, 0xff, 0xff, 0xff, 0x6b, 0xff, 0xff, 0xff, 0xff,
	0xff, 0xff, 0xff, 0xff, 0xff, 0xff, 0xff, 0x6b, 0xff, 0xae, 0x00, 0x00, 0x00, 0x00, 0x00, 0x00,
	0x33, 0xff, 0xff, 0x6b, 0xff, 0xae, 0x00, 0x00, 0x00, 0x00, 0x00, 0x00, 0x33, 0xff, 0xff, 0x6b,
	0xff, 0xae, 0x00, 0x00, 0x00, 0x00, 0x00, 0x00, 0x33, 0xff, 0xff, 0x6b, 0xff, 0xae, 0x00, 0x00,
	0x00, 0x00, 0x00, 0x00, 0x33, 0xff, 0xff, 0x6b, 0xff, 0xae, 0x00, 0x00, 0x00, 0x00, 0x00, 0x00,
	0x33, 0xff, 0xff, 0x6b, 0xff, 0xae, 0x00, 0x00, 0x00, 0x00, 0x00, 0x00, 0x33, 0xff, 0xff, 0x6b,
	0xff, 0xae, 0x00, 0x00, 0x00, 0x00, 0x00, 0x00, 0x33, 0xff, 0xff, 0x6b, 0xff, 0xae, 0x00, 0x00,
	0x00, 0x00, 0x00, 0x00, 0x33, 0xff, 0xff, 0x6b, 0xff, 0xae, 0x6b, 0xff, 0xae, 0x6b, 0xff, 0xae,
	0x6b, 0xff, 0xae, 0x6b, 0xff, 0xae, 0x6b, 0xff, 0xae, 0x6b, 0xff, 0xae, 0x6b, 0xff, 0xae, 0x6b,
	0xff, 0xae, 0x6b, 0xff, 0xae, 0x6b, 0xff, 0xae, 0x6b, 0xff, 0xae, 0x6b, 0xff, 0xae, 0x6b, 0xff,
	0xae, 0x6b, 0xff, 0xae, 0x6b, 0xff, 0xae, 0x6b, 0xff, 0xae, 0x00, 0x00, 0x33, 0xff, 0xff, 0x00,
	0x00, 0x33, 0xff, 0xff, 0x00, 0x00, 0x33, 0xff, 0xff, 0x00, 0x00, 0x33, 0xff, 0xff, 0x00, 0x00,
	0x33, 0xff, 0xff, 0x00, 0x00, 0x33, 0xff, 0xff, 0x00, 0x00, 0x33, 0xff, 0xff, 0x00, 0x00, 0x33,
	0xff, 0xff, 0x00, 0x00, 0x33, 0xff, 0xff, 0x00, 0x00, 0x33, 0xff, 0xff, 0x00, 0x00, 0x33, 0xff,
	0xff, 0x00, 0x00, 0x33, 0xff, 0xff, 0x00, 0x00, 0x33, 0xff, 0xff, 0x00, 0x00, 0x33, 0xff, 0xff,
	0x00, 0x00, 0x33, 0xff, 0xff, 0x00, 0x00, 0x40, 0xff, 0xff, 0x00, 0x00, 0x8b, 0xff, 0xae, 0x00,
	0x6b, 0xff, 0xff, 0x40, 0xae, 0xff, 0xff, 0x4e, 0x00, 0x5c, 0x8b, 0x19, 0x00, 0x00, 0x6b, 0xff,
	0xae, 0x00, 0x00, 0x00, 0x00, 0x00, 0x40, 0xff, 0xff, 0x4e, 0x00, 0x6b, 0xff, 0xae, 0x00, 0x00,
	0x00, 0x00, 0x26, 0xff, 0xff, 0x6b, 0x00, 0x00, 0x6b, 0xff, 0xae, 0x00, 0x00, 0x00, 0x0c, 0xc3,
	0xff, 0x8b, 0x00, 0x00, 0x00, 0x6b, 0xff, 0xae, 0x00, 0x00, 0x00, 0x8b, 0xff, 0xc3, 0x0c, 0x00,
	0x00, 0x00, 0x6b, 0xff, 0xae, 0x00, 0x00, 0x5c, 0xff, 0xff, 0x19, 0x00, 0x00, 0x00, 0x00, 0x6b,
	0xff, 0xae, 0x00, 0x33, 0xff, 0xff, 0x33, 0x00, 0x00, 0x00, 0x00, 0x00, 0x6b, 0xff, 0xae, 0x0c,
	0xff, 0xff, 0x5c, 0x00, 0x00, 0x00, 0x00, 0x00, 0x00, 0x6b, 0xff, 0xae, 0xc3, 0xff, 0x9c, 0x00,
	0x00, 0x00, 0x00, 0x00, 0x00, 0x00, 0x6b, 0xff, 0xc3, 0xc3, 0xff, 0xda, 0x0c, 0x00, 0x00, 0x00,
	0x00, 0x00, 0x00, 0x6b, 0xff, 0xae, 0x26, 0xff, 0xff, 0x9c, 0x00, 0x00, 0x00, 0x00, 0x00, 0x00,
	0x6b, 0xff, 0xae, 0x00, 0x4e, 0xff, 0xff, 0x5c, 0x00, 0x00, 0x00, 0x00, 0x00, 0x6b, 0xff, 0xae,
	0x00, 0x00, 0x9c, 0xff, 0xff, 0x26, 0x00, 0x00, 0x00, 0x00, 0x6b, 0xff, 0xae, 0x00, 0x00, 0x0c,
	0xda, 0xff, 0xc3, 0x0c, 0x00, 0x00, 0x00, 0x6b, 0xff, 0xae, 0x00, 0x00, 0x00, 0x26, 0xff, 0xff,
	0x7a, 0x00, 0x00, 0x00, 0x6b, 0xff, 0xae, 0x00, 0x00, 0x00, 0x00, 0x6b, 0xff, 0xff, 0x40, 0x00,
	0x00, 0x6b, 0xff, 0xae, 0x00, 0x00, 0x00, 0x00, 0x00, 0xae, 0xff, 0xff, 0x19, 0x00, 0x6b, 0xff,
	0xae, 0x00, 0x00, 0x00, 0x00, 0x00, 0x19, 0xff, 0xff, 0xae, 0x0c, 0x6b, 0xff, 0xae, 0x00, 0x00,
	0x00, 0x00, 0x00, 0x00, 0x00, 0x6b, 0xff, 0xae, 0x00, 0x00, 0x00, 0x00, 0x00, 0x00, 0x00, 0x6b,
	0xff, 0xae, 0x00, 0x00, 0x00, 0x00, 0x00, 0x00, 0x00, 0x6b, 0xff, 0xae, 0x00, 0x00, 0x00, 0x00,
	0x00, 0x00, 0x00, 0x6b, 0xff, 0xae, 0x00, 0x00, 0x00, 0x00, 0x00, 0x00, 0x00, 0x6b, 0xff, 0xae,
	0x00, 0x00, 0x00, 0x00, 0x00, 0x00, 0x00, 0x6b, 0xff, 0xae, 0x00, 0x00, 0x00, 0x00, 0x00, 0x00,
	0x00, 0x6b, 0xff, 0xae, 0x00, 0x00, 0x00, 0x00, 0x00, 0x00, 0x00, 0x6b, 0xff, 0xae, 0x00, 0x00,
	0x00, 0x00, 0x00, 0x00, 0x00, 0x6b, 0xff, 0xae, 0x00, 0x00, 0x00, 0x00, 0x00, 0x00, 0x00, 0x6b,
	0xff, 0xae, 0x00, 0x00, 0x00, 0x00, 0x00, 0x00, 0x00, 0x6b, 0xff, 0xae, 0x00, 0x00, 0x00, 0x00,
	0x00, 0x00, 0x00, 0x6b, 0xff, 0xae, 0x00, 0x00, 0x00, 0x00, 0x00, 0x00, 0x00, 0x6b, 0xff, 0xae,
	0x00, 0x00, 0x00, 0x00, 0x00, 0x00, 0x00, 0x6b, 0xff, 0xae, 0x00, 0x00, 0x00, 0x00, 0x00, 0x00,
	0x00, 0x6b, 0xff, 0xff, 0xff, 0xff, 0xff, 0xff, 0xff, 0xff, 0x5c, 0x6b, 0xff, 0xff, 0xff, 0xff,
	0xff, 0xff, 0xff, 0xff, 0x33, 0x00, 0x33, 0xff, 0xff, 0xff, 0x0c, 0x00, 0x00, 0x00, 0x00, 0x00,
	0x5c, 0xff, 0xff, 0xc3, 0x00, 0x00, 0x00, 0x33, 0xff, 0xff, 0xff, 0x4e, 0x00, 0x00, 0x00, 0x00,
	0x00, 0x9c, 0xff, 0xff, 0xff, 0x00, 0x00, 0x00, 0x33, 0xff, 0xff, 0xff, 0x8b, 0x00, 0x00, 0x00,
	0x00, 0x00, 0xff, 0xff, 0xff, 0xff, 0x00, 0x00, 0x00, 0x6b, 0xff, 0x9c, 0xff, 0xda, 0x00, 0x00,
	0x00, 0x00, 0x26, 0xff, 0x9c, 0xff, 0xff, 0x0c, 0x00, 0x00, 0x6b, 0xff, 0x6b, 0xda, 0xff, 0x26,
	0x00, 0x00, 0x00, 0x6b, 0xff, 0x5c, 0xff, 0xff, 0x33, 0x00, 0x00, 0x6b, 0xff, 0x6b, 0x7a, 0xff,
	0x5c, 0x00, 0x00, 0x00, 0xae, 0xff, 0x19, 0xda, 0xff, 0x33, 0x00, 0x00, 0xae, 0xff, 0x6b, 0x40,
	0xff, 0xae, 0x00, 0x00, 0x00, 0xff, 0xda, 0x00, 0xae, 0xff, 0x33, 0x00, 0x00, 0xae, 0xff, 0x33,
	0x00, 0xff, 0xff, 0x0c, 0x00, 0x40, 0xff, 0x7a, 0x00, 0xae, 0xff, 0x6b, 0x00, 0x00, 0xae, 0xff,
	0x33, 0x00, 0x9c, 0xff, 0x40, 0x00, 0x7a, 0xff, 0x40, 0x00, 0xae, 0xff, 0x6b, 0x00, 0x00, 0xff,
	0xff, 0x33, 0x00, 0x4e, 0xff, 0x8b, 0x00, 0xc3, 0xff, 0x00, 0x00, 0x6b, 0xff, 0x6b, 0x00, 0x00,
	0xff, 0xff, 0x19, 0x00, 0x19, 0xff, 0xda, 0x0c, 0xff, 0x9c, 0x00, 0x00, 0x6b, 0xff, 0xae, 0x00,
	0x00, 0xff, 0xff, 0x00, 0x00, 0x00, 0xc3, 0xff, 0x6b, 0xff, 0x5c, 0x00, 0x00, 0x6b, 0xff, 0xae,
	0x00, 0x26, 0xff, 0xff, 0x00, 0x00, 0x00, 0x6b, 0xff, 0xff, 0xff, 0x19, 0x00, 0x00, 0x40, 0xff,
	0xae, 0x00, 0x33, 0xff, 0xff, 0x00, 0x00, 0x00, 0x26, 0xff, 0xff, 0xda, 0x00, 0x00, 0x00, 0x33,
	0xff, 0xff, 0x00, 0x33, 0xff, 0xae, 0x00, 0x00, 0x00, 0x00, 0xda, 0xff, 0x8b, 0x00, 0x00, 0x00,
	0x33, 0xff, 0xff, 0x00, 0x5c, 0xff, 0xae, 0x00, 0x00, 0x00, 0x00, 0x00, 0x00, 0x00, 0x00, 0x00,
	0x00, 0x26, 0xff, 0xff, 0x00, 0x6b, 0xff, 0xae, 0x00, 0x00, 0x00, 0x00, 0x00, 0x00, 0x00, 0x00,
	0x00, 0x00, 0x00, 0xff, 0xff, 0x26, 0x6b, 0xff, 0xff, 0x8b, 0x00, 0x00, 0x00, 0x00, 0x00, 0x33,
	0xff, 0xff, 0x6b, 0xff, 0xff, 0xff, 0x19, 0x00, 0x00, 0x00, 0x00, 0x33, 0xff, 0xff, 0x6b, 0xff,
	0xff, 0xff, 0x6b, 0x00, 0x00, 0x00, 0x00, 0x33, 0xff, 0xff, 0x6b, 0xff, 0x8b, 0xff, 0xff, 0x0c,
	0x00, 0x00, 0x00, 0x33, 0xff, 0xff, 0x6b, 0xff, 0x4e, 0xda, 0xff, 0x6b, 0x00, 0x00, 0x00, 0x33,
	0xff, 0xff, 0x6b, 0xff, 0x6b, 0x6b, 0xff, 0xff, 0x0c, 0x00, 0x00, 0x33, 0xff, 0xff, 0x6b, 0xff,
	0x6b, 0x0c, 0xff, 0xff, 0x4e, 0x00, 0x00, 0x33, 0xff, 0xff, 0x6b, 0xff, 0x6b, 0x00, 0x6b, 0xff,
	0xda, 0x00, 0x00, 0x33, 0xff, 0xff, 0x6b, 0xff, 0x6b, 0x00, 0x0c, 0xff, 0xff, 0x4e, 0x00, 0x33,
	0xff, 0xff, 0x6b, 0xff, 0x6b, 0x00, 0x00, 0x8b, 0xff, 0xda, 0x00, 0x33, 0xff, 0xff, 0x6b, 0xff,
	0x6b, 0x00, 0x00, 0x19, 0xff, 0xff, 0x33, 0x0c, 0xff, 0xff, 0x6b, 0xff, 0x6b, 0x00, 0x00, 0x00,
	0x8b, 0xff, 0xae, 0x00, 0xff, 0xff, 0x6b, 0xff, 0x6b, 0x00, 0x00, 0x00, 0x19, 0xff, 0xff, 0x33,
	0xff, 0xff, 0x6b, 0xff, 0x6b, 0x00, 0x00, 0x00, 0x00, 0xae, 0xff, 0xae, 0xff, 0xff, 0x6b, 0xff,
	0x6b, 0x00, 0x00, 0x00, 0x00, 0x33, 0xff, 0xff, 0xda, 0xff, 0x6b, 0xff, 0x6b, 0x00, 0x00, 0x00,
	0x00, 0x00, 0xae, 0xff, 0xff, 0xff, 0x6b, 0xff, 0x6b, 0x00, 0x00, 0x00, 0x00, 0x00, 0x33, 0xff,
	0xff, 0xff, 0x00, 0x00, 0x00, 0x00, 0x5c, 0xae, 0xff, 0xff, 0xff, 0x9c, 0x33, 0x00, 0x00, 0x00,
	0x00, 0x00, 0x00, 0x26, 0xc3, 0xff, 0xff, 0xff, 0xff, 0xff, 0xff, 0xff, 0x8b, 0x00, 0x00, 0x00,
	0x00, 0x0c, 0xda, 0xff, 0xda, 0x4e, 0x0c, 0x00, 0x19, 0x6b, 0xff, 0xff, 0x7a, 0x00, 0x00, 0x00,
	0x7a, 0xff, 0xff, 0x0c, 0x00, 0x00, 0x00, 0x00, 0x00, 0x4e, 0xff, 0xff, 0x33, 0x00, 0x0c, 0xff,
	0xff, 0x4e, 0x00, 0x00, 0x00, 0x00, 0x00, 0x00, 0x00, 0xc3, 0xff, 0x8b, 0x00, 0x40, 0xff, 0xff,
	0x0c, 0x00, 0x00, 0x00, 0x00, 0x00, 0x00, 0x00, 0x6b, 0xff, 0xff, 0x00, 0x6b, 0xff, 0xda, 0x00,
	0x00, 0x00, 0x00, 0x00, 0x00, 0x00, 0x00, 0x33, 0xff, 0xff, 0x26, 0x9c, 0xff, 0xae, 0x00, 0x00,
	0x00, 0x00, 0x00, 0x00, 0x00, 0x00, 0x33, 0xff, 0xff, 0x33, 0xae, 0xff, 0xae, 0x00, 0x00, 0x00,
	0x00, 0x00, 0x00, 0x00, 0x00, 0x33, 0xff, 0xff, 0x33, 0xae, 0xff, 0xae, 0x00, 0x00, 0x00, 0x00,
	0x00, 0x00, 0x00, 0x00, 0x33, 0xff, 0xff, 0x33, 0x6b, 0xff, 0xda, 0x00, 0x00, 0x00, 0x00, 0x00,
	0x00, 0x00, 0x00, 0x33, 0xff, 0xff, 0x26, 0x4e, 0xff, 0xff, 0x0c, 0x00, 0x00, 0x00, 0x00, 0x00,
	0x00, 0x00, 0x6b, 0xff, 0xff, 0x00, 0x0c, 0xff, 0xff, 0x4e, 0x00, 0x00, 0x00, 0x00, 0x00, 0x00,
	0x00, 0xc3, 0xff, 0x8b, 0x00, 0x00, 0x8b, 0xff, 0xff, 0x0c, 0x00, 0x00, 0x00, 0x00, 0x00, 0x4e,
	0xff, 0xff, 0x33, 0x00, 0x00, 0x0c, 0xff, 0xff, 0xff, 0x4e, 0x0c, 0x00, 0x19, 0x6b, 0xff, 0xff,
	0x7a, 0x00, 0x00, 0x00, 0x00, 0x26, 0xda, 0xff, 0xff, 0xff, 0xff, 0xff, 0xff, 0xff, 0x8b, 0x00,
	0x00, 0x00, 0x00, 0x00, 0x00, 0x0c, 0x5c, 0xc3, 0xff, 0xff, 0xff, 0x9c, 0x33, 0x00, 0x00, 0x00,
	0x00, 0x6b, 0xff, 0xff, 0xff, 0xff, 0xff, 0xda, 0x8b, 0x33, 0x00, 0x00, 0x00, 0x6b, 0xff, 0xff,
	0xff, 0xff, 0xff, 0xff, 0xff, 0xff, 0x8b, 0x00, 0x00, 0x6b, 0xff, 0xae, 0x00, 0x00, 0x00, 0x33,
	0x9c, 0xff, 0xff, 0x6b, 0x00, 0x6b, 0xff, 0xae, 0x00, 0x00, 0x00, 0x00, 0x00, 0x9c, 0xff, 0xff,
	0x00, 0x6b, 0xff, 0xae, 0x00, 0x00, 0x00, 0x00, 0x00, 0x40, 0xff, 0xff, 0x19, 0x6b, 0xff, 0xae,
	0x00, 0x00, 0x00, 0x00, 0x00, 0x33, 0xff, 0xff, 0x33, 0x6b, 0xff, 0xae, 0x00, 0x00, 0x00, 0x00,
	0x00, 0x40, 0xff, 0xff, 0x0c, 0x6b, 0xff, 0xae, 0x00, 0x00, 0x00, 0x00, 0x00, 0x9c, 0xff, 0xda,
	0x00, 0x6b, 0xff, 0xae, 0x00, 0x00, 0x00, 0x33, 0x9c, 0xff, 0xff, 0x4e, 0x00, 0x6b, 0xff, 0xff,
	0xff, 0xff, 0xff, 0xff, 0xff, 0xff, 0x7a, 0x00, 0x00, 0x6b, 0xff, 0xff, 0xff, 0xff, 0xff, 0xda,
	0x8b, 0x33, 0x00, 0x00, 0x00, 0x6b, 0xff, 0xae, 0x00, 0x00, 0x00, 0x00, 0x00, 0x00, 0x00, 0x00,
	0x00, 0x6b, 0xff, 0xae, 0x00, 0x00, 0x00, 0x00, 0x00, 0x00, 0x00, 0x00, 0x00, 0x6b, 0xff, 0xae,
	0x00, 0x00, 0x00, 0x00, 0x00, 0x00, 0x00, 0x00, 0x00, 0x6b, 0xff, 0xae, 0x00, 0x00, 0x00, 0x00,
	0x00, 0x00, 0x00, 0x00, 0x00, 0x6b, 0xff, 0xae, 0x00, 0x00, 0x00, 0x00, 0x00, 0x00, 0x00, 0x00,
	0x00, 0x6b, 0xff, 0xae, 0x00, 0x00, 0x00, 0x00, 0x00, 0x00, 0x00, 0x00, 0x00, 0x00, 0x00, 0x00,
	0x00, 0x5c, 0xae, 0xff, 0xff, 0xff, 0x9c, 0x33, 0x00, 0x00, 0x00, 0x00, 0x00, 0x00, 0x26, 0xc3,
	0xff, 0xff, 0xff, 0xff, 0xff, 0xff, 0xff, 0x8b, 0x00, 0x00, 0x00, 0x00, 0x0c, 0xda, 0xff, 0xda,
	0x4e, 0x0c, 0x00, 0x19, 0x6b, 0xff, 0xff, 0x7a, 0x00, 0x00, 0x00, 0x7a, 0xff, 0xff, 0x0c, 0x00,
	0x00, 0x00, 0x00, 0x00, 0x4e, 0xff, 0xff, 0x33, 0x00, 0x0c, 0xff, 0xff, 0x4e, 0x00, 0x00, 0x00,
	0x00, 0x00, 0x00, 0x00, 0xc3, 0xff, 0x8b, 0x00, 0x40, 0xff, 0xff, 0x0c, 0x00, 0x00, 0x00, 0x00,
	0x00, 0x00, 0x00, 0x6b, 0xff, 0xff, 0x00, 0x6b, 0xff, 0xda, 0x00, 0x00, 0x00, 0x00, 0x00, 0x00,
	0x00, 0x00, 0x33, 0xff, 0xff, 0x26, 0x9c, 0xff, 0xae, 0x00, 0x00, 0x00, 0x00, 0x00, 0x00, 0x00,
	0x00, 0x33, 0xff, 0xff, 0x33, 0xae, 0xff, 0xae, 0x00, 0x00, 0x00, 0x00, 0x00, 0x00, 0x00, 0x00,
	0x33, 0xff, 0xff, 0x33, 0xae, 0xff, 0xae, 0x00, 0x00, 0x00, 0x00, 0x00, 0x00, 0x00, 0x00, 0x33,
	0xff, 0xff, 0x33, 0x6b, 0xff, 0xda, 0x00, 0x00, 0x00, 0x00, 0x00, 0x00, 0x00, 0x00, 0x33, 0xff,
	0xff, 0x19, 0x4e, 0xff, 0xff, 0x0c, 0x00, 0x00, 0x00, 0x00, 0x00, 0x00, 0x00, 0x6b, 0xff, 0xff,
	0x00, 0x0c, 0xff, 0xff, 0x4e, 0x00, 0x00, 0x00, 0x00, 0x00, 0x00, 0x00, 0xc3, 0xff, 0x8b, 0x00,
	0x00, 0x8b, 0xff, 0xff, 0x0c, 0x00, 0x00, 0x00, 0x00, 0x00, 0x4e, 0xff, 0xff, 0x19, 0x00, 0x00,
	0x0c, 0xff, 0xff, 0xff, 0x4e, 0x0c, 0x00, 0x19, 0x6b, 0xff, 0xff, 0x26, 0x00, 0x00, 0x00, 0x00,
	0x26, 0xda, 0xff, 0xff, 0xff, 0xff, 0xff, 0xff, 0xff, 0x4e, 0x00, 0x00, 0x00, 0x00, 0x00, 0x00,
	0x0c, 0x5c, 0xc3, 0xff, 0xff, 0xff, 0xff, 0xff, 0xff, 0xff, 0x8b, 0x0c, 0x00, 0x00, 0x00, 0x00,
	0x00, 0x00, 0x00, 0x00, 0x00, 0x26, 0x4e, 0xda, 0xff, 0xff, 0xae, 0x00, 0x00, 0x00, 0x00, 0x00,
	0x00, 0x00, 0x00, 0x00, 0x00, 0x00, 0x00, 0x5c, 0xff, 0x19, 0x00, 0x00, 0x00, 0x00, 0x00, 0x00,
	0x00, 0x00, 0x00, 0x00, 0x00, 0x00, 0x00, 0x0c, 0x00, 0x6b, 0xff, 0xff, 0xff, 0xff, 0xff, 0xda,
	0x9c, 0x4e, 0x00, 0x00, 0x00, 0x6b, 0xff, 0xff, 0xff, 0xff, 0xff, 0xff, 0xff, 0xff, 0x9c, 0x00,
	0x00, 0x6b, 0xff, 0xae, 0x00, 0x00, 0x00, 0x26, 0x7a, 0xff, 0xff, 0x6b, 0x00, 0x6b, 0xff, 0xae,
	0x00, 0x00, 0x00, 0x00, 0x00, 0x9c, 0xff, 0xda, 0x00, 0x6b, 0xff, 0xae, 0x00, 0x00, 0x00, 0x00,
	0x00, 0x6b, 0xff, 0xff, 0x00, 0x6b, 0xff, 0xae, 0x00, 0x00, 0x00, 0x00, 0x00, 0x6b, 0xff, 0xff,
	0x00, 0x6b, 0xff, 0xae, 0x00, 0x00, 0x00, 0x00, 0x00, 0xae, 0xff, 0xc3, 0x00, 0x6b, 0xff, 0xae,
	0x00, 0x00, 0x00, 0x26, 0x9c, 0xff, 0xff, 0x40, 0x00, 0x6b, 0xff, 0xff, 0xff, 0xff, 0xff, 0xff,
	0xff, 0xff, 0x5c, 0x00, 0x00, 0x6b, 0xff, 0xff, 0xff, 0xff, 0xff, 0xff, 0xc3, 0x19, 0x00, 0x00,
	0x00, 0x6b, 0xff, 0xae, 0x00, 0x00, 0x6b, 0xff, 0xff, 0x0c, 0x00, 0x00, 0x00, 0x6b, 0xff, 0xae,
	0x00, 0x00, 0x00, 0xda, 0xff, 0x8b, 0x00, 0x00, 0x00, 0x6b, 0xff, 0xae, 0x00, 0x00, 0x00, 0x4e,
	0xff, 0xff, 0x33, 0x00, 0x00, 0x6b, 0xff, 0xae, 0x00, 0x00, 0x00, 0x00, 0xae, 0xff, 0xc3, 0x00,
	0x00, 0x6b, 0xff, 0xae, 0x00, 0x00, 0x00, 0x00, 0x33, 0xff, 0xff, 0x5c, 0x00, 0x6b, 0xff, 0xae,
	0x00, 0x00, 0x00, 0x00, 0x00, 0x8b, 0xff, 0xff, 0x0c, 0x6b, 0xff, 0xae, 0x00, 0x00, 0x00, 0x00,
	0x00, 0x19, 0xff, 0xff, 0x9c, 0x00, 0x00, 0x00, 0x40, 0x9c, 0xff, 0xff, 0xff, 0xae, 0x4e, 0x00,
	0x00, 0x00, 0x00, 0x00, 0x8b, 0xff, 0xff, 0xff, 0xff, 0xff, 0xff, 0xff, 0xae, 0x0c, 0x00, 0x00,
	0x40, 0xff, 0xff, 0x7a, 0x19, 0x00, 0x0c, 0x4e, 0xda, 0xff, 0x40, 0x00, 0x00, 0x9c, 0xff, 0xc3,
	0x00, 0x00, 0x00, 0x00, 0x00, 0x0c, 0x40, 0x00, 0x00, 0x00, 0xae, 0xff, 0x7a, 0x00, 0x00, 0x00,
	0x00, 0x00, 0x00, 0x00, 0x00, 0x00, 0x00, 0x7a, 0xff, 0xda, 0x0c, 0x00, 0x00, 0x00, 0x00, 0x00,
	0x00, 0x00, 0x00, 0x00, 0x19, 0xff, 0xff, 0xda, 0x4e, 0x00, 0x00, 0x00, 0x00, 0x00, 0x00, 0x00,
	0x00, 0x00, 0x26, 0xda, 0xff, 0xff, 0xff, 0x8b, 0x40, 0x00, 0x00, 0x00, 0x00, 0x00, 0x00, 0x00,
	0x00, 0x4e, 0x9c, 0xff, 0xff, 0xff, 0xda, 0x40, 0x00, 0x00, 0x00, 0x00, 0x00, 0x00, 0x00, 0x00,
	0x0c, 0x4e, 0xda, 0xff, 0xff, 0x40, 0x00, 0x00, 0x00, 0x00, 0x00, 0x00, 0x00, 0x00, 0x00, 0x0c,
	0xae, 0xff, 0xda, 0x00, 0x00, 0x00, 0x00, 0x00, 0x00, 0x00, 0x00, 0x00, 0x00, 0x40, 0xff, 0xff,
	0x00, 0x00, 0x00, 0x00, 0x00, 0x00, 0x00, 0x00, 0x00, 0x00, 0x33, 0xff, 0xff, 0x0c, 0x00, 0x33,
	0x26, 0x00, 0x00, 0x00, 0x00, 0x00, 0x00, 0x8b, 0xff, 0xff, 0x00, 0x26, 0xff, 0xff, 0x8b, 0x26,
	0x00, 0x00, 0x26, 0x8b, 0xff, 0xff, 0x6b, 0x00, 0x00, 0x7a, 0xff, 0xff, 0xff, 0xff, 0xff, 0xff,
	0xff, 0xff, 0x8b, 0x00, 0x00, 0x00, 0x00, 0x19, 0x8b, 0xc3, 0xff, 0xff, 0xff, 0x9c, 0x40, 0x00,
	0x00, 0x00, 0xae, 0xff, 0xff, 0xff, 0xff, 0xff, 0xff, 0xff, 0xff, 0xff, 0xff, 0xff, 0x19, 0xae,
	0xff, 0xff, 0xff, 0xff, 0xff, 0xff, 0xff, 0xff, 0xff, 0xff, 0xff, 0x00, 0x00, 0x00, 0x00, 0x00,
	0x00, 0xff, 0xff, 0x33, 0x00, 0x00, 0x00, 0x00, 0x00, 0x00, 0x00, 0x00, 0x00, 0x00, 0xff, 0xff,
	0x33, 0x00, 0x00, 0x00, 0x00, 0x00, 0x00, 0x00, 0x00, 0x00, 0x00, 0xff, 0xff, 0x33, 0x00, 0x00,
	0x00, 0x00, 0x00, 0x00, 0x00, 0x00, 0x00, 0x00, 0xff, 0xff, 0x33, 0x00, 0x00, 0x00, 0x00, 0x00,
	0x00, 0x00, 0x00, 0x00, 0x00, 0xff, 0xff, 0x33, 0x00, 0x00, 0x00, 0x00, 0x00, 0x00, 0x00, 0x00,
	0x00, 0x00, 0xff, 0xff, 0x33, 0x00, 0x00, 0x00, 0x00, 0x00, 0x00, 0x00, 0x00, 0x00, 0x00, 0xff,
	0xff, 0x33, 0x00, 0x00, 0x00, 0x00, 0x00, 0x00, 0x00, 0x00, 0x00, 0x00, 0xff, 0xff, 0x33, 0x00,
	0x00, 0x00, 0x00, 0x00, 0x00, 0x00, 0x00, 0x00, 0x00, 0xff, 0xff, 0x33, 0x00, 0x00, 0x00, 0x00,
	0x00, 0x00, 0x00, 0x00, 0x00, 0x00, 0xff, 0xff, 0x33, 0x00, 0x00, 0x00, 0x00, 0x00, 0x00, 0x00,
	0x00, 0x00, 0x00, 0xff, 0xff, 0x33, 0x00, 0x00, 0x00, 0x00, 0x00, 0x00, 0x00, 0x00, 0x00, 0x00,
	0xff, 0xff, 0x33, 0x00, 0x00, 0x00, 0x00, 0x00, 0x00, 0x00, 0x00, 0x00, 0x00, 0xff, 0xff, 0x33,
	0x00, 0x00, 0x00, 0x00, 0x00, 0x00, 0x00, 0x00, 0x00, 0x00, 0xff, 0xff, 0x33, 0x00, 0x00, 0x00,
	0x00, 0x00, 0x00, 0x00, 0x00, 0x00, 0x00, 0xff, 0xff, 0x33, 0x00, 0x00, 0x00, 0x00, 0x00, 0xae,
	0xff, 0x6b, 0x00, 0x00, 0x00, 0x00, 0x00, 0x00, 0x6b, 0xff, 0xae, 0xae, 0xff, 0x6b, 0x00, 0x00,
	0x00, 0x00, 0x00, 0x00, 0x6b, 0xff, 0xae, 0xae, 0xff, 0x6b, 0x00, 0x00, 0x00, 0x00, 0x00, 0x00,
	0x6b, 0xff, 0xae, 0xae, 0xff, 0x6b, 0x00, 0x00, 0x00, 0x00, 0x00, 0x00, 0x6b, 0xff, 0xae, 0xae,
	0xff, 0x6b, 0x00, 0x00, 0x00, 0x00, 0x00, 0x00, 0x6b, 0xff, 0xae, 0xae, 0xff, 0x6b, 0x00, 0x00,
	0x00, 0x00, 0x00, 0x00, 0x6b, 0xff, 0xae, 0xae, 0xff, 0x6b, 0x00, 0x00, 0x00, 0x00, 0x00, 0x00,
	0x6b, 0xff, 0xae, 0xae, 0xff, 0x6b, 0x00, 0x00, 0x00, 0x00, 0x00, 0x00, 0x6b, 0xff, 0xae, 0xae,
	0xff, 0x6b, 0x00, 0x00, 0x00, 0x00, 0x00, 0x00, 0x6b, 0xff, 0xae, 0xae, 0xff, 0x6b, 0x00, 0x00,
	0x00, 0x00, 0x00, 0x00, 0x6b, 0xff, 0xae, 0xae, 0xff, 0x6b, 0x00, 0x00, 0x00, 0x00, 0x00, 0x00,
	0x6b, 0xff, 0xae, 0xae, 0xff, 0x6b, 0x00, 0x00, 0x00, 0x00, 0x00, 0x00, 0x6b, 0xff, 0xae, 0xae,
	0xff, 0x7a, 0x00, 0x00, 0x00, 0x00, 0x00, 0x00, 0xae, 0xff, 0x8b, 0x7a, 0xff, 0xda, 0x0c, 0x00,
	0x00, 0x00, 0x00, 0x19, 0xff, 0xff, 0x4e, 0x19, 0xff, 0xff, 0xc3, 0x26, 0x00, 0x00, 0x40, 0xc3,
	0xff, 0xda, 0x0c, 0x00, 0x4e, 0xff, 0xff, 0xff, 0xff, 0xff, 0xff, 0xff, 0xff, 0x26, 0x00, 0x00,
	0x00, 0x19, 0x8b, 0xda, 0xff, 0xff, 0xc3, 0x7a, 0x0c, 0x00, 0x00, 0x9c, 0xff, 0xae, 0x00, 0x00,
	0x00, 0x00, 0x00, 0x00, 0x00, 0x33, 0xff, 0xff, 0x0c, 0x4e, 0xff, 0xff, 0x0c, 0x00, 0x00, 0x00,
	0x00, 0x00, 0x00, 0x7a, 0xff, 0x9c, 0x00, 0x0c, 0xff, 0xff, 0x40, 0x00, 0x00, 0x00, 0x00, 0x00,
	0x00, 0xc3, 0xff, 0x5c, 0x00, 0x00, 0xc3, 0xff, 0x8b, 0x00, 0x00, 0x00, 0x00, 0x00, 0x19, 0xff,
	0xff, 0x19, 0x00, 0x00, 0x5c, 0xff, 0xda, 0x00, 0x00, 0x00, 0x00, 0x00, 0x4e, 0xff, 0xc3, 0x00,
	0x00, 0x00, 0x19, 0xff, 0xff, 0x26, 0x00, 0x00, 0x00, 0x00, 0x9c, 0xff, 0x6b, 0x00, 0x00, 0x00,
	0x00, 0xc3, 0xff, 0x5c, 0x00, 0x00, 0x00, 0x00, 0xff, 0xff, 0x26, 0x00, 0x00, 0x00, 0x00, 0x7a,
	0xff, 0xae, 0x00, 0x00, 0x00, 0x33, 0xff, 0xda, 0x00, 0x00, 0x00, 0x00, 0x00, 0x26, 0xff, 0xff,
	0x0c, 0x00, 0x00, 0x7a, 0xff, 0x7a, 0x00, 0x00, 0x00, 0x00, 0x00, 0x00, 0xda, 0xff, 0x40, 0x00,
	0x00, 0xc3, 0xff, 0x33, 0x00, 0x00, 0x00, 0x00, 0x00, 0x00, 0x7a, 0xff, 0x8b, 0x00, 0x19, 0xff,
	0xff, 0x00, 0x00, 0x00, 0x00, 0x00, 0x00, 0x00, 0x33, 0xff, 0xda, 0x00, 0x4e, 0xff, 0x8b, 0x00,
	0x00, 0x00, 0x00, 0x00, 0x00, 0x00, 0x00, 0xff, 0xff, 0x26, 0x9c, 0xff, 0x40, 0x00, 0x00, 0x00,
	0x00, 0x00, 0x00, 0x00, 0x00, 0x8b, 0xff, 0x5c, 0xff, 0xff, 0x0c, 0x00, 0x00, 0x00, 0x00, 0x00,
	0x00, 0x00, 0x00, 0x40, 0xff, 0xff, 0xff, 0x9c, 0x00, 0x00, 0x00, 0x00, 0x00, 0x00, 0x00, 0x00,
	0x00, 0x00, 0xff, 0xff, 0xff, 0x4e, 0x00, 0x00, 0x00, 0x00, 0x00, 0x00, 0x00, 0x00, 0x00, 0x00,
	0x9c, 0xff, 0xff, 0x0c, 0x00, 0x00, 0x00, 0x00, 0x00, 0x40, 0xff, 0xff, 0x00, 0x00, 0x00, 0x00,
	0x00, 0x5c, 0xff, 0xff, 0x33, 0x00, 0x00, 0x00, 0x00, 0x00, 0xff, 0xff, 0x19, 0x19, 0xff, 0xff,
	0x0c, 0x00, 0x00, 0x00, 0x00, 0x8b, 0xff, 0xff, 0x5c, 0x00, 0x00, 0x00, 0x00, 0x19, 0xff, 0xff,
	0x00, 0x00, 0xff, 0xff, 0x33, 0x00, 0x00, 0x00, 0x00, 0xc3, 0xff, 0xff, 0x9c, 0x00, 0x00, 0x00,
	0x00, 0x40, 0xff, 0xae, 0x00, 0x00, 0xae, 0xff, 0x6b, 0x00, 0x00, 0x00, 0x0c, 0xff, 0xae, 0xff,
	0xda, 0x00, 0x00, 0x00, 0x00, 0x6b, 0xff, 0x6b, 0x00, 0x00, 0x6b, 0xff, 0x8b, 0x00, 0x00, 0x00,
	0x33, 0xff, 0x6b, 0xae, 0xff, 0x0c, 0x00, 0x00, 0x00, 0x9c, 0xff, 0x40, 0x00, 0x00, 0x40, 0xff,
	0xc3, 0x00, 0x00, 0x00, 0x6b, 0xff, 0x40, 0x6b, 0xff, 0x40, 0x00, 0x00, 0x00, 0xda, 0xff, 0x19,
	0x00, 0x00, 0x19, 0xff, 0xff, 0x00, 0x00, 0x00, 0x9c, 0xff, 0x19, 0x40, 0xff, 0x6b, 0x00, 0x00,
	0x0c, 0xff, 0xff, 0x00, 0x00, 0x00, 0x00, 0xff, 0xff, 0x26, 0x00, 0x00, 0xff, 0xda, 0x00, 0x19,
	0xff, 0xae, 0x00, 0x00, 0x33, 0xff, 0xae, 0x00, 0x00, 0x00, 0x00, 0xae, 0xff, 0x40, 0x00, 0x19,
	0xff, 0x9c, 0x00, 0x00, 0xda, 0xff, 0x00, 0x00, 0x5c, 0xff, 0x6b, 0x00, 0x00, 0x00, 0x00, 0x6b,
	0xff, 0x6b, 0x00, 0x40, 0xff, 0x5c, 0x00, 0x00, 0x9c, 0xff, 0x26, 0x00, 0x8b, 0xff, 0x40, 0x00,
	0x00, 0x00, 0x00, 0x40, 0xff, 0xae, 0x00, 0x7a, 0xff, 0x33, 0x00, 0x00, 0x6b, 0xff, 0x4e, 0x00,
	0xae, 0xff, 0x19, 0x00, 0x00, 0x00, 0x00, 0x19, 0xff, 0xda, 0x00, 0xae, 0xff, 0x00, 0x00, 0x00,
	0x33, 0xff, 0x8b, 0x00, 0xff, 0xff, 0x00, 0x00, 0x00, 0x00, 0x00, 0x00, 0xff, 0xff, 0x00, 0xff,
	0xae, 0x00, 0x00, 0x00, 0x00, 0xff, 0xc3, 0x26, 0xff, 0xae, 0x00, 0x00, 0x00, 0x00, 0x00, 0x00,
	0xae, 0xff, 0x5c, 0xff, 0x7a, 0x00, 0x00, 0x00, 0x00, 0xc3, 0xff, 0x4e, 0xff, 0x7a, 0x00, 0x00,
	0x00, 0x00, 0x00, 0x00, 0x6b, 0xff, 0xc3, 0xff, 0x4e, 0x00, 0x00, 0x00, 0x00, 0x8b, 0xff, 0xae,
	0xff, 0x4e, 0x00, 0x00, 0x00, 0x00, 0x00, 0x00, 0x40, 0xff, 0xff, 0xff, 0x19, 0x00, 0x00, 0x00,
	0x00, 0x4e, 0xff, 0xff, 0xff, 0x26, 0x00, 0x00, 0x00, 0x00, 0x00, 0x00, 0x19, 0xff, 0xff, 0xff,
	0x00, 0x00, 0x00, 0x00, 0x00, 0x26, 0xff, 0xff, 0xff, 0x00, 0x00, 0x00, 0x00, 0x26, 0xff, 0xff,
	0x4e, 0x00, 0x00, 0x00, 0x00, 0x00, 0x4e, 0xff, 0xff, 0x0c, 0x00, 0x8b, 0xff, 0xda, 0x00, 0x00,
	0x00, 0x00, 0x0c, 0xda, 0xff, 0x5c, 0x00, 0x00, 0x0c, 0xff, 0xff, 0x4e, 0x00, 0x00, 0x00, 0x6b,
	0xff, 0xda, 0x00, 0x00, 0x00, 0x00, 0x6b, 0xff, 0xff, 0x0c, 0x00, 0x0c, 0xff, 0xff, 0x33, 0x00,
	0x00, 0x00, 0x00, 0x00, 0xda, 0xff, 0x6b, 0x00, 0x6b, 0xff, 0xae, 0x00, 0x00, 0x00, 0x00, 0x00,
	0x00, 0x40, 0xff, 0xff, 0x19, 0xff, 0xff, 0x19, 0x00, 0x00, 0x00, 0x00, 0x00, 0x00, 0x00, 0xae,
	0xff, 0xda, 0xff, 0x8b, 0x00, 0x00, 0x00, 0x00, 0x00, 0x00, 0x00, 0x00, 0x33, 0xff, 0xff, 0xff,
	0x0c, 0x00, 0x00, 0x00, 0x00, 0x00, 0x00, 0x00, 0x00, 0x26, 0xff, 0xff, 0xff, 0x19, 0x00, 0x00,
	0x00, 0x00, 0x00, 0x00, 0x00, 0x00, 0xae, 0xff, 0xff, 0xff, 0x9c, 0x00, 0x00, 0x00, 0x00, 0x00,
	0x00, 0x00, 0x33, 0xff, 0xff, 0x26, 0xff, 0xff, 0x33, 0x00, 0x00, 0x00, 0x00, 0x00, 0x00, 0xda,
	0xff, 0x4e, 0x00, 0x7a, 0xff, 0xae, 0x00, 0x00, 0x00, 0x00, 0x00, 0x4e, 0xff, 0xda, 0x00, 0x00,
	0x0c, 0xff, 0xff, 0x4e, 0x00, 0x00, 0x00, 0x0c, 0xda, 0xff, 0x4e, 0x00, 0x00, 0x00, 0x6b, 0xff,
	0xda, 0x00, 0x00, 0x00, 0x6b, 0xff, 0xda, 0x00, 0x00, 0x00, 0x00, 0x0c, 0xff, 0xff, 0x6b, 0x00,
	0x0c, 0xff, 0xff, 0x4e, 0x00, 0x00, 0x00, 0x00, 0x00, 0x6b, 0xff, 0xff, 0x0c, 0x9c, 0xff, 0xda,
	0x00, 0x00, 0x00, 0x00, 0x00, 0x00, 0x0c, 0xff, 0xff, 0x7a, 0x9c, 0xff, 0xda, 0x00, 0x00, 0x00,
	0x00, 0x00, 0x00, 0x00, 0x6b, 0xff, 0xda, 0x19, 0xff, 0xff, 0x4e, 0x00, 0x00, 0x00, 0x00, 0x00,
	0x0c, 0xff, 0xff, 0x4e, 0x00, 0x8b, 0xff, 0xda, 0x00, 0x00, 0x00, 0x00, 0x00, 0x6b, 0xff, 0xc3,
	0x00, 0x00, 0x19, 0xff, 0xff, 0x40, 0x00, 0x00, 0x00, 0x0c, 0xff, 0xff, 0x33, 0x00, 0x00, 0x00,
	0x8b, 0xff, 0xae, 0x00, 0x00, 0x00, 0x5c, 0xff, 0xae, 0x00, 0x00, 0x00, 0x00, 0x19, 0xff, 0xff,
	0x33, 0x00, 0x00, 0xda, 0xff, 0x33, 0x00, 0x00, 0x00, 0x00, 0x00, 0x8b, 0xff, 0xae, 0x00, 0x4e,
	0xff, 0xae, 0x00, 0x00, 0x00, 0x00, 0x00, 0x00, 0x19, 0xff, 0xff, 0x33, 0xda, 0xff, 0x33, 0x00,
	0x00, 0x00, 0x00, 0x00, 0x00, 0x00, 0x8b, 0xff, 0xda, 0xff, 0xae, 0x00, 0x00, 0x00, 0x00, 0x00,
	0x00, 0x00, 0x00, 0x19, 0xff, 0xff, 0xff, 0x33, 0x00, 0x00, 0x00, 0x00, 0x00, 0x00, 0x00, 0x00,
	0x00, 0x8b, 0xff, 0xc3, 0x00, 0x00, 0x00, 0x00, 0x00, 0x00, 0x00, 0x00, 0x00, 0x00, 0x6b, 0xff,
	0xae, 0x00, 0x00, 0x00, 0x00, 0x00, 0x00, 0x00, 0x00, 0x00, 0x00, 0x6b, 0xff, 0xae, 0x00, 0x00,
	0x00, 0x00, 0x00, 0x00, 0x00, 0x00, 0x00, 0x00, 0x6b, 0xff, 0xae, 0x00, 0x00, 0x00, 0x00, 0x00,
	0x00, 0x00, 0x00, 0x00, 0x00, 0x6b, 0xff, 0xae, 0x00, 0x00, 0x00, 0x00, 0x00, 0x00, 0x00, 0x00,
	0x00, 0x00, 0x6b, 0xff, 0xae, 0x00, 0x00, 0x00, 0x00, 0x00, 0x00, 0x00, 0x00, 0x00, 0x00, 0x6b,
	0xff, 0xae, 0x00, 0x00, 0x00, 0x00, 0x00, 0x00, 0x6b, 0xff, 0xff, 0xff, 0xff, 0xff, 0xff, 0xff,
	0xff, 0xff, 0x6b, 0x00, 0x6b, 0xff, 0xff, 0xff, 0xff, 0xff, 0xff, 0xff, 0xff, 0xff, 0x6b, 0x00,
	0x00, 0x00, 0x00, 0x00, 0x00, 0x00, 0x00, 0x40, 0xff, 0xff, 0x19, 0x00, 0x00, 0x00, 0x00, 0x00,
	0x00, 0x00, 0x0c, 0xff, 0xff, 0x6b, 0x00, 0x00, 0x00, 0x00, 0x00, 0x00, 0x00, 0x00, 0x7a, 0xff,
	0xc3, 0x00, 0x00, 0x00, 0x00, 0x00, 0x00, 0x00, 0x00, 0x33, 0xff, 0xff, 0x33, 0x00, 0x00, 0x00,
	0x00, 0x00, 0x00, 0x00, 0x00, 0xda, 0xff, 0x7a, 0x00, 0x00, 0x00, 0x00, 0x00, 0x00, 0x00, 0x00,
	0x6b, 0xff, 0xff, 0x0c, 0x00, 0x00, 0x00, 0x00, 0x00, 0x00, 0x00, 0x19, 0xff, 0xff, 0x40, 0x00,
	0x00, 0x00, 0x00, 0x00, 0x00, 0x00, 0x00, 0xae, 0xff, 0xae, 0x00, 0x00, 0x00, 0x00, 0x00, 0x00,
	0x00, 0x00, 0x4e, 0xff, 0xff, 0x19, 0x00, 0x00, 0x00, 0x00, 0x00, 0x00, 0x00, 0x0c, 0xff, 0xff,
	0x6b, 0x00, 0x00, 0x00, 0x00, 0x00, 0x00, 0x00, 0x00, 0x9c, 0xff, 0xc3, 0x00, 0x00, 0x00, 0x00,
	0x00, 0x00, 0x00, 0x00, 0x33, 0xff, 0xff, 0x33, 0x00, 0x00, 0x00, 0x00, 0x00, 0x00, 0x00, 0x0c,
	0xda, 0xff, 0x7a, 0x00, 0x00, 0x00, 0x00, 0x00, 0x00, 0x00, 0x00, 0x33, 0xff, 0xff, 0xff, 0xff,
	0xff, 0xff, 0xff, 0xff, 0xff, 0xff, 0x4e, 0x33, 0xff, 0xff, 0xff, 0xff, 0xff, 0xff, 0xff, 0xff,
	0xff, 0xff, 0x33, 0x6b, 0xff, 0xff, 0xff, 0xff, 0x6b, 0x6b, 0xff, 0xff, 0xff, 0xff, 0x6b, 0x6b,
	0xff, 0xae, 0x00, 0x00, 0x00, 0x6b, 0xff, 0xae, 0x00, 0x00, 0x00, 0x6b, 0xff, 0xae, 0x00, 0x00,
	0x00, 0x6b, 0xff, 0xae, 0x00, 0x00, 0x00, 0x6b, 0xff, 0xae, 0x00, 0x00, 0x00, 0x6b, 0xff, 0xae,
	0x00, 0x00, 0x00, 0x6b, 0xff, 0xae, 0x00, 0x00, 0x00, 0x6b, 0xff, 0xae, 0x00, 0x00, 0x00, 0x6b,
	0xff, 0xae, 0x00, 0x00, 0x00, 0x6b, 0xff, 0xae, 0x00, 0x00, 0x00, 0x6b, 0xff, 0xae, 0x00, 0x00,
	0x00, 0x6b, 0xff, 0xae, 0x00, 0x00, 0x00, 0x6b, 0xff, 0xae, 0x00, 0x00, 0x00, 0x6b, 0xff, 0xae,
	0x00, 0x00, 0x00, 0x6b, 0xff, 0xae, 0x00, 0x00, 0x00, 0x6b, 0xff, 0xae, 0x00, 0x00, 0x00, 0x6b,
	0xff, 0xae, 0x00, 0x00, 0x00, 0x6b, 0xff, 0xae, 0x00, 0x00, 0x00, 0x6b, 0xff, 0xff, 0xff, 0xff,
	0x6b, 0x6b, 0xff, 0xff, 0xff, 0xff, 0x6b, 0x00, 0x33, 0x33, 0x00, 0x00, 0x00, 0x00, 0x00, 0x4e,
	0xff, 0x8b, 0x00, 0x00, 0x00, 0x00, 0x00, 0x19, 0xff, 0xda, 0x00, 0x00, 0x00, 0x00, 0x00, 0x00,
	0xc3, 0xff, 0x19, 0x00, 0x00, 0x00, 0x00, 0x00, 0x7a, 0xff, 0x5c, 0x00, 0x00, 0x00, 0x00, 0x00,
	0x40, 0xff, 0x9c, 0x00, 0x00, 0x00, 0x00, 0x00, 0x0c, 0xff, 0xff, 0x00, 0x00, 0x00, 0x00, 0x00,
	0x00, 0xc3, 0xff, 0x26, 0x00, 0x00, 0x00, 0x00, 0x00, 0x7a, 0xff, 0x5c, 0x00, 0x00, 0x00, 0x00,
	0x00, 0x40, 0xff, 0x9c, 0x00, 0x00, 0x00, 0x00, 0x00, 0x0c, 0xff, 0xff, 0x00, 0x00, 0x00, 0x00,
	0x00, 0x00, 0xae, 0xff, 0x33, 0x00, 0x00, 0x00, 0x00, 0x00, 0x6b, 0xff, 0x6b, 0x00, 0x00, 0x00,
	0x00, 0x00, 0x33, 0xff, 0xae, 0x00, 0x00, 0x00, 0x00, 0x00, 0x00, 0xff, 0xff, 0x00, 0x00, 0x00,
	0x00, 0x00, 0x00, 0xae, 0xff, 0x33, 0x00, 0x00, 0x00, 0x00, 0x00, 0x6b, 0xff, 0x6b, 0x00, 0x00,
	0x00, 0x00, 0x00, 0x33, 0xff, 0xae, 0x00, 0x00, 0x00, 0x00, 0x00, 0x00, 0xff, 0xff, 0x0c, 0x00,
	0x00, 0x00, 0x00, 0x00, 0x9c, 0xff, 0x40, 0x00, 0x00, 0x00, 0x00, 0x00, 0x5c, 0xff, 0x7a, 0x00,
	0x00, 0x00, 0x00, 0x00, 0x26, 0xff, 0xc3, 0x00, 0x00, 0x00, 0x00, 0x00, 0x00, 0x4e, 0x26, 0xae,
	0xff, 0xff, 0xff, 0xff, 0x33, 0xae, 0xff, 0xff, 0xff, 0xff, 0x33, 0x00, 0x00, 0x00, 0xff, 0xff,
	0x33, 0x00, 0x00, 0x00, 0xff, 0xff, 0x33, 0x00, 0x00, 0x00, 0xff, 0xff, 0x33, 0x00, 0x00, 0x00,
	0xff, 0xff, 0x33, 0x00, 0x00, 0x00, 0xff, 0xff, 0x33, 0x00, 0x00, 0x00, 0xff, 0xff, 0x33, 0x00,
	0x00, 0x00, 0xff, 0xff, 0x33, 0x00, 0x00, 0x00, 0xff, 0xff, 0x33, 0x00, 0x00, 0x00, 0xff, 0xff,
	0x33, 0x00, 0x00, 0x00, 0xff, 0xff, 0x33, 0x00, 0x00, 0x00, 0xff, 0xff, 0x33, 0x00, 0x00, 0x00,
	0xff, 0xff, 0x33, 0x00, 0x00, 0x00, 0xff, 0xff, 0x33, 0x00, 0x00, 0x00, 0xff, 0xff, 0x33, 0x00,
	0x00, 0x00, 0xff, 0xff, 0x33, 0x00, 0x00, 0x00, 0xff, 0xff, 0x33, 0x00, 0x00, 0x00, 0xff, 0xff,
	0x33, 0x00, 0x00, 0x00, 0xff, 0xff, 0x33, 0xae, 0xff, 0xff, 0xff, 0xff, 0x33, 0xae, 0xff, 0xff,
	0xff, 0xff, 0x33, 0x00, 0x00, 0x00, 0x00, 0x40, 0x6b, 0x40, 0x00, 0x00, 0x00, 0x00, 0x00, 0x00,
	0x00, 0x19, 0xff, 0xff, 0xff, 0x19, 0x00, 0x00, 0x00, 0x00, 0x00, 0x00, 0xae, 0xff, 0xc3, 0xff,
	0x9c, 0x00, 0x00, 0x00, 0x00, 0x00, 0x40, 0xff, 0xda, 0x0c, 0xff, 0xff, 0x33, 0x00, 0x00, 0x00,
	0x0c, 0xda, 0xff, 0x33, 0x00, 0x4e, 0xff, 0xda, 0x00, 0x00, 0x00, 0x6b, 0xff, 0xae, 0x00, 0x00,
	0x00, 0xae, 0xff, 0x6b, 0x00, 0x19, 0xff, 0xff, 0x19, 0x00, 0x00, 0x00, 0x33, 0xff, 0xff, 0x19,
	0xae, 0xff, 0x7a, 0x00, 0x00, 0x00, 0x00, 0x00, 0x8b, 0xff, 0x9c, 0x6b, 0xff, 0xff, 0xff, 0xff,
	0xff, 0xff, 0xff, 0xff, 0xff, 0xff, 0xff, 0x6b, 0xff, 0xff, 0xff, 0xff, 0xff, 0xff, 0xff, 0xff,
	0xff, 0xff, 0xff, 0x00, 0x19, 0x00, 0x00, 0x00, 0x00, 0x00, 0x00, 0xae, 0xc3, 0x33, 0x00, 0x00,
	0x00, 0x19, 0xda, 0xff, 0xff, 0x9c, 0x19, 0x00, 0x00, 0x00, 0x40, 0x9c, 0xff, 0xff, 0x33, 0x00,
	0x00, 0x00, 0x00, 0x19, 0x6b, 0x00, 0x00, 0x33, 0x7a, 0xc3, 0xff, 0xff, 0xff, 0x9c, 0x26, 0x00,
	0x00, 0x00, 0xc3, 0xff, 0xff, 0xff, 0xff, 0xff, 0xff, 0xff, 0x19, 0x00, 0x00, 0x33, 0x4e, 0x19,
	0x00, 0x00, 0x40, 0xff, 0xff, 0x7a, 0x00, 0x00, 0x00, 0x00, 0x00, 0x00, 0x00, 0x00, 0x6b, 0xff,
	0xae, 0x00, 0x00, 0x00, 0x00, 0x00, 0x00, 0x00, 0x00, 0x6b, 0xff, 0xae, 0x00, 0x00, 0x0c, 0x5c,
	0xae, 0xff, 0xff, 0xff, 0xff, 0xff, 0xae, 0x00, 0x0c, 0xc3, 0xff, 0xff, 0xff, 0xff, 0xff, 0xff,
	0xff, 0xae, 0x00, 0x8b, 0xff, 0xff, 0x5c, 0x19, 0x00, 0x00, 0x6b, 0xff, 0xae, 0x00, 0xda, 0xff,
	0x7a, 0x00, 0x00, 0x00, 0x00, 0x6b, 0xff, 0xae, 0x00, 0xff, 0xff, 0x6b, 0x00, 0x00, 0x00, 0x00,
	0x7a, 0xff, 0xae, 0x00, 0x9c, 0xff, 0xda, 0x26, 0x00, 0x19, 0x6b, 0xff, 0xff, 0xff, 0x0c, 0x33,
	0xff, 0xff, 0xff, 0xff, 0xff, 0xff, 0x4e, 0xda, 0xff, 0xae, 0x00, 0x33, 0x9c, 0xff, 0xff, 0xc3,
	0x40, 0x00, 0x26, 0xae, 0x6b, 0x8b, 0xff, 0x6b, 0x00, 0x00, 0x00, 0x00, 0x00, 0x00, 0x00, 0x00,
	0xae, 0xff, 0x6b, 0x00, 0x00, 0x00, 0x00, 0x00, 0x00, 0x00, 0x00, 0xae, 0xff, 0x6b, 0x00, 0x00,
	0x00, 0x00, 0x00, 0x00, 0x00, 0x00, 0xae, 0xff, 0x6b, 0x00, 0x00, 0x00, 0x00, 0x00, 0x00, 0x00,
	0x00, 0xae, 0xff, 0x6b, 0x00, 0x00, 0x00, 0x00, 0x00, 0x00, 0x00, 0x00, 0xae, 0xff, 0x6b, 0x0c,
	0x8b, 0xff, 0xff, 0xc3, 0x33, 0x00, 0x00, 0xae, 0xff, 0x7a, 0xda, 0xff, 0xff, 0xff, 0xff, 0xff,
	0x40, 0x00, 0xae, 0xff, 0xff, 0xae, 0x19, 0x00, 0x26, 0xc3, 0xff, 0xff, 0x0c, 0xae, 0xff, 0xc3,
	0x00, 0x00, 0x00, 0x00, 0x19, 0xff, 0xff, 0x4e, 0xae, 0xff, 0x6b, 0x00, 0x00, 0x00, 0x00, 0x00,
	0xc3, 0xff, 0x8b, 0xae, 0xff, 0x6b, 0x00, 0x00, 0x00, 0x00, 0x00, 0x9c, 0xff, 0xae, 0xae, 0xff,
	0x6b, 0x00, 0x00, 0x00, 0x00, 0x00, 0x6b, 0xff, 0xae, 0xae, 0xff, 0x6b, 0x00, 0x00, 0x00, 0x00,
	0x00, 0xae, 0xff, 0xae, 0xae, 0xff, 0x6b, 0x00, 0x00, 0x00, 0x00, 0x00, 0xc3, 0xff, 0x7a, 0xae,
	0xff, 0x7a, 0x00, 0x00, 0x00, 0x00, 0x26, 0xff, 0xff, 0x40, 0xae, 0xff, 0xff, 0x7a, 0x19, 0x00,
	0x33, 0xff, 0xff, 0xda, 0x00, 0xae, 0xff, 0x9c, 0xff, 0xff, 0xff, 0xff, 0xff, 0xff, 0x26, 0x00,
	0xae, 0xff, 0x33, 0x26, 0xae, 0xff, 0xff, 0x9c, 0x26, 0x00, 0x00, 0x00, 0x00, 0x00, 0x6b, 0xc3,
	0xff, 0xff, 0xc3, 0x4e, 0x00, 0x00, 0x0c, 0xc3, 0xff, 0xff, 0xff, 0xff, 0xff, 0xff, 0x6b, 0x00,
	0x7a, 0xff, 0xff, 0x4e, 0x00, 0x00, 0x40, 0xae, 0x0c, 0x19, 0xff, 0xff, 0x4e, 0x00, 0x00, 0x00,
	0x00, 0x00, 0x00, 0x5c, 0xff, 0xff, 0x00, 0x00, 0x00, 0x00, 0x00, 0x00, 0x00, 0x6b, 0xff, 0xae,
	0x00, 0x00, 0x00, 0x00, 0x00, 0x00, 0x00, 0x7a, 0xff, 0xae, 0x00, 0x00, 0x00, 0x00, 0x00, 0x00,
	0x00, 0x6b, 0xff, 0xae, 0x00, 0x00, 0x00, 0x00, 0x00, 0x00, 0x00, 0x5c, 0xff, 0xff, 0x00, 0x00,
	0x00, 0x00, 0x00, 0x00, 0x00, 0x26, 0xff, 0xff, 0x4e, 0x00, 0x00, 0x00, 0x00, 0x00, 0x00, 0x00,
	0xae, 0xff, 0xff, 0x4e, 0x00, 0x00, 0x40, 0xae, 0x0c, 0x00, 0x0c, 0xc3, 0xff, 0xff, 0xff, 0xff,
	0xff, 0xff, 0x6b, 0x00, 0x00, 0x0c, 0x6b, 0xda, 0xff, 0xff, 0xae, 0x4e, 0x00, 0x00, 0x00, 0x00,
	0x00, 0x00, 0x00, 0x00, 0x00, 0x33, 0xff, 0xff, 0x00, 0x00, 0x00, 0x00, 0x00, 0x00, 0x00, 0x00,
	0x33, 0xff, 0xff, 0x00, 0x00, 0x00, 0x00, 0x00, 0x00, 0x00, 0x00, 0x33, 0xff, 0xff, 0x00, 0x00,
	0x00, 0x00, 0x00, 0x00, 0x00, 0x00, 0x33, 0xff, 0xff, 0x00, 0x00, 0x00, 0x00, 0x00, 0x00, 0x00,
	0x00, 0x33, 0xff, 0xff, 0x00, 0x00, 0x0c, 0x8b, 0xff, 0xff, 0xda, 0x5c, 0x33, 0xff, 0xff, 0x00,
	0x0c, 0xc3, 0xff, 0xff, 0xff, 0xff, 0xff, 0xc3, 0xff, 0xff, 0x00, 0x8b, 0xff, 0xff, 0x4e, 0x00,
	0x0c, 0x5c, 0xff, 0xff, 0xff, 0x0c, 0xff, 0xff, 0x6b, 0x00, 0x00, 0x00, 0x00, 0x4e, 0xff, 0xff,
	0x40, 0xff, 0xff, 0x0c, 0x00, 0x00, 0x00, 0x00, 0x33, 0xff, 0xff, 0x6b, 0xff, 0xff, 0x00, 0x00,
	0x00, 0x00, 0x00, 0x33, 0xff, 0xff, 0x6b, 0xff, 0xae, 0x00, 0x00, 0x00, 0x00, 0x00, 0x33, 0xff,
	0xff, 0x6b, 0xff, 0xff, 0x00, 0x00, 0x00, 0x00, 0x00, 0x33, 0xff, 0xff, 0x4e, 0xff, 0xff, 0x0c,
	0x00, 0x00, 0x00, 0x00, 0x33, 0xff, 0xff, 0x19, 0xff, 0xff, 0x4e, 0x00, 0x00, 0x00, 0x00, 0x5c,
	0xff, 0xff, 0x00, 0xae, 0xff, 0xff, 0x40, 0x00, 0x0c, 0x6b, 0xff, 0xff, 0xff, 0x00, 0x19, 0xff,
	0xff, 0xff, 0xff, 0xff, 0xff, 0x4e, 0xff, 0xff, 0x00, 0x00, 0x19, 0x8b, 0xff, 0xff, 0xc3, 0x40,
	0x00, 0xff, 0xff, 0x00, 0x00, 0x0c, 0x6b, 0xda, 0xff, 0xff, 0x9c, 0x33, 0x00, 0x00, 0x00, 0x0c,
	0xc3, 0xff, 0xff, 0xff, 0xff, 0xff, 0xff, 0x4e, 0x00, 0x00, 0x8b, 0xff, 0xc3, 0x26, 0x00, 0x0c,
	0x5c, 0xff, 0xff, 0x19, 0x19, 0xff, 0xff, 0x19, 0x00, 0x00, 0x00, 0x00, 0x8b, 0xff, 0x6b, 0x5c,
	0xff, 0xae, 0x00, 0x00, 0x00, 0x00, 0x00, 0x4e, 0xff, 0xae, 0x6b, 0xff, 0xff, 0xff, 0xff, 0xff,
	0xff, 0xff, 0xff, 0xff, 0xae, 0x7a, 0xff, 0xff, 0xff, 0xff, 0xff, 0xff, 0xff, 0xff, 0xff, 0xae,
	0x6b, 0xff, 0xae, 0x00, 0x00, 0x00, 0x00, 0x00, 0x00, 0x00, 0x00, 0x5c, 0xff, 0xff, 0x00, 0x00,
	0x00, 0x00, 0x00, 0x00, 0x00, 0x00, 0x26, 0xff, 0xff, 0x5c, 0x00, 0x00, 0x00, 0x00, 0x00, 0x00,
	0x00, 0x00, 0xae, 0xff, 0xff, 0x5c, 0x0c, 0x00, 0x26, 0x6b, 0xc3, 0x00, 0x00, 0x0c, 0xc3, 0xff,
	0xff, 0xff, 0xff, 0xff, 0xff, 0xda, 0x26, 0x00, 0x00, 0x0c, 0x6b, 0xda, 0xff, 0xff, 0xc3, 0x5c,
	0x0c, 0x00, 0x00, 0x00, 0x00, 0x19, 0x8b, 0xff, 0xff, 0xff, 0x8b, 0x26, 0x00, 0x00, 0x0c, 0xda,
	0xff, 0xff, 0xff, 0xff, 0xff, 0x19, 0x00, 0x00, 0x4e, 0xff, 0xff, 0x26, 0x00, 0x0c, 0x40, 0x00,
	0x00, 0x00, 0x6b, 0xff, 0xae, 0x00, 0x00, 0x00, 0x00, 0x00, 0x00, 0x00, 0x6b, 0xff, 0xae, 0x00,
	0x00, 0x00, 0x00, 0x00, 0xae, 0xff, 0xff, 0xff, 0xff, 0xff, 0xff, 0xae, 0x00, 0x00, 0xae, 0xff,
	0xff, 0xff, 0xff, 0xff, 0xff, 0x7a, 0x00, 0x00, 0x00, 0x00, 0x6b, 0xff, 0xae, 0x00, 0x00, 0x00,
	0x00, 0x00, 0x00, 0x00, 0x6b, 0xff, 0xae, 0x00, 0x00, 0x00, 0x00, 0x00, 0x00, 0x00, 0x6b, 0xff,
	0xae, 0x00, 0x00, 0x00, 0x00, 0x00, 0x00, 0x00, 0x6b, 0xff, 0xae, 0x00, 0x00, 0x00, 0x00, 0x00,
	0x00, 0x00, 0x6b, 0xff, 0xae, 0x00, 0x00, 0x00, 0x00, 0x00, 0x00, 0x00, 0x6b, 0xff, 0xae, 0x00,
	0x00, 0x00, 0x00, 0x00, 0x00, 0x00, 0x6b, 0xff, 0xae, 0x00, 0x00, 0x00, 0x00, 0x00, 0x00, 0x00,
	0x6b, 0xff, 0xae, 0x00, 0x00, 0x00, 0x00, 0x00, 0x00, 0x00, 0x6b, 0xff, 0xae, 0x00, 0x00, 0x00,
	0x00, 0x00, 0x00, 0x00, 0x6b, 0xff, 0xae, 0x00, 0x00, 0x00, 0x00, 0x00, 0x00, 0x00, 0x6b, 0xff,
	0xae, 0x00, 0x00, 0x00, 0x00, 0x00, 0x00, 0x00, 0x00, 0x00, 0x00, 0x00, 0x00, 0x00, 0x00, 0x00,
	0x00, 0x0c, 0x00, 0x00, 0x00, 0x00, 0x00, 0x00, 0x00, 0x00, 0x00, 0x19, 0x40, 0x8b, 0xff, 0x00,
	0x00, 0x00, 0x00, 0x4e, 0xc3, 0xff, 0xff, 0xff, 0xff, 0xff, 0xff, 0xff, 0x40, 0x00, 0x00, 0x8b,
	0xff, 0xff, 0xff, 0xff, 0xff, 0xff, 0x7a, 0x6b, 0x5c, 0x19, 0x00, 0x4e, 0xff, 0xff, 0x5c, 0x00,
	0x00, 0x33, 0xff, 0xff, 0x26, 0x00, 0x00, 0x00, 0xae, 0xff, 0x8b, 0x00, 0x00, 0x00, 0x00, 0x4e,
	0xff, 0xae, 0x00, 0x00, 0x00, 0xae, 0xff, 0x6b, 0x00, 0x00, 0x00, 0x00, 0x33, 0xff, 0xff, 0x00,
	0x00, 0x00, 0x9c, 0xff, 0x8b, 0x00, 0x00, 0x00, 0x00, 0x4e, 0xff, 0xff, 0x00, 0x00, 0x00, 0x33,
	0xff, 0xff, 0x5c, 0x00, 0x00, 0x40, 0xff, 0xff, 0x8b, 0x00, 0x00, 0x00, 0x00, 0x40, 0xff, 0xff,
	0xff, 0xff, 0xff, 0xff, 0xff, 0x19, 0x00, 0x00, 0x00, 0x00, 0x4e, 0xff, 0xc3, 0xff, 0xff, 0xda,
	0x8b, 0x0c, 0x00, 0x00, 0x00, 0x00, 0x00, 0xff, 0xff, 0x0c, 0x00, 0x00, 0x00, 0x00, 0x00, 0x00,
	0x00, 0x00, 0x00, 0x00, 0xff, 0xff, 0x33, 0x00, 0x00, 0x00, 0x00, 0x00, 0x00, 0x00, 0x00, 0x00,
	0x00, 0xc3, 0xff, 0xff, 0xff, 0xff, 0xff, 0xff, 0x9c, 0x33, 0x00, 0x00, 0x00, 0x00, 0x0c, 0x9c,
	0xff, 0xff, 0xff, 0xff, 0xff, 0xff, 0xff, 0x40, 0x00, 0x00, 0x00, 0x00, 0x00, 0x00, 0x00, 0x00,
	0x00, 0x19, 0xae, 0xff, 0xc3, 0x00, 0x4e, 0xae, 0x5c, 0x00, 0x00, 0x00, 0x00, 0x00, 0x00, 0x33,
	0xff, 0xff, 0x00, 0x33, 0xff, 0xff, 0x40, 0x0c, 0x00, 0x00, 0x00, 0x40, 0xc3, 0xff, 0x9c, 0x00,
	0x00, 0xc3, 0xff, 0xff, 0xff, 0xff, 0xff, 0xff, 0xff, 0xff, 0xff, 0x26, 0x00, 0x00, 0x0c, 0x5c,
	0xae, 0xff, 0xff, 0xff, 0xff, 0xae, 0x5c, 0x0c, 0x00, 0x00, 0x8b, 0xff, 0x6b, 0x00, 0x00, 0x00,
	0x00, 0x00, 0x00, 0x00, 0xae, 0xff, 0x6b, 0x00, 0x00, 0x00, 0x00, 0x00, 0x00, 0x00, 0xae, 0xff,
	0x6b, 0x00, 0x00, 0x00, 0x00, 0x00, 0x00, 0x00, 0xae, 0xff, 0x6b, 0x00, 0x00, 0x00, 0x00, 0x00,
	0x00, 0x00, 0xae, 0xff, 0x6b, 0x00, 0x00, 0x00, 0x00, 0x00, 0x00, 0x00, 0xae, 0xff, 0x6b, 0x0c,
	0x7a, 0xff, 0xff, 0xc3, 0x40, 0x00, 0xae, 0xff, 0x7a, 0xc3, 0xff, 0xff, 0xff, 0xff, 0xff, 0x33,
	0xae, 0xff, 0xff, 0xda, 0x33, 0x00, 0x19, 0xc3, 0xff, 0x9c, 0xae, 0xff, 0xff, 0x0c, 0x00, 0x00,
	0x00, 0x4e, 0xff, 0xff, 0xae, 0xff, 0x6b, 0x00, 0x00, 0x00, 0x00, 0x33, 0xff, 0xff, 0xae, 0xff,
	0x6b, 0x00, 0x00, 0x00, 0x00, 0x33, 0xff, 0xff, 0xae, 0xff, 0x6b, 0x00, 0x00, 0x00, 0x00, 0x33,
	0xff, 0xff, 0xae, 0xff, 0x6b, 0x00, 0x00, 0x00, 0x00, 0x33, 0xff, 0xff, 0xae, 0xff, 0x6b, 0x00,
	0x00, 0x00, 0x00, 0x33, 0xff, 0xff, 0xae, 0xff, 0x6b, 0x00, 0x00, 0x00, 0x00, 0x33, 0xff, 0xff,
	0xae, 0xff, 0x6b, 0x00, 0x00, 0x00, 0x00, 0x33, 0xff, 0xff, 0xae, 0xff, 0x6b, 0x00, 0x00, 0x00,
	0x00, 0x33, 0xff, 0xff, 0xae, 0xff, 0x6b, 0x00, 0x00, 0x00, 0x00, 0x33, 0xff, 0xff, 0x00, 0xae,
	0xff, 0x6b, 0x33, 0xff, 0xff, 0xff, 0x00, 0xae, 0xff, 0x6b, 0x00, 0x00, 0x00, 0x00, 0x00, 0x00,
	0x00, 0x00, 0x00, 0x00, 0x00, 0x00, 0x00, 0xae, 0xff, 0x6b, 0x00, 0xae, 0xff, 0x6b, 0x00, 0xae,
	0xff, 0x6b, 0x00, 0xae, 0xff, 0x6b, 0x00, 0xae, 0xff, 0x6b, 0x00, 0xae, 0xff, 0x6b, 0x00, 0xae,
	0xff, 0x6b, 0x00, 0xae, 0xff, 0x6b, 0x00, 0xae, 0xff, 0x6b, 0x00, 0xae, 0xff, 0x6b, 0x00, 0xae,
	0xff, 0x6b, 0x00, 0xae, 0xff, 0x6b, 0x00, 0xae, 0xff, 0x6b, 0x00, 0x00, 0x00, 0xae, 0xff, 0x6b,
	0x00, 0x00, 0x33, 0xff, 0xff, 0xda, 0x00, 0x00, 0x00, 0xae, 0xff, 0x6b, 0x00, 0x00, 0x00, 0x00,
	0x00, 0x00, 0x00, 0x00, 0x00, 0x00, 0x00, 0x00, 0x00, 0x00, 0x00, 0x00, 0x00, 0x00, 0x00, 0x00,
	0x00, 0xae, 0xff, 0x6b, 0x00, 0x00, 0x00, 0xae, 0xff, 0x6b, 0x00, 0x00, 0x00, 0xae, 0xff, 0x6b,
	0x00, 0x00, 0x00, 0xae, 0xff, 0x6b, 0x00, 0x00, 0x00, 0xae, 0xff, 0x6b, 0x00, 0x00, 0x00, 0xae,
	0xff, 0x6b, 0x00, 0x00, 0x00, 0xae, 0xff, 0x6b, 0x00, 0x00, 0x00, 0xae, 0xff, 0x6b, 0x00, 0x00,
	0x00, 0xae, 0xff, 0x6b, 0x00, 0x00, 0x00, 0xae, 0xff, 0x6b, 0x00, 0x00, 0x00, 0xae, 0xff, 0x6b,
	0x00, 0x00, 0x00, 0xae, 0xff, 0x6b, 0x00, 0x00, 0x00, 0xae, 0xff, 0x6b, 0x00, 0x00, 0x00, 0xda,
	0xff, 0x40, 0x00, 0x00, 0x19, 0xff, 0xff, 0x19, 0x00, 0x26, 0xc3, 0xff, 0x7a, 0x00, 0x0c, 0xff,
	0xff, 0x8b, 0x00, 0x00, 0x00, 0x6b, 0x33, 0x00, 0x00, 0x00, 0x26, 0x33, 0x26, 0x00, 0x00, 0x00,
	0x00, 0x00, 0x00, 0x00, 0x00, 0xae, 0xff, 0x6b, 0x00, 0x00, 0x00, 0x00, 0x00, 0x00, 0x00, 0x00,
	0xae, 0xff, 0x6b, 0x00, 0x00, 0x00, 0x00, 0x00, 0x00, 0x00, 0x00, 0xae, 0xff, 0x6b, 0x00, 0x00,
	0x00, 0x00, 0x00, 0x00, 0x00, 0x00, 0xae, 0xff, 0x6b, 0x00, 0x00, 0x00, 0x00, 0x00, 0x00, 0x00,
	0x00, 0xae, 0xff, 0x6b, 0x00, 0x00, 0x00, 0x00, 0x00, 0x00, 0x00, 0x00, 0xae, 0xff, 0x6b, 0x00,
	0x00, 0x00, 0x26, 0xff, 0xff, 0x4e, 0x00, 0xae, 0xff, 0x6b, 0x00, 0x00, 0x0c, 0xc3, 0xff, 0x7a,
	0x00, 0x00, 0xae, 0xff, 0x6b, 0x00, 0x00, 0x9c, 0xff, 0xae, 0x00, 0x00, 0x00, 0xae, 0xff, 0x6b,
	0x00, 0x5c, 0xff, 0xda, 0x0c, 0x00, 0x00, 0x00, 0xae, 0xff, 0x6b, 0x33, 0xff, 0xff, 0x26, 0x00,
	0x00, 0x00, 0x00, 0xae, 0xff, 0x8b, 0xff, 0xff, 0x4e, 0x00, 0x00, 0x00, 0x00, 0x00, 0xae, 0xff,
	0x7a, 0xff, 0xff, 0x9c, 0x00, 0x00, 0x00, 0x00, 0x00, 0xae, 0xff, 0x6b, 0x33, 0xff, 0xff, 0x4e,
	0x00, 0x00, 0x00, 0x00, 0xae, 0xff, 0x6b, 0x00, 0x7a, 0xff, 0xff, 0x19, 0x00, 0x00, 0x00, 0xae,
	0xff, 0x6b, 0x00, 0x00, 0xc3, 0xff, 0xae, 0x00, 0x00, 0x00, 0xae, 0xff, 0x6b, 0x00, 0x00, 0x26,
	0xff, 0xff, 0x6b, 0x00, 0x00, 0xae, 0xff, 0x6b, 0x00, 0x00, 0x00, 0x5c, 0xff, 0xff, 0x26, 0x00,
	0xae, 0xff, 0x6b, 0x00, 0x00, 0x00, 0x00, 0xae, 0xff, 0xda, 0x0c, 0x26, 0x6b, 0x33, 0x00, 0x00,
	0xae, 0xff, 0x6b, 0x00, 0x00, 0xae, 0xff, 0x6b, 0x00, 0x00, 0xae, 0xff, 0x6b, 0x00, 0x00, 0xae,
	0xff, 0x6b, 0x00, 0x00, 0xae, 0xff, 0x6b, 0x00, 0x00, 0xae, 0xff, 0x6b, 0x00, 0x00, 0xae, 0xff,
	0x6b, 0x00, 0x00, 0xae, 0xff, 0x6b, 0x00, 0x00, 0xae, 0xff, 0x6b, 0x00, 0x00, 0xae, 0xff, 0x6b,
	0x00, 0x00, 0xae, 0xff, 0x6b, 0x00, 0x00, 0xae, 0xff, 0x6b, 0x00, 0x00, 0xae, 0xff, 0x6b, 0x00,
	0x00, 0xae, 0xff, 0x6b, 0x00, 0x00, 0xae, 0xff, 0x6b, 0x00, 0x00, 0xae, 0xff, 0x7a, 0x0c, 0x00,
	0x8b, 0xff, 0xff, 0xff, 0x26, 0x0c, 0x9c, 0xff, 0xff, 0x4e, 0xae, 0xff, 0x33, 0x0c, 0x8b, 0xff,
	0xff, 0x8b, 0x0c, 0x00, 0x19, 0x9c, 0xff, 0xff, 0x8b, 0x0c, 0x00, 0xae, 0xff, 0x40, 0xc3, 0xff,
	0xff, 0xff, 0xff, 0xae, 0x0c, 0xff, 0xff, 0xff, 0xff, 0xff, 0xc3, 0x00, 0xae, 0xff, 0xda, 0xc3,
	0x26, 0x00, 0x4e, 0xff, 0xff, 0xc3, 0xc3, 0x19, 0x00, 0x4e, 0xff, 0xff, 0x26, 0xae, 0xff, 0xff,
	0x0c, 0x00, 0x00, 0x00, 0xc3, 0xff, 0xff, 0x0c, 0x00, 0x00, 0x00, 0xda, 0xff, 0x5c, 0xae, 0xff,
	0x6b, 0x00, 0x00, 0x00, 0x00, 0xae, 0xff, 0x6b, 0x00, 0x00, 0x00, 0x00, 0xae, 0xff, 0x6b, 0xae,
	0xff, 0x6b, 0x00, 0x00, 0x00, 0x00, 0xae, 0xff, 0x6b, 0x00, 0x00, 0x00, 0x00, 0xae, 0xff, 0x6b,
	0xae, 0xff, 0x6b, 0x00, 0x00, 0x00, 0x00, 0xae, 0xff, 0x6b, 0x00, 0x00, 0x00, 0x00, 0xae, 0xff,
	0x6b, 0xae, 0xff, 0x6b, 0x00, 0x00, 0x00, 0x00, 0xae, 0xff, 0x6b, 0x00, 0x00, 0x00, 0x00, 0xae,
	0xff, 0x6b, 0xae, 0xff, 0x6b, 0x00, 0x00, 0x00, 0x00, 0xae, 0xff, 0x6b, 0x00, 0x00, 0x00, 0x00,
	0xae, 0xff, 0x6b, 0xae, 0xff, 0x6b, 0x00, 0x00, 0x00, 0x00, 0xae, 0xff, 0x6b, 0x00, 0x00, 0x00,
	0x00, 0xae, 0xff, 0x6b, 0xae, 0xff, 0x6b, 0x00, 0x00, 0x00, 0x00, 0xae, 0xff, 0x6b, 0x00, 0x00,
	0x00, 0x00, 0xae, 0xff, 0x6b, 0xae, 0xff, 0x6b, 0x00, 0x00, 0x00, 0x00, 0xae, 0xff, 0x6b, 0x00,
	0x00, 0x00, 0x00, 0xae, 0xff, 0x6b, 0xae, 0xff, 0x6b, 0x00, 0x00, 0x00, 0x00, 0xae, 0xff, 0x6b,
	0x00, 0x00, 0x00, 0x00, 0xae, 0xff, 0x6b, 0xae, 0xff, 0x33, 0x0c, 0x8b, 0xff, 0xff, 0xc3, 0x40,
	0x00, 0xae, 0xff, 0x40, 0xc3, 0xff, 0xff, 0xff, 0xff, 0xff, 0x33, 0xae, 0xff, 0xda, 0xda, 0x33,
	0x00, 0x19, 0xc3, 0xff, 0x9c, 0xae, 0xff, 0xff, 0x0c, 0x00, 0x00, 0x00, 0x4e, 0xff, 0xff, 0xae,
	0xff, 0x6b, 0x00, 0x00, 0x00, 0x00, 0x33, 0xff, 0xff, 0xae, 0xff, 0x6b, 0x00, 0x00, 0x00, 0x00,
	0x33, 0xff, 0xff, 0xae, 0xff, 0x6b, 0x00, 0x00, 0x00, 0x00, 0x33, 0xff, 0xff, 0xae, 0xff, 0x6b,
	0x00, 0x00, 0x00, 0x00, 0x33, 0xff, 0xff, 0xae, 0xff, 0x6b, 0x00, 0x00, 0x00, 0x00, 0x33, 0xff,
	0xff, 0xae, 0xff, 0x6b, 0x00, 0x00, 0x00, 0x00, 0x33, 0xff, 0xff, 0xae, 0xff, 0x6b, 0x00, 0x00,
	0x00, 0x00, 0x33, 0xff, 0xff, 0xae, 0xff, 0x6b, 0x00, 0x00, 0x00, 0x00, 0x33, 0xff, 0xff, 0xae,
	0xff, 0x6b, 0x00, 0x00, 0x00, 0x00, 0x33, 0xff, 0xff, 0x00, 0x00, 0x00, 0x6b, 0xc3, 0xff, 0xff,
	0xda, 0x6b, 0x0c, 0x00, 0x00, 0x00, 0x0c, 0xc3, 0xff, 0xff, 0xff, 0xff, 0xff, 0xff, 0xc3, 0x0c,
	0x00, 0x00, 0x8b, 0xff, 0xff, 0x4e, 0x00, 0x00, 0x40, 0xff, 0xff, 0xae, 0x00, 0x19, 0xff, 0xff,
	0x4e, 0x00, 0x00, 0x00, 0x00, 0x4e, 0xff, 0xff, 0x26, 0x5c, 0xff, 0xff, 0x00, 0x00, 0x00, 0x00,
	0x00, 0x00, 0xff, 0xff, 0x5c, 0x6b, 0xff, 0xae, 0x00, 0x00, 0x00, 0x00, 0x00, 0x00, 0xae, 0xff,
	0x6b, 0x7a, 0xff, 0xae, 0x00, 0x00, 0x00, 0x00, 0x00, 0x00, 0xae, 0xff, 0xae, 0x6b, 0xff, 0xae,
	0x00, 0x00, 0x00, 0x00, 0x00, 0x00, 0xae, 0xff, 0x6b, 0x5c, 0xff, 0xff, 0x00, 0x00, 0x00, 0x00,
	0x00, 0x00, 0xff, 0xff, 0x5c, 0x19, 0xff, 0xff, 0x4e, 0x00, 0x00, 0x00, 0x00, 0x4e, 0xff, 0xff,
	0x19, 0x00, 0x9c, 0xff, 0xff, 0x4e, 0x00, 0x00, 0x4e, 0xff, 0xff, 0x8b, 0x00, 0x00, 0x0c, 0xc3,
	0xff, 0xff, 0xff, 0xff, 0xff, 0xff, 0xc3, 0x0c, 0x00, 0x00, 0x00, 0x0c, 0x6b, 0xc3, 0xff, 0xff,
	0xc3, 0x6b, 0x0c, 0x00, 0x00, 0xae, 0xff, 0x33, 0x19, 0x8b, 0xff, 0xff, 0xc3, 0x4e, 0x00, 0x00,
	0xae, 0xff, 0x5c, 0xff, 0xff, 0xff, 0xff, 0xff, 0xff, 0x6b, 0x00, 0xae, 0xff, 0xff, 0xae, 0x26,
	0x00, 0x19, 0xc3, 0xff, 0xff, 0x19, 0xae, 0xff, 0xae, 0x00, 0x00, 0x00, 0x00, 0x19, 0xff, 0xff,
	0x5c, 0xae, 0xff, 0x6b, 0x00, 0x00, 0x00, 0x00, 0x00, 0xc3, 0xff, 0x8b, 0xae, 0xff, 0x6b, 0x00,
	0x00, 0x00, 0x00, 0x00, 0x9c, 0xff, 0xae, 0xae, 0xff, 0x6b, 0x00, 0x00, 0x00, 0x00, 0x00, 0x6b,
	0xff, 0xae, 0xae, 0xff, 0x6b, 0x00, 0x00, 0x00, 0x00, 0x00, 0x9c, 0xff, 0xae, 0xae, 0xff, 0x6b,
	0x00, 0x00, 0x00, 0x00, 0x00, 0xc3, 0xff, 0x7a, 0xae, 0xff, 0x7a, 0x00, 0x00, 0x00, 0x00, 0x26,
	0xff, 0xff, 0x40, 0xae, 0xff, 0xff, 0x6b, 0x0c, 0x00, 0x33, 0xc3, 0xff, 0xda, 0x00, 0xae, 0xff,
	0xc3, 0xff, 0xff, 0xff, 0xff, 0xff, 0xff, 0x33, 0x00, 0xae, 0xff, 0x6b, 0x40, 0xc3, 0xff, 0xff,
	0x9c, 0x26, 0x00, 0x00, 0xae, 0xff, 0x6b, 0x00, 0x00, 0x00, 0x00, 0x00, 0x00, 0x00, 0x00, 0xae,
	0xff, 0x6b, 0x00, 0x00, 0x00, 0x00, 0x00, 0x00, 0x00, 0x00, 0xae, 0xff, 0x6b, 0x00, 0x00, 0x00,
	0x00, 0x00, 0x00, 0x00, 0x00, 0xae, 0xff, 0x6b, 0x00, 0x00, 0x00, 0x00, 0x00, 0x00, 0x00, 0x00,
	0x7a, 0xae, 0x40, 0x00, 0x00, 0x00, 0x00, 0x00, 0x00, 0x00, 0x00, 0x00, 0x00, 0x0c, 0x8b, 0xff,
	0xff, 0xc3, 0x40, 0x00, 0xff, 0xff, 0x00, 0x19, 0xff, 0xff, 0xff, 0xff, 0xff, 0xff, 0x7a, 0xff,
	0xff, 0x00, 0xae, 0xff, 0xff, 0x40, 0x00, 0x0c, 0x6b, 0xff, 0xff, 0xff, 0x19, 0xff, 0xff, 0x4e,
	0x00, 0x00, 0x00, 0x00, 0x5c, 0xff, 0xff, 0x5c, 0xff, 0xff, 0x00, 0x00, 0x00, 0x00, 0x00, 0x33,
	0xff, 0xff, 0x6b, 0xff, 0xae, 0x00, 0x00, 0x00, 0x00, 0x00, 0x33, 0xff, 0xff, 0x7a, 0xff, 0xae,
	0x00, 0x00, 0x00, 0x00, 0x00, 0x33, 0xff, 0xff, 0x6b, 0xff, 0xae, 0x00, 0x00, 0x00, 0x00, 0x00,
	0x33, 0xff, 0xff, 0x6b, 0xff, 0xff, 0x00, 0x00, 0x00, 0x00, 0x00, 0x33, 0xff, 0xff, 0x26, 0xff,
	0xff, 0x33, 0x00, 0x00, 0x00, 0x00, 0x5c, 0xff, 0xff, 0x00, 0xc3, 0xff, 0xff, 0x33, 0x00, 0x19,
	0x6b, 0xff, 0xff, 0xff, 0x00, 0x26, 0xff, 0xff, 0xff, 0xff, 0xff, 0xff, 0x6b, 0xff, 0xff, 0x00,
	0x00, 0x26, 0x9c, 0xff, 0xff, 0xae, 0x26, 0x33, 0xff, 0xff, 0x00, 0x00, 0x00, 0x00, 0x00, 0x00,
	0x00, 0x00, 0x33, 0xff, 0xff, 0x00, 0x00, 0x00, 0x00, 0x00, 0x00, 0x00, 0x00, 0x33, 0xff, 0xff,
	0x00, 0x00, 0x00, 0x00, 0x00, 0x00, 0x00, 0x00, 0x33, 0xff, 0xff, 0x00, 0x00, 0x00, 0x00, 0x00,
	0x00, 0x00, 0x00, 0x33, 0xff, 0xff, 0x00, 0x00, 0x00, 0x00, 0x00, 0x00, 0x00, 0x00, 0x19, 0xae,
	0xae, 0xae, 0xff, 0x33, 0x26, 0xae, 0xff, 0xff, 0xae, 0xff, 0x40, 0xff, 0xff, 0xff, 0xae, 0xae,
	0xff, 0xc3, 0xc3, 0x33, 0x00, 0x0c, 0xae, 0xff, 0xff, 0x33, 0x00, 0x00, 0x00, 0xae, 0xff, 0xc3,
	0x00, 0x00, 0x00, 0x00, 0xae, 0xff, 0x6b, 0x00, 0x00, 0x00, 0x00, 0xae, 0xff, 0x6b, 0x00, 0x00,
	0x00, 0x00, 0xae, 0xff, 0x6b, 0x00, 0x00, 0x00, 0x00, 0xae, 0xff, 0x6b, 0x00, 0x00, 0x00, 0x00,
	0xae, 0xff, 0x6b, 0x00, 0x00, 0x00, 0x00, 0xae, 0xff, 0x6b, 0x00, 0x00, 0x00, 0x00, 0xae, 0xff,
	0x6b, 0x00, 0x00, 0x00, 0x00, 0xae, 0xff, 0x6b, 0x00, 0x00, 0x00, 0x00, 0x00, 0x00, 0x19, 0x8b,
	0xda, 0xff, 0xff, 0xae, 0x4e, 0x00, 0x00, 0x00, 0x26, 0xff, 0xff, 0xff, 0xff, 0xff, 0xff, 0xff,
	0x9c, 0x00, 0x00, 0x9c, 0xff, 0xda, 0x33, 0x00, 0x00, 0x40, 0x9c, 0x5c, 0x00, 0x00, 0xae, 0xff,
	0x6b, 0x00, 0x00, 0x00, 0x00, 0x00, 0x00, 0x00, 0x00, 0x8b, 0xff, 0xc3, 0x0c, 0x00, 0x00, 0x00,
	0x00, 0x00, 0x00, 0x00, 0x0c, 0xc3, 0xff, 0xff, 0x8b, 0x4e, 0x0c, 0x00, 0x00, 0x00, 0x00, 0x00,
	0x00, 0x4e, 0xae, 0xff, 0xff, 0xff, 0x8b, 0x0c, 0x00, 0x00, 0x00, 0x00, 0x00, 0x00, 0x00, 0x4e,
	0xc3, 0xff, 0xc3, 0x00, 0x00, 0x00, 0x00, 0x00, 0x00, 0x00, 0x00, 0x0c, 0xff, 0xff, 0x33, 0x00,
	0x0c, 0x00, 0x00, 0x00, 0x00, 0x00, 0x00, 0xff, 0xff, 0x40, 0x0c, 0xc3, 0xae, 0x40, 0x00, 0x00,
	0x19, 0x9c, 0xff, 0xff, 0x26, 0x26, 0xc3, 0xff, 0xff, 0xff, 0xff, 0xff, 0xff, 0xff, 0x8b, 0x00,
	0x00, 0x00, 0x4e, 0xae, 0xff, 0xff, 0xff, 0x9c, 0x33, 0x00, 0x00, 0x00, 0x00, 0x00, 0x00, 0x0c,
	0x00, 0x00, 0x00, 0x00, 0x00, 0x00, 0x6b, 0xff, 0xae, 0x00, 0x00, 0x00, 0x00, 0x00, 0x00, 0x6b,
	0xff, 0xae, 0x00, 0x00, 0x00, 0x00, 0x00, 0x00, 0x6b, 0xff, 0xae, 0x00, 0x00, 0x00, 0x00, 0xae,
	0xff, 0xff, 0xff, 0xff, 0xff, 0xff, 0x7a, 0x00, 0xae, 0xff, 0xff, 0xff, 0xff, 0xff, 0xff, 0x6b,
	0x00, 0x00, 0x00, 0x6b, 0xff, 0xae, 0x00, 0x00, 0x00, 0x00, 0x00, 0x00, 0x6b, 0xff, 0xae, 0x00,
	0x00, 0x00, 0x00, 0x00, 0x00, 0x6b, 0xff, 0xae, 0x00, 0x00, 0x00, 0x00, 0x00, 0x00, 0x6b, 0xff,
	0xae, 0x00, 0x00, 0x00, 0x00, 0x00, 0x00, 0x6b, 0xff, 0xae, 0x00, 0x00, 0x00, 0x00, 0x00, 0x00,
	0x6b, 0xff, 0xae, 0x00, 0x00, 0x00, 0x00, 0x00, 0x00, 0x6b, 0xff, 0xae, 0x00, 0x00, 0x00, 0x00,
	0x00, 0x00, 0x6b, 0xff, 0xae, 0x00, 0x00, 0x00, 0x00, 0x00, 0x00, 0x6b, 0xff, 0xda, 0x19, 0x00,
	0x4e, 0x00, 0x00, 0x00, 0x19, 0xff, 0xff, 0xff, 0xff, 0xff, 0x4e, 0x00, 0x00, 0x00, 0x33, 0xc3,
	0xff, 0xff, 0x9c, 0x33, 0xae, 0xff, 0x6b, 0x00, 0x00, 0x00, 0x00, 0x6b, 0xff, 0xae, 0xae, 0xff,
	0x6b, 0x00, 0x00, 0x00, 0x00, 0x6b, 0xff, 0xae, 0xae, 0xff, 0x6b, 0x00, 0x00, 0x00, 0x00, 0x6b,
	0xff, 0xae, 0xae, 0xff, 0x6b, 0x00, 0x00, 0x00, 0x00, 0x6b, 0xff, 0xae, 0xae, 0xff, 0x6b, 0x00,
	0x00, 0x00, 0x00, 0x6b, 0xff, 0xae, 0xae, 0xff, 0x6b, 0x00, 0x00, 0x00, 0x00, 0x6b, 0xff, 0xae,
	0xae, 0xff, 0x6b, 0x00, 0x00, 0x00, 0x00, 0x6b, 0xff, 0xae, 0xae, 0xff, 0x6b, 0x00, 0x00, 0x00,
	0x00, 0x6b, 0xff, 0xae, 0xae, 0xff, 0x6b, 0x00, 0x00, 0x00, 0x00, 0x6b, 0xff, 0xae, 0xae, 0xff,
	0x6b, 0x00, 0x00, 0x00, 0x0c, 0xda, 0xff, 0xae, 0x9c, 0xff, 0xc3, 0x19, 0x00, 0x33, 0xc3, 0xda,
	0xff, 0xae, 0x33, 0xff, 0xff, 0xff, 0xff, 0xff, 0xc3, 0x40, 0xff, 0xae, 0x00, 0x40, 0xda, 0xff,
	0xff, 0x8b, 0x0c, 0x33, 0xff, 0xae, 0x8b, 0xff, 0xc3, 0x00, 0x00, 0x00, 0x00, 0x00, 0x00, 0xff,
	0xff, 0x4e, 0x40, 0xff, 0xff, 0x19, 0x00, 0x00, 0x00, 0x00, 0x26, 0xff, 0xff, 0x0c, 0x00, 0xff,
	0xff, 0x4e, 0x00, 0x00, 0x00, 0x00, 0x6b, 0xff, 0x9c, 0x00, 0x00, 0x8b, 0xff, 0x9c, 0x00, 0x00,
	0x00, 0x00, 0xc3, 0xff, 0x4e, 0x00, 0x00, 0x40, 0xff, 0xff, 0x00, 0x00, 0x00, 0x19, 0xff, 0xff,
	0x0c, 0x00, 0x00, 0x00, 0xda, 0xff, 0x40, 0x00, 0x00, 0x4e, 0xff, 0x9c, 0x00, 0x00, 0x00, 0x00,
	0x7a, 0xff, 0x8b, 0x00, 0x00, 0x9c, 0xff, 0x4e, 0x00, 0x00, 0x00, 0x00, 0x26, 0xff, 0xda, 0x00,
	0x00, 0xff, 0xff, 0x0c, 0x00, 0x00, 0x00, 0x00, 0x00, 0xda, 0xff, 0x26, 0x40, 0xff, 0xc3, 0x00,
	0x00, 0x00, 0x00, 0x00, 0x00, 0x7a, 0xff, 0x6b, 0x8b, 0xff, 0x5c, 0x00, 0x00, 0x00, 0x00, 0x00,
	0x00, 0x26, 0xff, 0xc3, 0xda, 0xff, 0x19, 0x00, 0x00, 0x00, 0x00, 0x00, 0x00, 0x00, 0xda, 0xff,
	0xff, 0xc3, 0x00, 0x00, 0x00, 0x00, 0x00, 0x00, 0x00, 0x00, 0x7a, 0xff, 0xff, 0x5c, 0x00, 0x00,
	0x00, 0x00, 0x4e, 0xff, 0xae, 0x00, 0x00, 0x00, 0x00, 0x8b, 0xff, 0xff, 0x00, 0x00, 0x00, 0x00,
	0x6b, 0xff, 0x8b, 0x26, 0xff, 0xff, 0x00, 0x00, 0x00, 0x00, 0xda, 0xff, 0xff, 0x33, 0x00, 0x00,
	0x00, 0x9c, 0xff, 0x4e, 0x00, 0xff, 0xff, 0x26, 0x00, 0x00, 0x0c, 0xff, 0xc3, 0xff, 0x6b, 0x00,
	0x00, 0x00, 0xda, 0xff, 0x26, 0x00, 0xae, 0xff, 0x4e, 0x00, 0x00, 0x40, 0xff, 0x5c, 0xff, 0x9c,
	0x00, 0x00, 0x0c, 0xff, 0xff, 0x00, 0x00, 0x6b, 0xff, 0x7a, 0x00, 0x00, 0x6b, 0xff, 0x19, 0xda,
	0xda, 0x00, 0x00, 0x33, 0xff, 0xae, 0x00, 0x00, 0x33, 0xff, 0xae, 0x00, 0x00, 0xae, 0xff, 0x00,
	0x9c, 0xff, 0x0c, 0x00, 0x6b, 0xff, 0x6b, 0x00, 0x00, 0x00, 0xff, 0xff, 0x00, 0x00, 0xff, 0xae,
	0x00, 0x6b, 0xff, 0x33, 0x00, 0x9c, 0xff, 0x33, 0x00, 0x00, 0x00, 0xc3, 0xff, 0x26, 0x26, 0xff,
	0x6b, 0x00, 0x33, 0xff, 0x6b, 0x00, 0xda, 0xff, 0x0c, 0x00, 0x00, 0x00, 0x7a, 0xff, 0x4e, 0x4e,
	0xff, 0x40, 0x00, 0x0c, 0xff, 0x9c, 0x0c, 0xff, 0xc3, 0x00, 0x00, 0x00, 0x00, 0x4e, 0xff, 0x7a,
	0x8b, 0xff, 0x0c, 0x00, 0x00, 0xda, 0xff, 0x33, 0xff, 0x8b, 0x00, 0x00, 0x00, 0x00, 0x19, 0xff,
	0xae, 0xc3, 0xda, 0x00, 0x00, 0x00, 0x9c, 0xff, 0x8b, 0xff, 0x4e, 0x00, 0x00, 0x00, 0x00, 0x00,
	0xda, 0xff, 0xff, 0x9c, 0x00, 0x00, 0x00, 0x6b, 0xff, 0xff, 0xff, 0x26, 0x00, 0x00, 0x00, 0x00,
	0x00, 0x9c, 0xff, 0xff, 0x6b, 0x00, 0x00, 0x00, 0x33, 0xff, 0xff, 0xff, 0x00, 0x00, 0x00, 0x26,
	0xff, 0xff, 0x6b, 0x00, 0x00, 0x00, 0x00, 0xae, 0xff, 0x9c, 0x00, 0x00, 0x5c, 0xff, 0xff, 0x0c,
	0x00, 0x00, 0x40, 0xff, 0xff, 0x19, 0x00, 0x00, 0x00, 0xc3, 0xff, 0x8b, 0x00, 0x00, 0xda, 0xff,
	0x5c, 0x00, 0x00, 0x00, 0x00, 0x26, 0xff, 0xff, 0x19, 0x4e, 0xff, 0xae, 0x00, 0x00, 0x00, 0x00,
	0x00, 0x00, 0x6b, 0xff, 0x9c, 0xff, 0xff, 0x26, 0x00, 0x00, 0x00, 0x00, 0x00, 0x00, 0x0c, 0xda,
	0xff, 0xff, 0x6b, 0x00, 0x00, 0x00, 0x00, 0x00, 0x00, 0x00, 0x00, 0x9c, 0xff, 0xff, 0x4e, 0x00,
	0x00, 0x00, 0x00, 0x00, 0x00, 0x00, 0x40, 0xff, 0xda, 0xff, 0xff, 0x0c, 0x00, 0x00, 0x00, 0x00,
	0x00, 0x0c, 0xff, 0xff, 0x33, 0x9c, 0xff, 0x9c, 0x00, 0x00, 0x00, 0x00, 0x00, 0x7a, 0xff, 0x8b,
	0x00, 0x19, 0xff, 0xff, 0x33, 0x00, 0x00, 0x00, 0x33, 0xff, 0xff, 0x19, 0x00, 0x00, 0x7a, 0xff,
	0xda, 0x0c, 0x00, 0x0c, 0xda, 0xff, 0x6b, 0x00, 0x00, 0x00, 0x0c, 0xff, 0xff, 0x7a, 0x00, 0x8b,
	0xff, 0xda, 0x00, 0x00, 0x00, 0x00, 0x00, 0x5c, 0xff, 0xff, 0x26, 0x8b, 0xff, 0xae, 0x00, 0x00,
	0x00, 0x00, 0x00, 0x00, 0xda, 0xff, 0x4e, 0x40, 0xff, 0xff, 0x0c, 0x00, 0x00, 0x00, 0x00, 0x19,
	0xff, 0xff, 0x0c, 0x00, 0xff, 0xff, 0x40, 0x00, 0x00, 0x00, 0x00, 0x5c, 0xff, 0xae, 0x00, 0x00,
	0x8b, 0xff, 0x8b, 0x00, 0x00, 0x00, 0x00, 0xae, 0xff, 0x5c, 0x00, 0x00, 0x40, 0xff, 0xff, 0x00,
	0x00, 0x00, 0x0c, 0xff, 0xff, 0x19, 0x00, 0x00, 0x00, 0xff, 0xff, 0x26, 0x00, 0x00, 0x40, 0xff,
	0xc3, 0x00, 0x00, 0x00, 0x00, 0x8b, 0xff, 0x7a, 0x00, 0x00, 0x8b, 0xff, 0x5c, 0x00, 0x00, 0x00,
	0x00, 0x40, 0xff, 0xc3, 0x00, 0x00, 0xda, 0xff, 0x19, 0x00, 0x00, 0x00, 0x00, 0x00, 0xff, 0xff,
	0x19, 0x26, 0xff, 0xc3, 0x00, 0x00, 0x00, 0x00, 0x00, 0x00, 0x8b, 0xff, 0x5c, 0x6b, 0xff, 0x5c,
	0x00, 0x00, 0x00, 0x00, 0x00, 0x00, 0x40, 0xff, 0x9c, 0xc3, 0xff, 0x19, 0x00, 0x00, 0x00, 0x00,
	0x00, 0x00, 0x0c, 0xff, 0xff, 0xff, 0xc3, 0x00, 0x00, 0x00, 0x00, 0x00, 0x00, 0x00, 0x00, 0x9c,
	0xff, 0xff, 0x6b, 0x00, 0x00, 0x00, 0x00, 0x00, 0x00, 0x00, 0x00, 0x0c, 0xff, 0xff, 0x19, 0x00,
	0x00, 0x00, 0x00, 0x00, 0x00, 0x00, 0x00, 0x6b, 0xff, 0xae, 0x00, 0x00, 0x00, 0x00, 0x00, 0x00,
	0x00, 0x00, 0x5c, 0xff, 0xff, 0x19, 0x00, 0x00, 0x00, 0x00, 0x00, 0x00, 0x7a, 0xff, 0xff, 0xff,
	0x4e, 0x00, 0x00, 0x00, 0x00, 0x00, 0x00, 0x00, 0x8b, 0xff, 0x8b, 0x26, 0x00, 0x00, 0x00, 0x00,
	0x00, 0x00, 0x00, 0x00, 0x0c, 0x00, 0x00, 0x00, 0x00, 0x00, 0x00, 0x00, 0x00, 0x00, 0x00, 0x00,
	0xae, 0xff, 0xff, 0xff, 0xff, 0xff, 0xff, 0xff, 0xae, 0x00, 0xae, 0xff, 0xff, 0xff, 0xff, 0xff,
	0xff, 0xff, 0xae, 0x00, 0x00, 0x00, 0x00, 0x00, 0x00, 0x26, 0xff, 0xff, 0x26, 0x00, 0x00, 0x00,
	0x00, 0x00, 0x0c, 0xda, 0xff, 0x6b, 0x00, 0x00, 0x00, 0x00, 0x00, 0x00, 0x8b, 0xff, 0xae, 0x00,
	0x00, 0x00, 0x00, 0x00, 0x00, 0x40, 0xff, 0xff, 0x19, 0x00, 0x00, 0x00, 0x00, 0x00, 0x19, 0xff,
	0xff, 0x40, 0x00, 0x00, 0x00, 0x00, 0x00, 0x00, 0xae, 0xff, 0x8b, 0x00, 0x00, 0x00, 0x00, 0x00,
	0x00, 0x6b, 0xff, 0xc3, 0x0c, 0x00, 0x00, 0x00, 0x00, 0x00, 0x26, 0xff, 0xff, 0x26, 0x00, 0x00,
	0x00, 0x00, 0x00, 0x0c, 0xda, 0xff, 0x5c, 0x00, 0x00, 0x00, 0x00, 0x00, 0x00, 0x5c, 0xff, 0xff,
	0xff, 0xff, 0xff, 0xff, 0xff, 0xff, 0xae, 0x6b, 0xff, 0xff, 0xff, 0xff, 0xff, 0xff, 0xff, 0xff,
	0x6b, 0x00, 0x00, 0x00, 0x40, 0xae, 0xff, 0xae, 0x00, 0x00, 0x33, 0xff, 0xff, 0xff, 0xae, 0x00,
	0x00, 0x8b, 0xff, 0xc3, 0x19, 0x00, 0x00, 0x00, 0xae, 0xff, 0x6b, 0x00, 0x00, 0x00, 0x00, 0xae,
	0xff, 0x6b, 0x00, 0x00, 0x00, 0x00, 0xae, 0xff, 0x6b, 0x00, 0x00, 0x00, 0x00, 0xae, 0xff, 0x6b,
	0x00, 0x00, 0x00, 0x00, 0xae, 0xff, 0x6b, 0x00, 0x00, 0x00, 0x00, 0xae, 0xff, 0x6b, 0x00, 0x00,
	0x00, 0x00, 0xae, 0xff, 0x4e, 0x00, 0x00, 0x00, 0x26, 0xff, 0xff, 0x26, 0x00, 0x00, 0x6b, 0xff,
	0xff, 0x7a, 0x00, 0x00, 0x00, 0x6b, 0xff, 0xff, 0x6b, 0x00, 0x00, 0x00, 0x00, 0x26, 0xff, 0xff,
	0x26, 0x00, 0x00, 0x00, 0x00, 0xae, 0xff, 0x4e, 0x00, 0x00, 0x00, 0x00, 0xae, 0xff, 0x6b, 0x00,
	0x00, 0x00, 0x00, 0xae, 0xff, 0x6b, 0x00, 0x00, 0x00, 0x00, 0xae, 0xff, 0x6b, 0x00, 0x00, 0x00,
	0x00, 0xae, 0xff, 0x6b, 0x00, 0x00, 0x00, 0x00, 0xae, 0xff, 0x6b, 0x00, 0x00, 0x00, 0x00, 0xae,
	0xff, 0x6b, 0x00, 0x00, 0x00, 0x00, 0x8b, 0xff, 0xc3, 0x19, 0x00, 0x00, 0x00, 0x33, 0xff, 0xff,
	0xff, 0xae, 0x00, 0x00, 0x00, 0x40, 0xae, 0xff, 0xae, 0x33, 0xff, 0xae, 0x33, 0xff, 0xae, 0x33,
	0xff, 0xae, 0x33, 0xff, 0xae, 0x33, 0xff, 0xae, 0x33, 0xff, 0xae, 0x33, 0xff, 0xae, 0x33, 0xff,
	0xae, 0x33, 0xff, 0xae, 0x33, 0xff, 0xae, 0x33, 0xff, 0xae, 0x33, 0xff, 0xae, 0x33, 0xff, 0xae,
	0x33, 0xff, 0xae, 0x33, 0xff, 0xae, 0x33, 0xff, 0xae, 0x33, 0xff, 0xae, 0x33, 0xff, 0xae, 0x33,
	0xff, 0xae, 0x33, 0xff, 0xae, 0x33, 0xff, 0xae, 0x33, 0xff, 0xae, 0xff, 0xff, 0x9c, 0x26, 0x00,
	0x00, 0x00, 0xff, 0xff, 0xff, 0xff, 0x0c, 0x00, 0x00, 0x00, 0x33, 0xff, 0xff, 0x40, 0x00, 0x00,
	0x00, 0x00, 0xae, 0xff, 0x6b, 0x00, 0x00, 0x00, 0x00, 0xae, 0xff, 0x6b, 0x00, 0x00, 0x00, 0x00,
	0xae, 0xff, 0x6b, 0x00, 0x00, 0x00, 0x00, 0xae, 0xff, 0x6b, 0x00, 0x00, 0x00, 0x00, 0xae, 0xff,
	0x6b, 0x00, 0x00, 0x00, 0x00, 0xae, 0xff, 0x6b, 0x00, 0x00, 0x00, 0x00, 0x9c, 0xff, 0x6b, 0x00,
	0x00, 0x00, 0x00, 0x6b, 0xff, 0xc3, 0x0c, 0x00, 0x00, 0x00, 0x0c, 0xae, 0xff, 0xff, 0x33, 0x00,
	0x00, 0x0c, 0x9c, 0xff, 0xff, 0x33, 0x00, 0x00, 0x6b, 0xff, 0xae, 0x0c, 0x00, 0x00, 0x00, 0x9c,
	0xff, 0x6b, 0x00, 0x00, 0x00, 0x00, 0xae, 0xff, 0x6b, 0x00, 0x00, 0x00, 0x00, 0xae, 0xff, 0x6b,
	0x00, 0x00, 0x00, 0x00, 0xae, 0xff, 0x6b, 0x00, 0x00, 0x00, 0x00, 0xae, 0xff, 0x6b, 0x00, 0x00,
	0x00, 0x00, 0xae, 0xff, 0x6b, 0x00, 0x00, 0x00, 0x00, 0xae, 0xff, 0x6b, 0x00, 0x00, 0x00, 0x33,
	0xff, 0xff, 0x40, 0x00, 0x00, 0xff, 0xff, 0xff, 0xff, 0x0c, 0x00, 0x00, 0xff, 0xff, 0x9c, 0x26,
	0x00, 0x00, 0x00, 0x00, 0x00, 0x7a, 0xff, 0xff, 0xc3, 0x4e, 0x0c, 0x19, 0x8b, 0x5c, 0x00, 0x7a,
	0xff, 0xff, 0xff, 0xff, 0xff, 0xff, 0xff, 0xff, 0x4e, 0x0c, 0x8b, 0x8b, 0x0c, 0x0c, 0x6b, 0xda,
	0xff, 0xda, 0x4e, 0x00, 0x00, 0x6b, 0xff, 0xff, 0xff, 0x0c, 0x00, 0x6b, 0xff, 0xff, 0xff, 0x00,
	0x00, 0x6b, 0xff, 0xff, 0xff, 0x00, 0x00, 0x6b, 0xff, 0xff, 0xff, 0x00, 0x00, 0x6b, 0xff, 0xff,
	0xff, 0x00, 0x00, 0x6b, 0xff, 0xff, 0xff, 0x00, 0x00, 0x6b, 0xff, 0xff, 0xff, 0x00, 0x00, 0x4e,
	0xff, 0xff, 0xff, 0x00, 0x00, 0x33, 0xff, 0xff, 0xff, 0x00, 0x00, 0x33, 0xff, 0xff, 0xff, 0x00,
	0x00, 0x33, 0xff, 0xff, 0xff, 0x00, 0x00, 0x33, 0xff, 0xff, 0xff, 0x00, 0x00, 0x33, 0xff, 0xff,
	0xae, 0x00, 0x00, 0x33, 0xff, 0xff, 0xae, 0x00, 0x00, 0x33, 0xff, 0xff, 0xae, 0x00, 0x00, 0x33,
	0xff, 0xff, 0xae, 0x00, 0x00, 0x33, 0xff, 0xff, 0xae, 0x00, 0x00, 0x00, 0x00, 0x00, 0x00, 0x00,
	0x00, 0x00, 0x00, 0x00, 0x00, 0x00, 0x00, 0x00, 0x00, 0x00, 0x00, 0x00, 0x00, 0x00, 0x00, 0x00,
	0x00, 0x00, 0x00, 0x26, 0xda, 0xff, 0xae, 0x0c, 0x00, 0xff, 0xff, 0xff, 0xff, 0x8b, 0x33, 0xff,
	0xff, 0xff, 0xff, 0xae, 0x00, 0xff, 0xff, 0xff, 0xff, 0x8b, 0x00, 0x26, 0xda, 0xff, 0xae, 0x0c,
	0xae, 0xff, 0xff, 0xae, 0x00, 0x00, 0x33, 0xff, 0xff, 0xff, 0x33, 0xae, 0xff, 0xff, 0x9c, 0x00,
	0x00, 0x33, 0xff, 0xff, 0xff, 0x19, 0xae, 0xff, 0xff, 0x6b, 0x00, 0x00, 0x33, 0xff, 0xff, 0xff,
	0x00, 0xae, 0xff, 0xff, 0x6b, 0x00, 0x00, 0x33, 0xff, 0xff, 0xff, 0x00, 0x6b, 0xff, 0xff, 0x6b,
	0x00, 0x00, 0x0c, 0xff, 0xff, 0xff, 0x00, 0x6b, 0xff, 0xff, 0x6b, 0x00, 0x00, 0x00, 0xff, 0xff,
	0xff, 0x00, 0x6b, 0xff, 0xff, 0x4e, 0x00, 0x00, 0x00, 0xff, 0xff, 0xc3, 0x00, 0x6b, 0xff, 0xff,
	0x33, 0x00, 0x00, 0x00, 0xff, 0xff, 0xae, 0x00, 0x4e, 0xff, 0xff, 0x33, 0x00, 0x00, 0x00, 0xff,
	0xff, 0xae, 0x00, 0x33, 0xff, 0xff, 0x33, 0x00, 0x00, 0x00, 0xae, 0xff, 0xae, 0x00, 0x00, 0x00,
	0x00, 0x00, 0x00, 0xc3, 0xff, 0xff, 0x00, 0x00, 0x00, 0x00, 0x00, 0x6b, 0xff, 0xff, 0x40, 0x00,
	0x00, 0x00, 0x00, 0x00, 0x00, 0xff, 0xff, 0xc3, 0x00, 0x00, 0x00, 0x00, 0x00, 0x7a, 0xff, 0xff,
	0x33, 0x00, 0x00, 0x00, 0x00, 0x00, 0x19, 0xff, 0xff, 0xae, 0x00, 0x00, 0x00, 0x00, 0x00, 0xae,
	0xff, 0xff, 0x00, 0x00, 0x00, 0x00, 0x00, 0x00, 0x33, 0xff, 0xff, 0x6b, 0x00, 0x00, 0x00, 0x00,
	0x00, 0xff, 0xff, 0xff, 0x00, 0x00, 0x00, 0x00, 0x00, 0x00, 0x5c, 0xff, 0xff, 0x5c, 0x00, 0x00,
	0x00, 0x00, 0x00, 0xff, 0xff, 0xae, 0x00, 0x00, 0x00, 0x33, 0xff, 0xff, 0xff, 0xff, 0xff, 0xff,
	0xff, 0xff, 0xff, 0xff, 0xff, 0xff, 0xff, 0xff, 0xff, 0xff, 0x00, 0x33, 0xff, 0xff, 0xff, 0xff,
	0xff, 0xff, 0xff, 0xff, 0xff, 0xff, 0xff, 0xff, 0xff, 0xff, 0xff, 0xff, 0x00, 0x33, 0xff, 0xff,
	0xff, 0xff, 0xff, 0xff, 0xff, 0xff, 0xff, 0xff, 0xff, 0xff, 0xff, 0xff, 0xff, 0xff, 0x00, 0x00,
	0x00, 0x00, 0xc3, 0xff, 0xff, 0x00, 0x00, 0x00, 0x00, 0x00, 0x6b, 0xff, 0xff, 0x33, 0x00, 0x00,
	0x00, 0x00, 0x00, 0x00, 0xff, 0xff, 0xc3, 0x00, 0x00, 0x00, 0x00, 0x00, 0x8b, 0xff, 0xff, 0x33,
	0x00, 0x00, 0x00, 0x00, 0x00, 0x0c, 0xff, 0xff, 0xae, 0x00, 0x00, 0x00, 0x00, 0x00, 0xae, 0xff,
	0xff, 0x00, 0x00, 0x00, 0x00, 0x00, 0x00, 0x33, 0xff, 0xff, 0x7a, 0x00, 0x00, 0x00, 0x00, 0x00,
	0xda, 0xff, 0xff, 0x00, 0x00, 0x00, 0x00, 0x00, 0x00, 0x40, 0xff, 0xff, 0x6b, 0x00, 0x00, 0x00,
	0x00, 0x00, 0xff, 0xff, 0xae, 0x00, 0x00, 0x00, 0x00, 0x00, 0x00, 0x6b, 0xff, 0xff, 0x40, 0x00,
	0x00, 0x00, 0x00, 0x19, 0xff, 0xff, 0xae, 0x00, 0x00, 0x00, 0x00, 0x00, 0x00, 0x7a, 0xff, 0xff,
	0x33, 0x00, 0x00, 0x00, 0x00, 0x33, 0xff, 0xff, 0x6b, 0x00, 0x00, 0x00, 0x00, 0x00, 0x00, 0xae,
	0xff, 0xff, 0x0c, 0x00, 0x00, 0x00, 0x00, 0x4e, 0xff, 0xff, 0x6b, 0x00, 0x00, 0x00, 0x6b, 0xff,
	0xff, 0xff, 0xff, 0xff, 0xff, 0xff, 0xff, 0xff, 0xff, 0xff, 0xff, 0xff, 0xff, 0xff, 0xae, 0x00,
	0x6b, 0xff, 0xff, 0xff, 0xff, 0xff, 0xff, 0xff, 0xff, 0xff, 0xff, 0xff, 0xff, 0xff, 0xff, 0xff,
	0xae, 0x00, 0x6b, 0xff, 0xff, 0xff, 0xff, 0xff, 0xff, 0xff, 0xff, 0xff, 0xff, 0xff, 0xff, 0xff,
	0xff, 0xff, 0xae, 0x00, 0x00, 0x00, 0x33, 0xff, 0xff, 0x7a, 0x00, 0x00, 0x00, 0x00, 0x00, 0xda,
	0xff, 0xff, 0x00, 0x00, 0x00, 0x00, 0x00, 0x00, 0x40, 0xff, 0xff, 0x6b, 0x00, 0x00, 0x00, 0x00,
	0x00, 0xff, 0xff, 0xae, 0x00, 0x00, 0x00, 0x00, 0x00, 0x00, 0x6b, 0xff, 0xff, 0x40, 0x00, 0x00,
	0x00, 0x00, 0x19, 0xff, 0xff, 0xae, 0x00, 0x00, 0x00, 0x00, 0x00, 0x00, 0x7a, 0xff, 0xff, 0x33,
	0x00, 0x00, 0x00, 0x00, 0x33, 0xff, 0xff, 0x6b, 0x00, 0x00, 0x00, 0x00, 0x00, 0x00, 0xae, 0xff,
	0xff, 0x0c, 0x00, 0x00, 0x00, 0x00, 0x4e, 0xff, 0xff, 0x6b, 0x00, 0x00, 0x00, 0x00, 0x00, 0x00,
	0xc3, 0xff, 0xff, 0x00, 0x00, 0x00, 0x00, 0x00, 0x6b, 0xff, 0xff, 0x33, 0x00, 0x00, 0x00, 0x00,
	0x00, 0x00, 0x00, 0x00, 0x00, 0x00, 0x00, 0xae, 0xff, 0xff, 0x33, 0x00, 0x00, 0x00, 0x00, 0x00,
	0x00, 0x00, 0x00, 0x00, 0x00, 0x00, 0x00, 0x00, 0xae, 0xff, 0xff, 0x33, 0x00, 0x00, 0x00, 0x00,
	0x00, 0x00, 0x00, 0x00, 0x00, 0x00, 0x00, 0x00, 0x00, 0xae, 0xff, 0xff, 0x33, 0x00, 0x00, 0x00,
	0x00, 0x00, 0x00, 0x00, 0x00, 0x00, 0x00, 0x00, 0x00, 0x00, 0xae, 0xff, 0xff, 0x33, 0x00, 0x00,
	0x00, 0x00, 0x00, 0x00, 0x00, 0x00, 0x00, 0x00, 0x00, 0x00, 0x00, 0xae, 0xff, 0xff, 0x33, 0x00,
	0x00, 0x00, 0x00, 0x00, 0x00, 0x00, 0x00, 0x00, 0x00, 0x00, 0x40, 0x6b, 0xff, 0xff, 0xff, 0x8b,
	0x4e, 0x0c, 0x00, 0x00, 0x00, 0x00, 0x00, 0x00, 0x00, 0x40, 0xda, 0xff, 0xff, 0xff, 0xff, 0xff,
	0xff, 0xff, 0xff, 0x7a, 0x0c, 0x00, 0x00, 0x00, 0x00, 0x4e, 0xff, 0xff, 0xff, 0xff, 0xff, 0xff,
	0xff, 0xff, 0xff, 0xff, 0xff, 0xda, 0x26, 0x00, 0x00, 0x33, 0xff, 0xff, 0xff, 0xda, 0x4e, 0x0c,
	0x00, 0x00, 0x33, 0x8b, 0xff, 0xff, 0xff, 0xae, 0x00, 0x00, 0x9c, 0xff, 0xff, 0xda, 0x0c, 0x00,
	0x00, 0x00, 0x00, 0x00, 0x00, 0x26, 0xda, 0xc3, 0x0c, 0x00, 0x00, 0xff, 0xff, 0xff, 0x5c, 0x00,
	0x00, 0x00, 0x00, 0x00, 0x00, 0x00, 0x00, 0x0c, 0x19, 0x00, 0x00, 0x0c, 0xff, 0xff, 0xff, 0x33,
	0x00, 0x00, 0x00, 0x00, 0x00, 0x00, 0x00, 0x00, 0x00, 0x00, 0x00, 0x00, 0x00, 0xff, 0xff, 0xff,
	0x4e, 0x00, 0x00, 0x00, 0x00, 0x00, 0x00, 0x00, 0x00, 0x00, 0x00, 0x00, 0x00, 0x00, 0xff, 0xff,
	0xff, 0xc3, 0x00, 0x00, 0x00, 0x00, 0x00, 0x00, 0x00, 0x00, 0x00, 0x00, 0x00, 0x00, 0x00, 0x6b,
	0xff, 0xff, 0xff, 0xae, 0x19, 0x00, 0x00, 0x00, 0x00, 0x00, 0x00, 0x00, 0x00, 0x00, 0x00, 0x00,
	0x0c, 0xc3, 0xff, 0xff, 0xff, 0xff, 0x9c, 0x40, 0x00, 0x00, 0x00, 0x00, 0x00, 0x00, 0x00, 0x00,
	0x00, 0x00, 0x0c, 0xc3, 0xff, 0xff, 0xff, 0xff, 0xff, 0xff, 0x8b, 0x26, 0x00, 0x00, 0x00, 0x00,
	0x00, 0x00, 0x00, 0x00, 0x00, 0x4e, 0xda, 0xff, 0xff, 0xff, 0xff, 0xff, 0xff, 0xae, 0x33, 0x00,
	0x00, 0x00, 0x00, 0x00, 0x00, 0x00, 0x00, 0x00, 0x40, 0x9c, 0xff, 0xff, 0xff, 0xff, 0xff, 0xff,
	0x6b, 0x00, 0x00, 0x00, 0x00, 0x00, 0x00, 0x00, 0x00, 0x00, 0x00, 0x0c, 0x4e, 0xae, 0xff, 0xff,
	0xff, 0xff, 0x5c, 0x00, 0x00, 0x00, 0x00, 0x00, 0x00, 0x00, 0x00, 0x00, 0x00, 0x00, 0x00, 0x40,
	0xff, 0xff, 0xff, 0xff, 0x0c, 0x00, 0x00, 0x00, 0x00, 0x00, 0x00, 0x00, 0x00, 0x00, 0x00, 0x00,
	0x00, 0x33, 0xff, 0xff, 0xff, 0x4e, 0x00, 0x00, 0x00, 0x00, 0x00, 0x00, 0x00, 0x00, 0x00, 0x00,
	0x00, 0x00, 0x00, 0xda, 0xff, 0xff, 0x7a, 0x00, 0x00, 0x00, 0x00, 0x00, 0x00, 0x00, 0x00, 0x00,
	0x00, 0x00, 0x00, 0x00, 0xae, 0xff, 0xff, 0xae, 0x00, 0x00, 0x00, 0x00, 0x00, 0x00, 0x00, 0x00,
	0x00, 0x00, 0x00, 0x00, 0x00, 0xda, 0xff, 0xff, 0x8b, 0x00, 0x26, 0x0c, 0x00, 0x00, 0x00, 0x00,
	0x00, 0x00, 0x00, 0x00, 0x00, 0x19, 0xff, 0xff, 0xff, 0x6b, 0x26, 0xff, 0xda, 0x33, 0x00, 0x00,
	0x00, 0x00, 0x00, 0x00, 0x00, 0x0c, 0xc3, 0xff, 0xff, 0xff, 0x26, 0xda, 0xff, 0xff, 0xff, 0xae,
	0x4e, 0x19, 0x00, 0x00, 0x19, 0x5c, 0xda, 0xff, 0xff, 0xff, 0x9c, 0x00, 0x26, 0xff, 0xff, 0xff,
	0xff, 0xff, 0xff, 0xff, 0xff, 0xff, 0xff, 0xff, 0xff, 0xff, 0xc3, 0x0c, 0x00, 0x00, 0x19, 0xae,
	0xff, 0xff, 0xff, 0xff, 0xff, 0xff, 0xff, 0xff, 0xff, 0xff, 0xae, 0x0c, 0x00, 0x00, 0x00, 0x00,
	0x00, 0x33, 0x8b, 0xc3, 0xff, 0xff, 0xff, 0xff, 0xff, 0x9c, 0x33, 0x00, 0x00, 0x00, 0x00, 0x00,
	0x00, 0x00, 0x00, 0x00, 0x00, 0x00, 0xae, 0xff, 0xff, 0x33, 0x00, 0x00, 0x00, 0x00, 0x00, 0x00,
	0x00, 0x00, 0x00, 0x00, 0x00, 0x00, 0x00, 0xae, 0xff, 0xff, 0x33, 0x00, 0x00, 0x00, 0x00, 0x00,
	0x00, 0x00, 0x00, 0x00, 0x00, 0x00, 0x00, 0x00, 0xae, 0xff, 0xff, 0x33, 0x00, 0x00, 0x00, 0x00,
	0x00, 0x00, 0x00, 0x00, 0x00, 0x00, 0x00, 0x00, 0x00, 0xae, 0xff, 0xff, 0x33, 0x00, 0x00, 0x00,
	0x00, 0x00, 0x00, 0x00, 0x00, 0x00, 0x00, 0x00, 0x00, 0x00, 0xae, 0xff, 0xff, 0x33, 0x00, 0x00,
	0x00, 0x00, 0x00, 0x00, 0x00, 0x00, 0x00, 0x00, 0x00, 0x00, 0x00, 0x4e, 0x6b, 0x6b, 0x19, 0x00,
	0x00, 0x00, 0x00, 0x00, 0x00, 0x00, 0x00, 0x00, 0x00, 0x00, 0x00, 0x00, 0x00, 0x00, 0x00, 0x00,
	0x00, 0x00, 0x00, 0x00, 0x00, 0x00, 0x00, 0x00, 0x00, 0x00, 0x0c, 0x00, 0x00, 0x00, 0x00, 0x00,
	0x00, 0x00, 0x00, 0x00, 0x00, 0x00, 0x00, 0x00, 0x00, 0x00, 0x00, 0x00, 0x00, 0x00, 0x00, 0x00,
	0x00, 0x00, 0x00, 0x00, 0x4e, 0xda, 0x33, 0x00, 0x00, 0x00, 0x00, 0x00, 0x00, 0x00, 0x33, 0x9c,
	0xff, 0xff, 0xff, 0x9c, 0x33, 0x00, 0x00, 0x00, 0x00, 0x00, 0x00, 0x00, 0x00, 0x00, 0x0c, 0xff,
	0xff, 0xff, 0x26, 0x00, 0x00, 0x00, 0x00, 0x00, 0x4e, 0xff, 0xff, 0xff, 0xff, 0xff, 0xff, 0xff,
	0x4e, 0x00, 0x00, 0x00, 0x00, 0x00, 0x00, 0x00, 0x00, 0x9c, 0xff, 0xff, 0x9c, 0x00, 0x00, 0x00,
	0x00, 0x00, 0x40, 0xff, 0xff, 0xff, 0xff, 0xff, 0xff, 0xff, 0xff, 0xff, 0x33, 0x00, 0x00, 0x00,
	0x00, 0x00, 0x00, 0x40, 0xff, 0xff, 0xff, 0x0c, 0x00, 0x00, 0x00, 0x00, 0x00, 0xda, 0xff, 0xff,
	0x8b, 0x19, 0x00, 0x19, 0x9c, 0xff, 0xff, 0xae, 0x00, 0x00, 0x00, 0x00, 0x00, 0x0c, 0xda, 0xff,
	0xff, 0x5c, 0x00, 0x00, 0x00, 0x00, 0x00, 0x26, 0xff, 0xff, 0xda, 0x00, 0x00, 0x00, 0x00, 0x0c,
	0xff, 0xff, 0xff, 0x0c, 0x00, 0x00, 0x00, 0x00, 0x7a, 0xff, 0xff, 0xae, 0x00, 0x00, 0x00, 0x00,
	0x00, 0x00, 0x33, 0xff, 0xff, 0x8b, 0x00, 0x00, 0x00, 0x00, 0x00, 0xae, 0xff, 0xff, 0x33, 0x00,
	0x00, 0x00, 0x33, 0xff, 0xff, 0xff, 0x19, 0x00, 0x00, 0x00, 0x00, 0x00, 0x00, 0x40, 0xff, 0xff,
	0x6b, 0x00, 0x00, 0x00, 0x00, 0x00, 0xae, 0xff, 0xff, 0x33, 0x00, 0x00, 0x00, 0xc3, 0xff, 0xff,
	0x6b, 0x00, 0x00, 0x00, 0x00, 0x00, 0x00, 0x00, 0x33, 0xff, 0xff, 0x8b, 0x00, 0x00, 0x00, 0x00,
	0x00, 0xae, 0xff, 0xff, 0x33, 0x00, 0x00, 0x6b, 0xff, 0xff, 0xda, 0x00, 0x00, 0x00, 0x00, 0x00,
	0x00, 0x00, 0x00, 0x26, 0xff, 0xff, 0xda, 0x00, 0x00, 0x00, 0x00, 0x0c, 0xff, 0xff, 0xff, 0x0c,
	0x00, 0x19, 0xff, 0xff, 0xff, 0x33, 0x00, 0x00, 0x00, 0x00, 0x00, 0x00, 0x00, 0x00, 0x00, 0xda,
	0xff, 0xff, 0x8b, 0x19, 0x00, 0x19, 0x9c, 0xff, 0xff, 0xae, 0x00, 0x00, 0xae, 0xff, 0xff, 0x7a,
	0x00, 0x00, 0x00, 0x00, 0x00, 0x00, 0x00, 0x00, 0x00, 0x00, 0x40, 0xff, 0xff, 0xff, 0xff, 0xff,
	0xff, 0xff, 0xff, 0xff, 0x33, 0x00, 0x5c, 0xff, 0xff, 0xff, 0x0c, 0x00, 0x00, 0x00, 0x00, 0x00,
	0x00, 0x00, 0x00, 0x00, 0x00, 0x00, 0x4e, 0xff, 0xff, 0xff, 0xff, 0xff, 0xff, 0xff, 0x4e, 0x00,
	0x0c, 0xff, 0xff, 0xff, 0x40, 0x00, 0x00, 0x00, 0x00, 0x00, 0x00, 0x00, 0x00, 0x00, 0x00, 0x00,
	0x00, 0x00, 0x33, 0x9c, 0xff, 0xff, 0xff, 0x9c, 0x33, 0x00, 0x00, 0x9c, 0xff, 0xff, 0x9c, 0x00,
	0x00, 0x00, 0x00, 0x00, 0x00, 0x00, 0x00, 0x00, 0x00, 0x00, 0x00, 0x00, 0x00, 0x00, 0x00, 0x00,
	0x00, 0x00, 0x00, 0x00, 0x00, 0x40, 0xff, 0xff, 0xff, 0x19, 0x00, 0x00, 0x4e, 0xae, 0xff, 0xff,
	0xda, 0x8b, 0x19, 0x00, 0x00, 0x00, 0x00, 0x00, 0x00, 0x00, 0x00, 0x00, 0x00, 0x00, 0x00, 0x0c,
	0xda, 0xff, 0xff, 0x5c, 0x00, 0x00, 0x8b, 0xff, 0xff, 0xff, 0xff, 0xff, 0xff, 0xff, 0x26, 0x00,
	0x00, 0x00, 0x00, 0x00, 0x00, 0x00, 0x00, 0x00, 0x00, 0x00, 0x7a, 0xff, 0xff, 0xc3, 0x00, 0x00,
	0x6b, 0xff, 0xff, 0xff, 0xff, 0xff, 0xff, 0xff, 0xff, 0xff, 0x19, 0x00, 0x00, 0x00, 0x00, 0x00,
	0x00, 0x00, 0x00, 0x00, 0x33, 0xff, 0xff, 0xff, 0x26, 0x00, 0x0c, 0xff, 0xff, 0xff, 0x6b, 0x0c,
	0x00, 0x26, 0xc3, 0xff, 0xff, 0x8b, 0x00, 0x00, 0x00, 0x00, 0x00, 0x00, 0x00, 0x00, 0x00, 0xc3,
	0xff, 0xff, 0x6b, 0x00, 0x00, 0x4e, 0xff, 0xff, 0xae, 0x00, 0x00, 0x00, 0x00, 0x19, 0xff, 0xff,
	0xda, 0x00, 0x00, 0x00, 0x00, 0x00, 0x00, 0x00, 0x00, 0x6b, 0xff, 0xff, 0xda, 0x0c, 0x00, 0x00,
	0x6b, 0xff, 0xff, 0x6b, 0x00, 0x00, 0x00, 0x00, 0x00, 0xda, 0xff, 0xff, 0x00, 0x00, 0x00, 0x00,
	0x00, 0x00, 0x00, 0x19, 0xff, 0xff, 0xff, 0x33, 0x00, 0x00, 0x00, 0x6b, 0xff, 0xff, 0x6b, 0x00,
	0x00, 0x00, 0x00, 0x00, 0xae, 0xff, 0xff, 0x00, 0x00, 0x00, 0x00, 0x00, 0x00, 0x00, 0xae, 0xff,
	0xff, 0x9c, 0x00, 0x00, 0x00, 0x00, 0x6b, 0xff, 0xff, 0x6b, 0x00, 0x00, 0x00, 0x00, 0x00, 0xda,
	0xff, 0xff, 0x00, 0x00, 0x00, 0x00, 0x00, 0x00, 0x5c, 0xff, 0xff, 0xff, 0x0c, 0x00, 0x00, 0x00,
	0x00, 0x4e, 0xff, 0xff, 0xae, 0x00, 0x00, 0x00, 0x00, 0x19, 0xff, 0xff, 0xda, 0x00, 0x00, 0x00,
	0x00, 0x00, 0x0c, 0xff, 0xff, 0xff, 0x4e, 0x00, 0x00, 0x00, 0x00, 0x00, 0x0c, 0xff, 0xff, 0xff,
	0x7a, 0x0c, 0x00, 0x26, 0xc3, 0xff, 0xff, 0x8b, 0x00, 0x00, 0x00, 0x00, 0x00, 0x9c, 0xff, 0xff,
	0xae, 0x00, 0x00, 0x00, 0x00, 0x00, 0x00, 0x00, 0x6b, 0xff, 0xff, 0xff, 0xff, 0xff, 0xff, 0xff,
	0xff, 0xff, 0x19, 0x00, 0x00, 0x00, 0x00, 0x40, 0xff, 0xff, 0xff, 0x19, 0x00, 0x00, 0x00, 0x00,
	0x00, 0x00, 0x00, 0x00, 0x8b, 0xff, 0xff, 0xff, 0xff, 0xff, 0xff, 0xff, 0x26, 0x00, 0x00, 0x00,
	0x00, 0x00, 0x0c, 0xc3, 0xff, 0x6b, 0x00, 0x00, 0x00, 0x00, 0x00, 0x00, 0x00, 0x00, 0x00, 0x00,
	0x4e, 0xae, 0xff, 0xff, 0xda, 0x8b, 0x19, 0x00, 0x00, 0x00, 0x00, 0x00, 0x00, 0x00, 0x00, 0x6b,
	0x00, 0x00, 0x00, 0x00, 0x00, 0x00, 0x00, 0x00, 0x00, 0x00, 0x00, 0x00, 0x00, 0x00, 0x00, 0x00,
	0x00, 0x00, 0x00, 0x00, 0x00, 0x00, 0x00, 0x00, 0x4e, 0x9c, 0xff, 0xff, 0xff, 0xda, 0x8b, 0x19,
	0x00, 0x00, 0x00, 0x00, 0x00, 0x00, 0x00, 0x00, 0x00, 0x00, 0x00, 0x00, 0x0c, 0x9c, 0xff, 0xff,
	0xff, 0xff, 0xff, 0xff, 0xff, 0xff, 0x7a, 0x00, 0x00, 0x00, 0x00, 0x00, 0x00, 0x00, 0x00, 0x00,
	0x00, 0x00, 0x7a, 0xff, 0xff, 0xff, 0xff, 0xff, 0xff, 0xff, 0xff, 0xff, 0xff, 0x5c, 0x00, 0x00,
	0x00, 0x00, 0x00, 0x00, 0x00, 0x00, 0x00, 0x19, 0xff, 0xff, 0xff, 0xc3, 0x33, 0x00, 0x00, 0x40,
	0xff, 0xff, 0xff, 0xff, 0x0c, 0x00, 0x00, 0x00, 0x00, 0x00, 0x00, 0x00, 0x00, 0x6b, 0xff, 0xff,
	0xff, 0x0c, 0x00, 0x00, 0x00, 0x00, 0x26, 0xff, 0xff, 0xff, 0x40, 0x00, 0x00, 0x00, 0x00, 0x00,
	0x00, 0x00, 0x00, 0x6b, 0xff, 0xff, 0xae, 0x00, 0x00, 0x00, 0x00, 0x00, 0x00, 0xc3, 0xff, 0xff,
	0x6b, 0x00, 0x00, 0x00, 0x00, 0x00, 0x00, 0x00, 0x00, 0x6b, 0xff, 0xff, 0xae, 0x00, 0x00, 0x00,
	0x00, 0x00, 0x00, 0xae, 0xff, 0xff, 0x5c, 0x00, 0x00, 0x00, 0x00, 0x00, 0x00, 0x00, 0x00, 0x4e,
	0xff, 0xff, 0xff, 0x00, 0x00, 0x00, 0x00, 0x00, 0x0c, 0xff, 0xff, 0xff, 0x26, 0x00, 0x00, 0x00,
	0x00, 0x00, 0x00, 0x00, 0x00, 0x0c, 0xff, 0xff, 0xff, 0x6b, 0x00, 0x00, 0x00, 0x00, 0x9c, 0xff,
	0xff, 0xae, 0x00, 0x00, 0x00, 0x00, 0x00, 0x00, 0x00, 0x00, 0x00, 0x00, 0x40, 0xff, 0xff, 0xff,
	0x4e, 0x00, 0x0c, 0x9c, 0xff, 0xff, 0xff, 0x0c, 0x00, 0x00, 0x00, 0x00, 0x00, 0x00, 0x00, 0x00,
	0x00, 0x00, 0x00, 0x8b, 0xff, 0xff, 0xff, 0x7a, 0xda, 0xff, 0xff, 0xda, 0x26, 0x00, 0x00, 0x00,
	0x00, 0x00, 0x00, 0x00, 0x00, 0x00, 0x00, 0x00, 0x00, 0x00, 0x8b, 0xff, 0xff, 0xff, 0xff, 0xff,
	0x9c, 0x0c, 0x00, 0x00, 0x00, 0x00, 0x00, 0x00, 0x00, 0x00, 0x00, 0x00, 0x00, 0x00, 0x00, 0x0c,
	0x7a, 0xff, 0xff, 0xff, 0xff, 0xae, 0x00, 0x00, 0x00, 0x00, 0x00, 0x00, 0x00, 0x26, 0x7a, 0x33,
	0x00, 0x00, 0x00, 0x00, 0x26, 0xc3, 0xff, 0xff, 0xff, 0xff, 0xff, 0xff, 0x8b, 0x00, 0x00, 0x00,
	0x00, 0x00, 0x00, 0x5c, 0xff, 0xff, 0xc3, 0x00, 0x00, 0x26, 0xff, 0xff, 0xff, 0xc3, 0x19, 0x6b,
	0xff, 0xff, 0xff, 0x8b, 0x00, 0x00, 0x00, 0x00, 0x00, 0xae, 0xff, 0xff, 0x7a, 0x00, 0x0c, 0xda,
	0xff, 0xff, 0xc3, 0x0c, 0x00, 0x00, 0x4e, 0xff, 0xff, 0xff, 0xae, 0x0c, 0x00, 0x00, 0x19, 0xff,
	0xff, 0xff, 0x19, 0x00, 0x6b, 0xff, 0xff, 0xff, 0x0c, 0x00, 0x00, 0x00, 0x00, 0x4e, 0xff, 0xff,
	0xff, 0xc3, 0x0c, 0x00, 0x6b, 0xff, 0xff, 0xae, 0x00, 0x00, 0xda, 0xff, 0xff, 0x7a, 0x00, 0x00,
	0x00, 0x00, 0x00, 0x00, 0x40, 0xff, 0xff, 0xff, 0xc3, 0x26, 0xff, 0xff, 0xff, 0x33, 0x00, 0x00,
	0xff, 0xff, 0xff, 0x33, 0x00, 0x00, 0x00, 0x00, 0x00, 0x00, 0x00, 0x26, 0xff, 0xff, 0xff, 0xff,
	0xff, 0xff, 0xae, 0x00, 0x00, 0x00, 0xff, 0xff, 0xff, 0x40, 0x00, 0x00, 0x00, 0x00, 0x00, 0x00,
	0x00, 0x00, 0x26, 0xff, 0xff, 0xff, 0xff, 0xff, 0x19, 0x00, 0x00, 0x00, 0xff, 0xff, 0xff, 0x8b,
	0x00, 0x00, 0x00, 0x00, 0x00, 0x00, 0x00, 0x00, 0x00, 0x26, 0xff, 0xff, 0xff, 0xff, 0x4e, 0x00,
	0x00, 0x00, 0x9c, 0xff, 0xff, 0xff, 0x33, 0x00, 0x00, 0x00, 0x00, 0x00, 0x00, 0x00, 0x33, 0xff,
	0xff, 0xff, 0xff, 0xff, 0xff, 0x4e, 0x00, 0x00, 0x33, 0xff, 0xff, 0xff, 0xff, 0x8b, 0x33, 0x00,
	0x00, 0x0c, 0x40, 0x8b, 0xff, 0xff, 0xff, 0xae, 0xc3, 0xff, 0xff, 0xff, 0x4e, 0x00, 0x00, 0x7a,
	0xff, 0xff, 0xff, 0xff, 0xff, 0xff, 0xff, 0xff, 0xff, 0xff, 0xff, 0xff, 0xae, 0x0c, 0x0c, 0xc3,
	0xff, 0xff, 0xff, 0x4e, 0x00, 0x00, 0x5c, 0xff, 0xff, 0xff, 0xff, 0xff, 0xff, 0xff, 0xff, 0xff,
	0xff, 0x6b, 0x00, 0x00, 0x00, 0x0c, 0xff, 0xff, 0xff, 0x26, 0x00, 0x00, 0x00, 0x0c, 0x5c, 0xae,
	0xff, 0xff, 0xff, 0xff, 0xae, 0x5c, 0x0c, 0x00, 0x00, 0x00, 0x00, 0x00, 0x26, 0xae, 0x19, 0x00,
	0xae, 0xff, 0xff, 0xae, 0xae, 0xff, 0xff, 0x9c, 0xae, 0xff, 0xff, 0x6b, 0xae, 0xff, 0xff, 0x6b,
	0x6b, 0xff, 0xff, 0x6b, 0x6b, 0xff, 0xff, 0x6b, 0x6b, 0xff, 0xff, 0x4e, 0x6b, 0xff, 0xff, 0x33,
	0x4e, 0xff, 0xff, 0x33, 0x33, 0xff, 0xff, 0x33, 0x00, 0x00, 0x00, 0x00, 0x00, 0x00, 0x00, 0x19,
	0x00, 0x00, 0x00, 0x00, 0x00, 0x00, 0x00, 0x00, 0x5c, 0xff, 0x4e, 0x00, 0x00, 0x00, 0x00, 0x00,
	0x00, 0x19, 0xff, 0xff, 0xff, 0x0c, 0x00, 0x00, 0x00, 0x00, 0x00, 0xae, 0xff, 0xff, 0x4e, 0x00,
	0x00, 0x00, 0x00, 0x00, 0x4e, 0xff, 0xff, 0xae, 0x00, 0x00, 0x00, 0x00, 0x00, 0x0c, 0xff, 0xff,
	0xff, 0x26, 0x00, 0x00, 0x00, 0x00, 0x00, 0x7a, 0xff, 0xff, 0x8b, 0x00, 0x00, 0x00, 0x00, 0x00,
	0x19, 0xff, 0xff, 0xff, 0x19, 0x00, 0x00, 0x00, 0x00, 0x00, 0x7a, 0xff, 0xff, 0x9c, 0x00, 0x00,
	0x00, 0x00, 0x00, 0x00, 0xff, 0xff, 0xff, 0x40, 0x00, 0x00, 0x00, 0x00, 0x00, 0x40, 0xff, 0xff,
	0xff, 0x00, 0x00, 0x00, 0x00, 0x00, 0x00, 0x8b, 0xff, 0xff, 0xae, 0x00, 0x00, 0x00, 0x00, 0x00,
	0x00, 0xda, 0xff, 0xff, 0x6b, 0x00, 0x00, 0x00, 0x00, 0x00, 0x0c, 0xff, 0xff, 0xff, 0x33, 0x00,
	0x00, 0x00, 0x00, 0x00, 0x33, 0xff, 0xff, 0xff, 0x26, 0x00, 0x00, 0x00, 0x00, 0x00, 0x4e, 0xff,
	0xff, 0xff, 0x00, 0x00, 0x00, 0x00, 0x00, 0x00, 0x6b, 0xff, 0xff, 0xff, 0x00, 0x00, 0x00, 0x00,
	0x00, 0x00, 0x6b, 0xff, 0xff, 0xff, 0x00, 0x00, 0x00, 0x00, 0x00, 0x00, 0x6b, 0xff, 0xff, 0xff,
	0x00, 0x00, 0x00, 0x00, 0x00, 0x00, 0x6b, 0xff, 0xff, 0xff, 0x00, 0x00, 0x00, 0x00, 0x00, 0x00,
	0x6b, 0xff, 0xff, 0xff, 0x00, 0x00, 0x00, 0x00, 0x00, 0x00, 0x6b, 0xff, 0xff, 0xff, 0x00, 0x00,
	0x00, 0x00, 0x00, 0x00, 0x4e, 0xff, 0xff, 0xff, 0x00, 0x00, 0x00, 0x00, 0x00, 0x00, 0x33, 0xff,
	0xff, 0xff, 0x26, 0x00, 0x00, 0x00, 0x00, 0x00, 0x0c, 0xff, 0xff, 0xff, 0x33, 0x00, 0x00, 0x00,
	0x00, 0x00, 0x00, 0xda, 0xff, 0xff, 0x6b, 0x00, 0x00, 0x00, 0x00, 0x00, 0x00, 0x8b, 0xff, 0xff,
	0xae, 0x00, 0x00, 0x00, 0x00, 0x00, 0x00, 0x40, 0xff, 0xff, 0xff, 0x00, 0x00, 0x00, 0x00, 0x00,
	0x00, 0x00, 0xff, 0xff, 0xff, 0x40, 0x00, 0x00, 0x00, 0x00, 0x00, 0x00, 0x7a, 0xff, 0xff, 0x9c,
	0x00, 0x00, 0x00, 0x00, 0x00, 0x00, 0x19, 0xff, 0xff, 0xff, 0x19, 0x00, 0x00, 0x00, 0x00, 0x00,
	0x00, 0x8b, 0xff, 0xff, 0x8b, 0x00, 0x00, 0x00, 0x00, 0x00, 0x00, 0x0c, 0xff, 0xff, 0xff, 0x19,
	0x00, 0x00, 0x00, 0x00, 0x00, 0x00, 0x5c, 0xff, 0xff, 0xae, 0x00, 0x00, 0x00, 0x00, 0x00, 0x00,
	0x00, 0xae, 0xff, 0xff, 0x40, 0x00, 0x00, 0x00, 0x00, 0x00, 0x00, 0x19, 0xff, 0xff, 0xff, 0x0c,
	0x00, 0x00, 0x00, 0x00, 0x00, 0x00, 0x5c, 0xff, 0x5c, 0x00, 0x00, 0x00, 0x00, 0x00, 0x00, 0x00,
	0x00, 0x26, 0x00, 0x00, 0x00, 0x00, 0x19, 0x00, 0x00, 0x00, 0x00, 0x00, 0x00, 0x00, 0x0c, 0x8b,
	0xff, 0x19, 0x00, 0x00, 0x00, 0x00, 0x00, 0x00, 0x40, 0xff, 0xff, 0xae, 0x00, 0x00, 0x00, 0x00,
	0x00, 0x00, 0x00, 0x9c, 0xff, 0xff, 0x5c, 0x00, 0x00, 0x00, 0x00, 0x00, 0x00, 0x19, 0xff, 0xff,
	0xff, 0x19, 0x00, 0x00, 0x00, 0x00, 0x00, 0x00, 0x6b, 0xff, 0xff, 0x9c, 0x00, 0x00, 0x00, 0x00,
	0x00, 0x00, 0x0c, 0xff, 0xff, 0xff, 0x33, 0x00, 0x00, 0x00, 0x00, 0x00, 0x00, 0x6b, 0xff, 0xff,
	0xae, 0x00, 0x00, 0x00, 0x00, 0x00, 0x00, 0x0c, 0xff, 0xff, 0xff, 0x26, 0x00, 0x00, 0x00, 0x00,
	0x00, 0x00, 0x8b, 0xff, 0xff, 0x8b, 0x00, 0x00, 0x00, 0x00, 0x00, 0x00, 0x40, 0xff, 0xff, 0xff,
	0x00, 0x00, 0x00, 0x00, 0x00, 0x00, 0x0c, 0xff, 0xff, 0xff, 0x33, 0x00, 0x00, 0x00, 0x00, 0x00,
	0x00, 0xc3, 0xff, 0xff, 0x6b, 0x00, 0x00, 0x00, 0x00, 0x00, 0x00, 0x8b, 0xff, 0xff, 0xae, 0x00,
	0x00, 0x00, 0x00, 0x00, 0x00, 0x6b, 0xff, 0xff, 0xff, 0x00, 0x00, 0x00, 0x00, 0x00, 0x00, 0x4e,
	0xff, 0xff, 0xff, 0x00, 0x00, 0x00, 0x00, 0x00, 0x00, 0x33, 0xff, 0xff, 0xff, 0x19, 0x00, 0x00,
	0x00, 0x00, 0x00, 0x33, 0xff, 0xff, 0xff, 0x33, 0x00, 0x00, 0x00, 0x00, 0x00, 0x33, 0xff, 0xff,
	0xff, 0x33, 0x00, 0x00, 0x00, 0x00, 0x00, 0x33, 0xff, 0xff, 0xff, 0x33, 0x00, 0x00, 0x00, 0x00,
	0x00, 0x33, 0xff, 0xff, 0xff, 0x33, 0x00, 0x00, 0x00, 0x00, 0x00, 0x33, 0xff, 0xff, 0xff, 0x19,
	0x00, 0x00, 0x00, 0x00, 0x00, 0x4e, 0xff, 0xff, 0xff, 0x00, 0x00, 0x00, 0x00, 0x00, 0x00, 0x6b,
	0xff, 0xff, 0xff, 0x00, 0x00, 0x00, 0x00, 0x00, 0x00, 0x8b, 0xff, 0xff, 0xae, 0x00, 0x00, 0x00,
	0x00, 0x00, 0x00, 0xc3, 0xff, 0xff, 0x6b, 0x00, 0x00, 0x00, 0x00, 0x00, 0x0c, 0xff, 0xff, 0xff,
	0x33, 0x00, 0x00, 0x00, 0x00, 0x00, 0x40, 0xff, 0xff, 0xff, 0x00, 0x00, 0x00, 0x00, 0x00, 0x00,
	0x8b, 0xff, 0xff, 0x8b, 0x00, 0x00, 0x00, 0x00, 0x00, 0x0c, 0xff, 0xff, 0xff, 0x33, 0x00, 0x00,
	0x00, 0x00, 0x00, 0x5c, 0xff, 0xff, 0xae, 0x00, 0x00, 0x00, 0x00, 0x00, 0x0c, 0xda, 0xff, 0xff,
	0x33, 0x00, 0x00, 0x00, 0x00, 0x00, 0x6b, 0xff, 0xff, 0x9c, 0x00, 0x00, 0x00, 0x00, 0x00, 0x19,
	0xff, 0xff, 0xff, 0x19, 0x00, 0x00, 0x00, 0x00, 0x00, 0x9c, 0xff, 0xff, 0x5c, 0x00, 0x00, 0x00,
	0x00, 0x00, 0x40, 0xff, 0xff, 0xae, 0x00, 0x00, 0x00, 0x00, 0x00, 0x00, 0x0c, 0x9c, 0xff, 0x19,
	0x00, 0x00, 0x00, 0x00, 0x00, 0x00, 0x00, 0x00, 0x26, 0x00, 0x00, 0x00, 0x00, 0x00, 0x00, 0x00,
	0x00, 0x00, 0x00, 0x00, 0x00, 0x00, 0xae, 0xff, 0xff, 0x6b, 0x00, 0x00, 0x00, 0x00, 0x00, 0x00,
	0x00, 0x00, 0x00, 0x00, 0x00, 0x7a, 0xff, 0xff, 0x4e, 0x00, 0x00, 0x00, 0x00, 0x00, 0x00, 0x00,
	0x00, 0x00, 0x00, 0x00, 0x6b, 0xff, 0xff, 0x33, 0x00, 0x00, 0x00, 0x00, 0x00, 0x00, 0x26, 0x0c,
	0x00, 0x00, 0x00, 0x6b, 0xff, 0xff, 0x33, 0x00, 0x00, 0x00, 0x33, 0x0c, 0x00, 0x8b, 0xff, 0x8b,
	0x26, 0x00, 0x33, 0xff, 0xff, 0x0c, 0x00, 0x33, 0xae, 0xff, 0x4e, 0x00, 0xff, 0xff, 0xff, 0xff,
	0xae, 0x6b, 0xff, 0xff, 0x4e, 0xda, 0xff, 0xff, 0xff, 0x9c, 0x26, 0xae, 0xff, 0xff, 0xff, 0xff,
	0xff, 0xff, 0xff, 0xff, 0xff, 0xff, 0xff, 0xff, 0xae, 0x00, 0x00, 0x00, 0x33, 0x5c, 0x9c, 0xff,
	0xff, 0xff, 0xda, 0x8b, 0x4e, 0x26, 0x00, 0x00, 0x00, 0x00, 0x00, 0x00, 0x00, 0x4e, 0xff, 0xff,
	0xff, 0xff, 0x26, 0x00, 0x00, 0x00, 0x00, 0x00, 0x00, 0x00, 0x00, 0x33, 0xff, 0xff, 0x9c, 0xda,
	0xff, 0xff, 0x19, 0x00, 0x00, 0x00, 0x00, 0x00, 0x00, 0x26, 0xff, 0xff, 0xff, 0x19, 0x40, 0xff,
	0xff, 0xc3, 0x0c, 0x00, 0x00, 0x00, 0x00, 0x0c, 0xc3, 0xff, 0xff, 0x7a, 0x00, 0x00, 0xae, 0xff,
	0xff, 0xae, 0x00, 0x00, 0x00, 0x00, 0x26, 0xda, 0xff, 0xff, 0x0c, 0x00, 0x00, 0x26, 0xff, 0xff,
	0xae, 0x0c, 0x00, 0x00, 0x00, 0x00, 0x0c, 0x9c, 0x5c, 0x00, 0x00, 0x00, 0x00, 0x8b, 0x6b, 0x00,
	0x00, 0x00, 0x00, 0x00, 0x00, 0x00, 0x00, 0x6b, 0xff, 0xff, 0x6b, 0x00, 0x00, 0x00, 0x00, 0x00,
	0x00, 0x00, 0x00, 0x00, 0x00, 0x6b, 0xff, 0xff, 0x6b, 0x00, 0x00, 0x00, 0x00, 0x00, 0x00, 0x00,
	0x00, 0x00, 0x00, 0x6b, 0xff, 0xff, 0x6b, 0x00, 0x00, 0x00, 0x00, 0x00, 0x00, 0x00, 0x00, 0x00,
	0x00, 0x6b, 0xff, 0xff, 0x6b, 0x00, 0x00, 0x00, 0x00, 0x00, 0x00, 0x00, 0x00, 0x00, 0x00, 0x6b,
	0xff, 0xff, 0x6b, 0x00, 0x00, 0x00, 0x00, 0x00, 0x00, 0x00, 0x00, 0x00, 0x00, 0x6b, 0xff, 0xff,
	0x6b, 0x00, 0x00, 0x00, 0x00, 0x00, 0xae, 0xff, 0xff, 0xff, 0xff, 0xff, 0xff, 0xff, 0xff, 0xff,
	0xff, 0xff, 0xff, 0xae, 0xae, 0xff, 0xff, 0xff, 0xff, 0xff, 0xff, 0xff, 0xff, 0xff, 0xff, 0xff,
	0xff, 0xae, 0xae, 0xff, 0xff, 0xff, 0xff, 0xff, 0xff, 0xff, 0xff, 0xff, 0xff, 0xff, 0xff, 0xae,
	0x00, 0x00, 0x00, 0x00, 0x00, 0x6b, 0xff, 0xff, 0x6b, 0x00, 0x00, 0x00, 0x00, 0x00, 0x00, 0x00,
	0x00, 0x00, 0x00, 0x6b, 0xff, 0xff, 0x6b, 0x00, 0x00, 0x00, 0x00, 0x00, 0x00, 0x00, 0x00, 0x00,
	0x00, 0x6b, 0xff, 0xff, 0x6b, 0x00, 0x00, 0x00, 0x00, 0x00, 0x00, 0x00, 0x00, 0x00, 0x00, 0x6b,
	0xff, 0xff, 0x6b, 0x00, 0x00, 0x00, 0x00, 0x00, 0x00, 0x00, 0x00, 0x00, 0x00, 0x6b, 0xff, 0xff,
	0x6b, 0x00, 0x00, 0x00, 0x00, 0x00, 0x00, 0x26, 0xda, 0xff, 0x9c, 0x0c, 0x00, 0xff, 0xff, 0xff,
	0xff, 0x8b, 0x33, 0xff, 0xff, 0xff, 0xff, 0xae, 0x0c, 0xff, 0xff, 0xff, 0xff, 0xae, 0x00, 0x5c,
	0xff, 0xff, 0xff, 0x5c, 0x00, 0x4e, 0xff, 0xff, 0xff, 0x0c, 0x00, 0x7a, 0xff, 0xff, 0x8b, 0x00,
	0x00, 0xc3, 0xff, 0xff, 0x26, 0x00, 0x0c, 0xff, 0xff, 0xc3, 0x00, 0x00, 0x33, 0xff, 0xff, 0x4e,
	0x00, 0x00, 0x7a, 0xff, 0xff, 0x00, 0x00, 0x00, 0xae, 0xff, 0xff, 0xff, 0xff, 0xff, 0xff, 0xff,
	0xff, 0xff, 0x33, 0xae, 0xff, 0xff, 0xff, 0xff, 0xff, 0xff, 0xff, 0xff, 0xff, 0x33, 0xae, 0xff,
	0xff, 0xff, 0xff, 0xff, 0xff, 0xff, 0xff, 0xff, 0x33, 0x00, 0x40, 0xda, 0xff, 0x9c, 0x0c, 0x0c,
	0xff, 0xff, 0xff, 0xff, 0x8b, 0x33, 0xff, 0xff, 0xff, 0xff, 0xae, 0x0c, 0xff, 0xff, 0xff, 0xff,
	0x8b, 0x00, 0x26, 0xda, 0xff, 0x9c, 0x0c, 0x00, 0x00, 0x00, 0x00, 0x00, 0x00, 0x00, 0x00, 0x00,
	0xc3, 0x7a, 0x4e, 0x00, 0x00, 0x00, 0x00, 0x00, 0x00, 0x00, 0x00, 0x33, 0xff, 0xff, 0xae, 0x00,
	0x00, 0x00, 0x00, 0x00, 0x00, 0x00, 0x00, 0x6b, 0xff, 0xff, 0x6b, 0x00, 0x00, 0x00, 0x00, 0x00,
	0x00, 0x00, 0x00, 0xae, 0xff, 0xff, 0x33, 0x00, 0x00, 0x00, 0x00, 0x00, 0x00, 0x00, 0x00, 0xff,
	0xff, 0xff, 0x00, 0x00, 0x00, 0x00, 0x00, 0x00, 0x00, 0x00, 0x33, 0xff, 0xff, 0xae, 0x00, 0x00,
	0x00, 0x00, 0x00, 0x00, 0x00, 0x00, 0x6b, 0xff, 0xff, 0x6b, 0x00, 0x00, 0x00, 0x00, 0x00, 0x00,
	0x00, 0x00, 0xae, 0xff, 0xff, 0x33, 0x00, 0x00, 0x00, 0x00, 0x00, 0x00, 0x00, 0x00, 0xff, 0xff,
	0xff, 0x00, 0x00, 0x00, 0x00, 0x00, 0x00, 0x00, 0x00, 0x33, 0xff, 0xff, 0xae, 0x00, 0x00, 0x00,
	0x00, 0x00, 0x00, 0x00, 0x00, 0x6b, 0xff, 0xff, 0x6b, 0x00, 0x00, 0x00, 0x00, 0x00, 0x00, 0x00,
	0x00, 0xae, 0xff, 0xff, 0x33, 0x00, 0x00, 0x00, 0x00, 0x00, 0x00, 0x00, 0x00, 0xff, 0xff, 0xff,
	0x00, 0x00, 0x00, 0x00, 0x00, 0x00, 0x00, 0x00, 0x33, 0xff, 0xff, 0xae, 0x00, 0x00, 0x00, 0x00,
	0x00, 0x00, 0x00, 0x00, 0x6b, 0xff, 0xff, 0x6b, 0x00, 0x00, 0x00, 0x00, 0x00, 0x00, 0x00, 0x00,
	0xae, 0xff, 0xff, 0x33, 0x00, 0x00, 0x00, 0x00, 0x00, 0x00, 0x00, 0x00, 0xff, 0xff, 0xff, 0x00,
	0x00, 0x00, 0x00, 0x00, 0x00, 0x00, 0x00, 0x33, 0xff, 0xff, 0xae, 0x00, 0x00, 0x00, 0x00, 0x00,
	0x00, 0x00, 0x00, 0x6b, 0xff, 0xff, 0x6b, 0x00, 0x00, 0x00, 0x00, 0x00, 0x00, 0x00, 0x00, 0xae,
	0xff, 0xff, 0x33, 0x00, 0x00, 0x00, 0x00, 0x00, 0x00, 0x00, 0x00, 0xff, 0xff, 0xff, 0x00, 0x00,
	0x00, 0x00, 0x00, 0x00, 0x00, 0x00, 0x33, 0xff, 0xff, 0xae, 0x00, 0x00, 0x00, 0x00, 0x00, 0x00,
	0x00, 0x00, 0x7a, 0xff, 0xff, 0x6b, 0x00, 0x00, 0x00, 0x00, 0x00, 0x00, 0x00, 0x00, 0xc3, 0xff,
	0xff, 0x33, 0x00, 0x00, 0x00, 0x00, 0x00, 0x00, 0x00, 0x0c, 0xff, 0xff, 0xff, 0x00, 0x00, 0x00,
	0x00, 0x00, 0x00, 0x00, 0x00, 0x40, 0xff, 0xff, 0xae, 0x00, 0x00, 0x00, 0x00, 0x00, 0x00, 0x00,
	0x00, 0x7a, 0xff, 0xff, 0x6b, 0x00, 0x00, 0x00, 0x00, 0x00, 0x00, 0x00, 0x00, 0xc3, 0xff, 0xff,
	0x33, 0x00, 0x00, 0x00, 0x00, 0x00, 0x00, 0x00, 0x0c, 0xff, 0xff, 0xff, 0x00, 0x00, 0x00, 0x00,
	0x00, 0x00, 0x00, 0x00, 0x40, 0xff, 0xff, 0xae, 0x00, 0x00, 0x00, 0x00, 0x00, 0x00, 0x00, 0x00,
	0x7a, 0xff, 0xff, 0x5c, 0x00, 0x00, 0x00, 0x00, 0x00, 0x00, 0x00, 0x00, 0xc3, 0xff, 0xff, 0x26,
	0x00, 0x00, 0x00, 0x00, 0x00, 0x00, 0x00, 0x0c, 0xff, 0xff, 0xff, 0x00, 0x00, 0x00, 0x00, 0x00,
	0x00, 0x00, 0x00, 0x0c, 0x40, 0x7a, 0x7a, 0x00, 0x00, 0x00, 0x00, 0x00, 0x00, 0x00, 0x00, 0x00,
	0x00, 0x00, 0x00, 0x19, 0x8b, 0xda, 0xff, 0xff, 0xda, 0x8b, 0x33, 0x00, 0x00, 0x00, 0x00, 0x00,
	0x00, 0x00, 0x4e, 0xff, 0xff, 0xff, 0xff, 0xff, 0xff, 0xff, 0xff, 0x7a, 0x00, 0x00, 0x00, 0x00,
	0x00, 0x4e, 0xff, 0xff, 0xff, 0xff, 0xff, 0xff, 0xff, 0xff, 0xff, 0xff, 0x6b, 0x00, 0x00, 0x00,
	0x19, 0xff, 0xff, 0xff, 0xff, 0x40, 0x00, 0x00, 0x40, 0xda, 0xff, 0xff, 0xff, 0x26, 0x00, 0x00,
	0x8b, 0xff, 0xff, 0xff, 0x26, 0x00, 0x00, 0x00, 0x00, 0x0c, 0xff, 0xff, 0xff, 0x9c, 0x00, 0x00,
	0xff, 0xff, 0xff, 0x6b, 0x00, 0x00, 0x00, 0x00, 0x00, 0x00, 0x5c, 0xff, 0xff, 0xff, 0x0c, 0x40,
	0xff, 0xff, 0xff, 0x19, 0x00, 0x00, 0x00, 0x00, 0x00, 0x00, 0x0c, 0xff, 0xff, 0xff, 0x4e, 0x6b,
	0xff, 0xff, 0xda, 0x00, 0x00, 0x00, 0x00, 0x00, 0x00, 0x00, 0x00, 0xc3, 0xff, 0xff, 0x8b, 0xae,
	0xff, 0xff, 0xae, 0x00, 0x00, 0x00, 0x00, 0x00, 0x00, 0x00, 0x00, 0x8b, 0xff, 0xff, 0xae, 0xc3,
	0xff, 0xff, 0x7a, 0x00, 0x00, 0x00, 0x00, 0x00, 0x00, 0x00, 0x00, 0x6b, 0xff, 0xff, 0xff, 0xff,
	0xff, 0xff, 0x6b, 0x00, 0x00, 0x00, 0x00, 0x00, 0x00, 0x00, 0x00, 0x6b, 0xff, 0xff, 0xff, 0xff,
	0xff, 0xff, 0x6b, 0x00, 0x00, 0x00, 0x00, 0x00, 0x00, 0x00, 0x00, 0x40, 0xff, 0xff, 0xff, 0xff,
	0xff, 0xff, 0x6b, 0x00, 0x00, 0x00, 0x00, 0x00, 0x00, 0x00, 0x00, 0x33, 0xff, 0xff, 0xff, 0xff,
	0xff, 0xff, 0x6b, 0x00, 0x00, 0x00, 0x00, 0x00, 0x00, 0x00, 0x00, 0x33, 0xff, 0xff, 0xff, 0xff,
	0xff, 0xff, 0x6b, 0x00, 0x00, 0x00, 0x00, 0x00, 0x00, 0x00, 0x00, 0x40, 0xff, 0xff, 0xff, 0xff,
	0xff, 0xff, 0x6b, 0x00, 0x00, 0x00, 0x00, 0x00, 0x00, 0x00, 0x00, 0x6b, 0xff, 0xff, 0xff, 0xae,
	0xff, 0xff, 0x7a, 0x00, 0x00, 0x00, 0x00, 0x00, 0x00, 0x00, 0x00, 0x6b, 0xff, 0xff, 0xff, 0xae,
	0xff, 0xff, 0xae, 0x00, 0x00, 0x00, 0x00, 0x00, 0x00, 0x00, 0x00, 0x8b, 0xff, 0xff, 0xae, 0x6b,
	0xff, 0xff, 0xda, 0x00, 0x00, 0x00, 0x00, 0x00, 0x00, 0x00, 0x00, 0xc3, 0xff, 0xff, 0x8b, 0x40,
	0xff, 0xff, 0xff, 0x19, 0x00, 0x00, 0x00, 0x00, 0x00, 0x00, 0x0c, 0xff, 0xff, 0xff, 0x4e, 0x00,
	0xff, 0xff, 0xff, 0x6b, 0x00, 0x00, 0x00, 0x00, 0x00, 0x00, 0x5c, 0xff, 0xff, 0xff, 0x0c, 0x00,
	0x8b, 0xff, 0xff, 0xff, 0x26, 0x00, 0x00, 0x00, 0x00, 0x0c, 0xff, 0xff, 0xff, 0x8b, 0x00, 0x00,
	0x19, 0xff, 0xff, 0xff, 0xff, 0x40, 0x00, 0x00, 0x40, 0xda, 0xff, 0xff, 0xff, 0x26, 0x00, 0x00,
	0x00, 0x4e, 0xff, 0xff, 0xff, 0xff, 0xff, 0xff, 0xff, 0xff, 0xff, 0xff, 0x6b, 0x00, 0x00, 0x00,
	0x00, 0x00, 0x4e, 0xff, 0xff, 0xff, 0xff, 0xff, 0xff, 0xff, 0xff, 0x6b, 0x00, 0x00, 0x00, 0x00,
	0x00, 0x00, 0x00, 0x19, 0x8b, 0xda, 0xff, 0xff, 0xda, 0x8b, 0x26, 0x00, 0x00, 0x00, 0x00, 0x00,
	0x00, 0x00, 0x00, 0x00, 0x00, 0x26, 0xc3, 0xff, 0xff, 0xae, 0x00, 0x00, 0x00, 0x00, 0x00, 0x6b,
	0xff, 0xff, 0xff, 0xff, 0xae, 0x00, 0x00, 0x00, 0x26, 0xc3, 0xff, 0xff, 0xff, 0xff, 0xff, 0xae,
	0x00, 0x0c, 0x7a, 0xff, 0xff, 0xff, 0xff, 0xff, 0xff, 0xff, 0xae, 0x33, 0xda, 0xff, 0xff, 0xff,
	0xda, 0x40, 0xae, 0xff, 0xff, 0xae, 0x4e, 0xff, 0xff, 0xff, 0x7a, 0x0c, 0x00, 0xae, 0xff, 0xff,
	0xae, 0x00, 0xc3, 0xc3, 0x33, 0x00, 0x00, 0x00, 0xae, 0xff, 0xff, 0xae, 0x00, 0x19, 0x00, 0x00,
	0x00, 0x00, 0x00, 0xae, 0xff, 0xff, 0xae, 0x00, 0x00, 0x00, 0x00, 0x00, 0x00, 0x00, 0xae, 0xff,
	0xff, 0xae, 0x00, 0x00, 0x00, 0x00, 0x00, 0x00, 0x00, 0xae, 0xff, 0xff, 0xae, 0x00, 0x00, 0x00,
	0x00, 0x00, 0x00, 0x00, 0xae, 0xff, 0xff, 0xae, 0x00, 0x00, 0x00, 0x00, 0x00, 0x00, 0x00, 0xae,
	0xff, 0xff, 0xae, 0x00, 0x00, 0x00, 0x00, 0x00, 0x00, 0x00, 0xae, 0xff, 0xff, 0xae, 0x00, 0x00,
	0x00, 0x00, 0x00, 0x00, 0x00, 0xae, 0xff, 0xff, 0xae, 0x00, 0x00, 0x00, 0x00, 0x00, 0x00, 0x00,
	0xae, 0xff, 0xff, 0xae, 0x00, 0x00, 0x00, 0x00, 0x00, 0x00, 0x00, 0xae, 0xff, 0xff, 0xae, 0x00,
	0x00, 0x00, 0x00, 0x00, 0x00, 0x00, 0xae, 0xff, 0xff, 0xae, 0x00, 0x00, 0x00, 0x00, 0x00, 0x00,
	0x00, 0xae, 0xff, 0xff, 0xae, 0x00, 0x00, 0x00, 0x00, 0x00, 0x00, 0x00, 0xae, 0xff, 0xff, 0xae,
	0x00, 0x00, 0x00, 0x00, 0x00, 0x00, 0x00, 0xae, 0xff, 0xff, 0xae, 0x00, 0x00, 0x00, 0x00, 0x00,
	0x00, 0x00, 0xae, 0xff, 0xff, 0xae, 0x00, 0x00, 0x00, 0x00, 0x00, 0x00, 0x00, 0xae, 0xff, 0xff,
	0xae, 0x00, 0x00, 0x00, 0x00, 0x00, 0x00, 0x00, 0xae, 0xff, 0xff, 0xae, 0x00, 0x00, 0x00, 0x00,
	0x00, 0x00, 0x00, 0xae, 0xff, 0xff, 0xae, 0x00, 0x00, 0x00, 0x00, 0x00, 0x00, 0x00, 0xae, 0xff,
	0xff, 0xae, 0x00, 0x00, 0x00, 0x19, 0x7a, 0xc3, 0xff, 0xff, 0xff, 0x9c, 0x4e, 0x00, 0x00, 0x00,
	0x00, 0x00, 0x00, 0x7a, 0xff, 0xff, 0xff, 0xff, 0xff, 0xff, 0xff, 0xff, 0xae, 0x0c, 0x00, 0x00,
	0x00, 0x8b, 0xff, 0xff, 0xff, 0xff, 0xff, 0xff, 0xff, 0xff, 0xff, 0xff, 0xc3, 0x0c, 0x00, 0x8b,
	0xff, 0xff, 0xff, 0x9c, 0x26, 0x00, 0x00, 0x33, 0xae, 0xff, 0xff, 0xff, 0x7a, 0x00, 0x8b, 0xff,
	0xff, 0x4e, 0x00, 0x00, 0x00, 0x00, 0x00, 0x00, 0xc3, 0xff, 0xff, 0xff, 0x0c, 0x00, 0x4e, 0x5c,
	0x00, 0x00, 0x00, 0x00, 0x00, 0x00, 0x00, 0x40, 0xff, 0xff, 0xff, 0x33, 0x00, 0x00, 0x00, 0x00,
	0x00, 0x00, 0x00, 0x00, 0x00, 0x00, 0x00, 0xff, 0xff, 0xff, 0x6b, 0x00, 0x00, 0x00, 0x00, 0x00,
	0x00, 0x00, 0x00, 0x00, 0x00, 0x00, 0xff, 0xff, 0xff, 0x6b, 0x00, 0x00, 0x00, 0x00, 0x00, 0x00,
	0x00, 0x00, 0x00, 0x00, 0x0c, 0xff, 0xff, 0xff, 0x40, 0x00, 0x00, 0x00, 0x00, 0x00, 0x00, 0x00,
	0x00, 0x00, 0x00, 0x40, 0xff, 0xff, 0xff, 0x19, 0x00, 0x00, 0x00, 0x00, 0x00, 0x00, 0x00, 0x00,
	0x00, 0x00, 0x8b, 0xff, 0xff, 0xda, 0x00, 0x00, 0x00, 0x00, 0x00, 0x00, 0x00, 0x00, 0x00, 0x00,
	0x0c, 0xff, 0xff, 0xff, 0x5c, 0x00, 0x00, 0x00, 0x00, 0x00, 0x00, 0x00, 0x00, 0x00, 0x00, 0x8b,
	0xff, 0xff, 0xda, 0x0c, 0x00, 0x00, 0x00, 0x00, 0x00, 0x00, 0x00, 0x00, 0x00, 0x33, 0xff, 0xff,
	0xff, 0x40, 0x00, 0x00, 0x00, 0x00, 0x00, 0x00, 0x00, 0x00, 0x00, 0x0c, 0xff, 0xff, 0xff, 0x8b,
	0x00, 0x00, 0x00, 0x00, 0x00, 0x00, 0x00, 0x00, 0x00, 0x0c, 0xc3, 0xff, 0xff, 0xc3, 0x0c, 0x00,
	0x00, 0x00, 0x00, 0x00, 0x00, 0x00, 0x00, 0x00, 0x8b, 0xff, 0xff, 0xff, 0x26, 0x00, 0x00, 0x00,
	0x00, 0x00, 0x00, 0x00, 0x00, 0x00, 0x7a, 0xff, 0xff, 0xff, 0x26, 0x00, 0x00, 0x00, 0x00, 0x00,
	0x00, 0x00, 0x00, 0x00, 0x4e, 0xff, 0xff, 0xff, 0x4e, 0x00, 0x00, 0x00, 0x00, 0x00, 0x00, 0x00,
	0x00, 0x00, 0x40, 0xff, 0xff, 0xff, 0x4e, 0x00, 0x00, 0x00, 0x00, 0x00, 0x00, 0x00, 0x00, 0x00,
	0x26, 0xff, 0xff, 0xff, 0x7a, 0x00, 0x00, 0x00, 0x00, 0x00, 0x00, 0x00, 0x00, 0x00, 0x26, 0xff,
	0xff, 0xff, 0x8b, 0x00, 0x00, 0x00, 0x00, 0x00, 0x00, 0x00, 0x00, 0x00, 0x0c, 0xda, 0xff, 0xff,
	0x8b, 0x00, 0x00, 0x00, 0x00, 0x00, 0x00, 0x00, 0x00, 0x00, 0x00, 0x6b, 0xff, 0xff, 0xff, 0xff,
	0xff, 0xff, 0xff, 0xff, 0xff, 0xff, 0xff, 0xff, 0xff, 0xff, 0x6b, 0xff, 0xff, 0xff, 0xff, 0xff,
	0xff, 0xff, 0xff, 0xff, 0xff, 0xff, 0xff, 0xff, 0xae, 0x6b, 0xff, 0xff, 0xff, 0xff, 0xff, 0xff,
	0xff, 0xff, 0xff, 0xff, 0xff, 0xff, 0xff, 0xae, 0x00, 0x00, 0x00, 0x00, 0x26, 0x8b, 0xc3, 0xff,
	0xff, 0xff, 0x9c, 0x4e, 0x00, 0x00, 0x00, 0x00, 0x00, 0x00, 0x0c, 0x8b, 0xff, 0xff, 0xff, 0xff,
	0xff, 0xff, 0xff, 0xff, 0xae, 0x0c, 0x00, 0x00, 0x00, 0x26, 0xc3, 0xff, 0xff, 0xff, 0xff, 0xff,
	0xff, 0xff, 0xff, 0xff, 0xff, 0xc3, 0x0c, 0x00, 0x00, 0x7a, 0xff, 0xff, 0xff, 0x6b, 0x19, 0x00,
	0x00, 0x33, 0xae, 0xff, 0xff, 0xff, 0x6b, 0x00, 0x00, 0x00, 0x9c, 0xae, 0x0c, 0x00, 0x00, 0x00,
	0x00, 0x00, 0x00, 0xae, 0xff, 0xff, 0xff, 0x00, 0x00, 0x00, 0x0c, 0x00, 0x00, 0x00, 0x00, 0x00,
	0x00, 0x00, 0x00, 0x33, 0xff, 0xff, 0xff, 0x26, 0x00, 0x00, 0x00, 0x00, 0x00, 0x00, 0x00, 0x00,
	0x00, 0x00, 0x00, 0x00, 0xff, 0xff, 0xff, 0x33, 0x00, 0x00, 0x00, 0x00, 0x00, 0x00, 0x00, 0x00,
	0x00, 0x00, 0x00, 0x19, 0xff, 0xff, 0xff, 0x26, 0x00, 0x00, 0x00, 0x00, 0x00, 0x00, 0x00, 0x00,
	0x00, 0x00, 0x00, 0x4e, 0xff, 0xff, 0xff, 0x00, 0x00, 0x00, 0x00, 0x00, 0x00, 0x00, 0x00, 0x00,
	0x00, 0x00, 0x0c, 0xda, 0xff, 0xff, 0x6b, 0x00, 0x00, 0x00, 0x00, 0x00, 0x00, 0x00, 0x00, 0x00,
	0x0c, 0x4e, 0xda, 0xff, 0xff, 0x8b, 0x00, 0x00, 0x00, 0x00, 0x00, 0x00, 0x00, 0x00, 0xae, 0xff,
	0xff, 0xff, 0xff, 0xff, 0x6b, 0x00, 0x00, 0x00, 0x00, 0x00, 0x00, 0x00, 0x00, 0x00, 0xda, 0xff,
	0xff, 0xff, 0xff, 0x7a, 0x33, 0x00, 0x00, 0x00, 0x00, 0x00, 0x00, 0x00, 0x00, 0x00, 0xff, 0xff,
	0xff, 0xff, 0xff, 0xff, 0xff, 0xae, 0x0c, 0x00, 0x00, 0x00, 0x00, 0x00, 0x00, 0x00, 0x00, 0x00,
	0x00, 0x26, 0x6b, 0xff, 0xff, 0xff, 0xc3, 0x00, 0x00, 0x00, 0x00, 0x00, 0x00, 0x00, 0x00, 0x00,
	0x00, 0x00, 0x00, 0x26, 0xff, 0xff, 0xff, 0x5c, 0x00, 0x00, 0x00, 0x00, 0x00, 0x00, 0x00, 0x00,
	0x00, 0x00, 0x00, 0x00, 0x9c, 0xff, 0xff, 0xae, 0x00, 0x00, 0x00, 0x00, 0x00, 0x00, 0x00, 0x00,
	0x00, 0x00, 0x00, 0x00, 0x6b, 0xff, 0xff, 0xff, 0x00, 0x00, 0x00, 0x00, 0x00, 0x00, 0x00, 0x00,
	0x00, 0x00, 0x00, 0x00, 0x6b, 0xff, 0xff, 0xff, 0x00, 0x00, 0x00, 0x00, 0x00, 0x00, 0x00, 0x00,
	0x00, 0x00, 0x00, 0x00, 0x7a, 0xff, 0xff, 0xff, 0x00, 0x00, 0x19, 0x00, 0x00, 0x00, 0x00, 0x00,
	0x00, 0x00, 0x00, 0x00, 0xda, 0xff, 0xff, 0x9c, 0x00, 0x4e, 0xff, 0x5c, 0x00, 0x00, 0x00, 0x00,
	0x00, 0x00, 0x00, 0x8b, 0xff, 0xff, 0xff, 0x4e, 0x26, 0xff, 0xff, 0xff, 0xae, 0x4e, 0x0c, 0x00,
	0x00, 0x40, 0xae, 0xff, 0xff, 0xff, 0xc3, 0x00, 0x00, 0x8b, 0xff, 0xff, 0xff, 0xff, 0xff, 0xff,
	0xff, 0xff, 0xff, 0xff, 0xff, 0xff, 0x26, 0x00, 0x00, 0x00, 0x4e, 0xff, 0xff, 0xff, 0xff, 0xff,
	0xff, 0xff, 0xff, 0xff, 0xae, 0x19, 0x00, 0x00, 0x00, 0x00, 0x00, 0x0c, 0x5c, 0xae, 0xff, 0xff,
	0xff, 0xda, 0x8b, 0x33, 0x00, 0x00, 0x00, 0x00, 0x00, 0x00, 0x00, 0x00, 0x00, 0x00, 0x00, 0x40,
	0x4e, 0x00, 0x00, 0x00, 0x00, 0x00, 0x00, 0x00, 0x00, 0x00, 0x00, 0x00, 0x00, 0x00, 0x00, 0x00,
	0xda, 0xff, 0xda, 0x33, 0x00, 0x00, 0x00, 0x00, 0x00, 0x00, 0x00, 0x00, 0x00, 0x00, 0x00, 0x00,
	0x33, 0xff, 0xff, 0xff, 0x0c, 0x00, 0x00, 0x00, 0x00, 0x00, 0x00, 0x00, 0x00, 0x00, 0x00, 0x00,
	0x00, 0x9c, 0xff, 0xff, 0x8b, 0x00, 0x00, 0x00, 0x00, 0x00, 0x00, 0x00, 0x00, 0x00, 0x00, 0x00,
	0x00, 0x19, 0xff, 0xff, 0xff, 0x26, 0x00, 0x00, 0x00, 0x00, 0x00, 0x00, 0x00, 0x00, 0x00, 0x00,
	0x00, 0x00, 0x7a, 0xff, 0xff, 0xae, 0x00, 0x00, 0x00, 0x00, 0x00, 0x00, 0x00, 0x00, 0x00, 0x00,
	0x00, 0x00, 0x00, 0xff, 0xff, 0xff, 0x4e, 0x00, 0x00, 0x00, 0x00, 0x00, 0x00, 0x00, 0x00, 0x00,
	0x00, 0x00, 0x00, 0x4e, 0xff, 0xff, 0xff, 0x00, 0x00, 0x00, 0x00, 0x00, 0x00, 0x00, 0x00, 0x00,
	0x00, 0x00, 0x00, 0x00, 0xc3, 0xff, 0xff, 0x6b, 0x00, 0x00, 0x00, 0x00, 0x00, 0x00, 0x00, 0x00,
	0x00, 0x00, 0x00, 0x00, 0x33, 0xff, 0xff, 0xff, 0x19, 0x00, 0x00, 0x00, 0x00, 0x00, 0x00, 0x00,
	0x00, 0x00, 0x00, 0x00, 0x00, 0x8b, 0xff, 0xff, 0x8b, 0x00, 0x00, 0x00, 0x00, 0xff, 0xff, 0xff,
	0x00, 0x00, 0x00, 0x00, 0x00, 0x19, 0xff, 0xff, 0xff, 0x33, 0x00, 0x00, 0x00, 0x00, 0xff, 0xff,
	0xff, 0x00, 0x00, 0x00, 0x00, 0x00, 0x6b, 0xff, 0xff, 0xda, 0x00, 0x00, 0x00, 0x00, 0x00, 0xff,
	0xff, 0xff, 0x00, 0x00, 0x00, 0x00, 0x00, 0xff, 0xff, 0xff, 0x4e, 0x00, 0x00, 0x00, 0x00, 0x00,
	0xff, 0xff, 0xff, 0x00, 0x00, 0x00, 0x00, 0x4e, 0xff, 0xff, 0xff, 0x0c, 0x00, 0x00, 0x00, 0x00,
	0x19, 0xff, 0xff, 0xff, 0x00, 0x00, 0x00, 0x00, 0xc3, 0xff, 0xff, 0x7a, 0x00, 0x00, 0x00, 0x00,
	0x00, 0x33, 0xff, 0xff, 0xff, 0x00, 0x00, 0x00, 0x33, 0xff, 0xff, 0xff, 0x19, 0x00, 0x00, 0x00,
	0x00, 0x00, 0x33, 0xff, 0xff, 0xff, 0x00, 0x00, 0x00, 0x6b, 0xff, 0xff, 0xff, 0xff, 0xff, 0xff,
	0xff, 0xff, 0xff, 0xff, 0xff, 0xff, 0xff, 0xff, 0xff, 0xff, 0x6b, 0xff, 0xff, 0xff, 0xff, 0xff,
	0xff, 0xff, 0xff, 0xff, 0xff, 0xff, 0xff, 0xff, 0xff, 0xff, 0xff, 0x6b, 0xff, 0xff, 0xff, 0xff,
	0xff, 0xff, 0xff, 0xff, 0xff, 0xff, 0xff, 0xff, 0xff, 0xff, 0xff, 0xff, 0x00, 0x00, 0x00, 0x00,
	0x00, 0x00, 0x00, 0x00, 0x00, 0x00, 0x33, 0xff, 0xff, 0xff, 0x00, 0x00, 0x00, 0x00, 0x00, 0x00,
	0x00, 0x00, 0x00, 0x00, 0x00, 0x00, 0x00, 0x33, 0xff, 0xff, 0xff, 0x00, 0x00, 0x00, 0x00, 0x00,
	0x00, 0x00, 0x00, 0x00, 0x00, 0x00, 0x00, 0x00, 0x33, 0xff, 0xff, 0xff, 0x00, 0x00, 0x00, 0x00,
	0x00, 0x00, 0x00, 0x00, 0x00, 0x00, 0x00, 0x00, 0x00, 0x33, 0xff, 0xff, 0xff, 0x00, 0x00, 0x00,
	0x00, 0x00, 0x00, 0x00, 0x00, 0x00, 0x00, 0x00, 0x00, 0x00, 0x33, 0xff, 0xff, 0xff, 0x00, 0x00,
	0x00, 0x00, 0x00, 0x00, 0x00, 0x00, 0x00, 0x00, 0x00, 0x00, 0x00, 0x33, 0xff, 0xff, 0xff, 0x00,
	0x00, 0x00, 0x00, 0x6b, 0xff, 0xff, 0xff, 0xff, 0xff, 0xff, 0xff, 0xff, 0xff, 0xff, 0xff, 0xff,
	0x6b, 0x00, 0x00, 0x6b, 0xff, 0xff, 0xff, 0xff, 0xff, 0xff, 0xff, 0xff, 0xff, 0xff, 0xff, 0xff,
	0x4e, 0x00, 0x00, 0x6b, 0xff, 0xff, 0xff, 0xff, 0xff, 0xff, 0xff, 0xff, 0xff, 0xff, 0xff, 0xff,
	0x33, 0x00, 0x00, 0x6b, 0xff, 0xff, 0xae, 0x00, 0x00, 0x00, 0x00, 0x00, 0x00, 0x00, 0x00, 0x00,
	0x00, 0x00, 0x00, 0x6b, 0xff, 0xff, 0xae, 0x00, 0x00, 0x00, 0x00, 0x00, 0x00, 0x00, 0x00, 0x00,
	0x00, 0x00, 0x00, 0x6b, 0xff, 0xff, 0xae, 0x00, 0x00, 0x00, 0x00, 0x00, 0x00, 0x00, 0x00, 0x00,
	0x00, 0x00, 0x00, 0x6b, 0xff, 0xff, 0xae, 0x00, 0x00, 0x00, 0x00, 0x00, 0x00, 0x00, 0x00, 0x00,
	0x00, 0x00, 0x00, 0x6b, 0xff, 0xff, 0xae, 0x00, 0x00, 0x00, 0x00, 0x00, 0x00, 0x00, 0x00, 0x00,
	0x00, 0x00, 0x00, 0x6b, 0xff, 0xff, 0xae, 0x00, 0x00, 0x00, 0x00, 0x00, 0x00, 0x00, 0x00, 0x00,
	0x00, 0x00, 0x00, 0x6b, 0xff, 0xff, 0xae, 0x33, 0x9c, 0xff, 0xff, 0xff, 0xae, 0x4e, 0x00, 0x00,
	0x00, 0x00, 0x00, 0x6b, 0xff, 0xff, 0xff, 0xff, 0xff, 0xff, 0xff, 0xff, 0xff, 0xff, 0xc3, 0x0c,
	0x00, 0x00, 0x00, 0x6b, 0xff, 0xff, 0xff, 0xff, 0xff, 0xff, 0xff, 0xff, 0xff, 0xff, 0xff, 0xc3,
	0x0c, 0x00, 0x00, 0x4e, 0xae, 0xae, 0x8b, 0x40, 0x0c, 0x00, 0x0c, 0x4e, 0xda, 0xff, 0xff, 0xff,
	0x6b, 0x00, 0x00, 0x00, 0x00, 0x00, 0x00, 0x00, 0x00, 0x00, 0x00, 0x00, 0x0c, 0xda, 0xff, 0xff,
	0xff, 0x00, 0x00, 0x00, 0x00, 0x00, 0x00, 0x00, 0x00, 0x00, 0x00, 0x00, 0x00, 0x4e, 0xff, 0xff,
	0xff, 0x33, 0x00, 0x00, 0x00, 0x00, 0x00, 0x00, 0x00, 0x00, 0x00, 0x00, 0x00, 0x19, 0xff, 0xff,
	0xff, 0x40, 0x00, 0x00, 0x00, 0x00, 0x00, 0x00, 0x00, 0x00, 0x00, 0x00, 0x00, 0x00, 0xff, 0xff,
	0xff, 0x6b, 0x00, 0x00, 0x00, 0x00, 0x00, 0x00, 0x00, 0x00, 0x00, 0x00, 0x00, 0x00, 0xff, 0xff,
	0xff, 0x5c, 0x00, 0x00, 0x00, 0x00, 0x00, 0x00, 0x00, 0x00, 0x00, 0x00, 0x00, 0x33, 0xff, 0xff,
	0xff, 0x33, 0x00, 0x0c, 0x00, 0x00, 0x00, 0x00, 0x00, 0x00, 0x00, 0x00, 0x00, 0x8b, 0xff, 0xff,
	0xff, 0x0c, 0x0c, 0xc3, 0x8b, 0x0c, 0x00, 0x00, 0x00, 0x00, 0x00, 0x00, 0x33, 0xff, 0xff, 0xff,
	0x8b, 0x00, 0xae, 0xff, 0xff, 0xda, 0x5c, 0x19, 0x00, 0x00, 0x26, 0x6b, 0xff, 0xff, 0xff, 0xff,
	0x19, 0x00, 0x33, 0xff, 0xff, 0xff, 0xff, 0xff, 0xff, 0xff, 0xff, 0xff, 0xff, 0xff, 0xff, 0x4e,
	0x00, 0x00, 0x00, 0x26, 0xc3, 0xff, 0xff, 0xff, 0xff, 0xff, 0xff, 0xff, 0xff, 0xda, 0x33, 0x00,
	0x00, 0x00, 0x00, 0x00, 0x00, 0x40, 0x9c, 0xda, 0xff, 0xff, 0xff, 0x9c, 0x4e, 0x00, 0x00, 0x00,
	0x00, 0x00, 0x00, 0x00, 0x00, 0x00, 0x00, 0x19, 0x7a, 0xc3, 0xff, 0xff, 0xda, 0x8b, 0x33, 0x00,
	0x00, 0x00, 0x00, 0x00, 0x00, 0x00, 0x6b, 0xff, 0xff, 0xff, 0xff, 0xff, 0xff, 0xff, 0xff, 0x9c,
	0x00, 0x00, 0x00, 0x00, 0x00, 0x8b, 0xff, 0xff, 0xff, 0xff, 0xff, 0xff, 0xff, 0xff, 0xff, 0x8b,
	0x00, 0x00, 0x00, 0x00, 0x5c, 0xff, 0xff, 0xff, 0xc3, 0x40, 0x00, 0x00, 0x26, 0x5c, 0xda, 0x19,
	0x00, 0x00, 0x00, 0x0c, 0xff, 0xff, 0xff, 0xae, 0x00, 0x00, 0x00, 0x00, 0x00, 0x00, 0x00, 0x00,
	0x00, 0x00, 0x00, 0x6b, 0xff, 0xff, 0xff, 0x0c, 0x00, 0x00, 0x00, 0x00, 0x00, 0x00, 0x00, 0x00,
	0x00, 0x00, 0x00, 0xda, 0xff, 0xff, 0x6b, 0x00, 0x00, 0x00, 0x00, 0x00, 0x00, 0x00, 0x00, 0x00,
	0x00, 0x00, 0x26, 0xff, 0xff, 0xff, 0x19, 0x00, 0x00, 0x00, 0x00, 0x00, 0x00, 0x00, 0x00, 0x00,
	0x00, 0x00, 0x6b, 0xff, 0xff, 0xc3, 0x00, 0x00, 0x00, 0x00, 0x00, 0x00, 0x00, 0x00, 0x00, 0x00,
	0x00, 0x00, 0x9c, 0xff, 0xff, 0x7a, 0x00, 0x00, 0x5c, 0xc3, 0xff, 0xff, 0xda, 0x7a, 0x19, 0x00,
	0x00, 0x00, 0xae, 0xff, 0xff, 0x6b, 0x19, 0xc3, 0xff, 0xff, 0xff, 0xff, 0xff, 0xff, 0xff, 0x40,
	0x00, 0x00, 0xff, 0xff, 0xff, 0x4e, 0xc3, 0xff, 0xff, 0xff, 0xff, 0xff, 0xff, 0xff, 0xff, 0xff,
	0x26, 0x00, 0xff, 0xff, 0xff, 0xda, 0xff, 0xda, 0x4e, 0x0c, 0x00, 0x0c, 0x6b, 0xff, 0xff, 0xff,
	0xae, 0x00, 0xff, 0xff, 0xff, 0xff, 0xc3, 0x0c, 0x00, 0x00, 0x00, 0x00, 0x00, 0x5c, 0xff, 0xff,
	0xff, 0x26, 0xff, 0xff, 0xff, 0xc3, 0x0c, 0x00, 0x00, 0x00, 0x00, 0x00, 0x00, 0x00, 0xff, 0xff,
	0xff, 0x6b, 0xff, 0xff, 0xff, 0x40, 0x00, 0x00, 0x00, 0x00, 0x00, 0x00, 0x00, 0x00, 0xae, 0xff,
	0xff, 0x9c, 0xff, 0xff, 0xff, 0x5c, 0x00, 0x00, 0x00, 0x00, 0x00, 0x00, 0x00, 0x00, 0x7a, 0xff,
	0xff, 0xae, 0xae, 0xff, 0xff, 0x6b, 0x00, 0x00, 0x00, 0x00, 0x00, 0x00, 0x00, 0x00, 0x6b, 0xff,
	0xff, 0xae, 0x8b, 0xff, 0xff, 0x8b, 0x00, 0x00, 0x00, 0x00, 0x00, 0x00, 0x00, 0x00, 0xae, 0xff,
	0xff, 0x9c, 0x4e, 0xff, 0xff, 0xda, 0x00, 0x00, 0x00, 0x00, 0x00, 0x00, 0x00, 0x00, 0xda, 0xff,
	0xff, 0x6b, 0x0c, 0xff, 0xff, 0xff, 0x33, 0x00, 0x00, 0x00, 0x00, 0x00, 0x00, 0x33, 0xff, 0xff,
	0xff, 0x26, 0x00, 0x9c, 0xff, 0xff, 0xc3, 0x0c, 0x00, 0x00, 0x00, 0x00, 0x00, 0xae, 0xff, 0xff,
	0xda, 0x00, 0x00, 0x33, 0xff, 0xff, 0xff, 0xc3, 0x40, 0x00, 0x00, 0x26, 0xae, 0xff, 0xff, 0xff,
	0x33, 0x00, 0x00, 0x00, 0x7a, 0xff, 0xff, 0xff, 0xff, 0xff, 0xff, 0xff, 0xff, 0xff, 0xff, 0x7a,
	0x00, 0x00, 0x00, 0x00, 0x00, 0x7a, 0xff, 0xff, 0xff, 0xff, 0xff, 0xff, 0xff, 0xff, 0x6b, 0x00,
	0x00, 0x00, 0x00, 0x00, 0x00, 0x00, 0x33, 0x8b, 0xda, 0xff, 0xff, 0xda, 0x8b, 0x19, 0x00, 0x00,
	0x00, 0x00, 0xff, 0xff, 0xff, 0xff, 0xff, 0xff, 0xff, 0xff, 0xff, 0xff, 0xff, 0xff, 0xff, 0xff,
	0xff, 0xff, 0xff, 0xff, 0xff, 0xff, 0xff, 0xff, 0xff, 0xff, 0xff, 0xff, 0xff, 0xff, 0xff, 0xff,
	0xff, 0xff, 0xff, 0xff, 0xff, 0xff, 0xff, 0xff, 0xff, 0xff, 0xff, 0xff, 0x00, 0x00, 0x00, 0x00,
	0x00, 0x00, 0x00, 0x00, 0x00, 0x00, 0x8b, 0xff, 0xff, 0x8b, 0x00, 0x00, 0x00, 0x00, 0x00, 0x00,
	0x00, 0x00, 0x00, 0x0c, 0xff, 0xff, 0xff, 0x26, 0x00, 0x00, 0x00, 0x00, 0x00, 0x00, 0x00, 0x00,
	0x00, 0x5c, 0xff, 0xff, 0xc3, 0x00, 0x00, 0x00, 0x00, 0x00, 0x00, 0x00, 0x00, 0x00, 0x00, 0xda,
	0xff, 0xff, 0x4e, 0x00, 0x00, 0x00, 0x00, 0x00, 0x00, 0x00, 0x00, 0x00, 0x33, 0xff, 0xff, 0xff,
	0x0c, 0x00, 0x00, 0x00, 0x00, 0x00, 0x00, 0x00, 0x00, 0x00, 0x8b, 0xff, 0xff, 0x8b, 0x00, 0x00,
	0x00, 0x00, 0x00, 0x00, 0x00, 0x00, 0x00, 0x19, 0xff, 0xff, 0xff, 0x26, 0x00, 0x00, 0x00, 0x00,
	0x00, 0x00, 0x00, 0x00, 0x00, 0x6b, 0xff, 0xff, 0xda, 0x00, 0x00, 0x00, 0x00, 0x00, 0x00, 0x00,
	0x00, 0x00, 0x00, 0xda, 0xff, 0xff, 0x5c, 0x00, 0x00, 0x00, 0x00, 0x00, 0x00, 0x00, 0x00, 0x00,
	0x40, 0xff, 0xff, 0xff, 0x0c, 0x00, 0x00, 0x00, 0x00, 0x00, 0x00, 0x00, 0x00, 0x00, 0x9c, 0xff,
	0xff, 0x8b, 0x00, 0x00, 0x00, 0x00, 0x00, 0x00, 0x00, 0x00, 0x00, 0x19, 0xff, 0xff, 0xff, 0x33,
	0x00, 0x00, 0x00, 0x00, 0x00, 0x00, 0x00, 0x00, 0x00, 0x6b, 0xff, 0xff, 0xda, 0x00, 0x00, 0x00,
	0x00, 0x00, 0x00, 0x00, 0x00, 0x00, 0x00, 0xda, 0xff, 0xff, 0x5c, 0x00, 0x00, 0x00, 0x00, 0x00,
	0x00, 0x00, 0x00, 0x00, 0x4e, 0xff, 0xff, 0xff, 0x0c, 0x00, 0x00, 0x00, 0x00, 0x00, 0x00, 0x00,
	0x00, 0x00, 0xae, 0xff, 0xff, 0x8b, 0x00, 0x00, 0x00, 0x00, 0x00, 0x00, 0x00, 0x00, 0x00, 0x19,
	0xff, 0xff, 0xff, 0x33, 0x00, 0x00, 0x00, 0x00, 0x00, 0x00, 0x00, 0x00, 0x00, 0x7a, 0xff, 0xff,
	0xda, 0x00, 0x00, 0x00, 0x00, 0x00, 0x00, 0x00, 0x00, 0x00, 0x00, 0xff, 0xff, 0xff, 0x5c, 0x00,
	0x00, 0x00, 0x00, 0x00, 0x00, 0x00, 0x00, 0x00, 0x4e, 0xff, 0xff, 0xff, 0x0c, 0x00, 0x00, 0x00,
	0x00, 0x00, 0x00, 0x00, 0x00, 0x00, 0xae, 0xff, 0xff, 0x8b, 0x00, 0x00, 0x00, 0x00, 0x00, 0x00,
	0x00, 0x00, 0x00, 0x0c, 0x7a, 0xda, 0xff, 0x33, 0x00, 0x00, 0x00, 0x00, 0x00, 0x00, 0x00, 0x00,
	0x00, 0x00, 0x00, 0x00, 0x33, 0x00, 0x00, 0x00, 0x00, 0x00, 0x00, 0x00, 0x00, 0x00, 0x00, 0x00,
	0x00, 0x00, 0x00, 0x33, 0x8b, 0xda, 0xff, 0xff, 0xda, 0x8b, 0x33, 0x00, 0x00, 0x00, 0x00, 0x00,
	0x00, 0x00, 0x00, 0x0c, 0xae, 0xff, 0xff, 0xff, 0xff, 0xff, 0xff, 0xff, 0xff, 0xae, 0x0c, 0x00,
	0x00, 0x00, 0x00, 0x00, 0x0c, 0xc3, 0xff, 0xff, 0xff, 0xff, 0xff, 0xff, 0xff, 0xff, 0xff, 0xff,
	0xc3, 0x0c, 0x00, 0x00, 0x00, 0x00, 0x8b, 0xff, 0xff, 0xff, 0x8b, 0x26, 0x00, 0x00, 0x26, 0x9c,
	0xff, 0xff, 0xff, 0x6b, 0x00, 0x00, 0x00, 0x0c, 0xff, 0xff, 0xff, 0x7a, 0x00, 0x00, 0x00, 0x00,
	0x00, 0x00, 0x9c, 0xff, 0xff, 0xff, 0x00, 0x00, 0x00, 0x33, 0xff, 0xff, 0xff, 0x0c, 0x00, 0x00,
	0x00, 0x00, 0x00, 0x00, 0x26, 0xff, 0xff, 0xff, 0x26, 0x00, 0x00, 0x40, 0xff, 0xff, 0xff, 0x00,
	0x00, 0x00, 0x00, 0x00, 0x00, 0x00, 0x00, 0xff, 0xff, 0xff, 0x33, 0x00, 0x00, 0x33, 0xff, 0xff,
	0xff, 0x00, 0x00, 0x00, 0x00, 0x00, 0x00, 0x00, 0x00, 0xff, 0xff, 0xff, 0x26, 0x00, 0x00, 0x19,
	0xff, 0xff, 0xff, 0x19, 0x00, 0x00, 0x00, 0x00, 0x00, 0x00, 0x40, 0xff, 0xff, 0xff, 0x00, 0x00,
	0x00, 0x00, 0xae, 0xff, 0xff, 0xc3, 0x0c, 0x00, 0x00, 0x00, 0x00, 0x00, 0xae, 0xff, 0xff, 0x5c,
	0x00, 0x00, 0x00, 0x00, 0x26, 0xff, 0xff, 0xff, 0xff, 0x4e, 0x0c, 0x00, 0x00, 0x8b, 0xff, 0xff,
	0x8b, 0x00, 0x00, 0x00, 0x00, 0x00, 0x00, 0x26, 0xff, 0xff, 0xff, 0xff, 0xff, 0x8b, 0xc3, 0xff,
	0xff, 0x6b, 0x00, 0x00, 0x00, 0x00, 0x00, 0x00, 0x00, 0x00, 0x26, 0xff, 0xff, 0xff, 0xff, 0xff,
	0xff, 0xff, 0x8b, 0x0c, 0x00, 0x00, 0x00, 0x00, 0x00, 0x00, 0x00, 0x4e, 0xff, 0xff, 0xff, 0x7a,
	0x9c, 0xff, 0xff, 0xff, 0xff, 0xff, 0x4e, 0x00, 0x00, 0x00, 0x00, 0x00, 0x8b, 0xff, 0xff, 0xc3,
	0x0c, 0x00, 0x00, 0x19, 0x6b, 0xff, 0xff, 0xff, 0xff, 0x7a, 0x00, 0x00, 0x00, 0x5c, 0xff, 0xff,
	0xff, 0x0c, 0x00, 0x00, 0x00, 0x00, 0x00, 0x0c, 0x9c, 0xff, 0xff, 0xff, 0x33, 0x00, 0x00, 0xff,
	0xff, 0xff, 0x6b, 0x00, 0x00, 0x00, 0x00, 0x00, 0x00, 0x00, 0x00, 0xc3, 0xff, 0xff, 0xc3, 0x00,
	0x33, 0xff, 0xff, 0xff, 0x33, 0x00, 0x00, 0x00, 0x00, 0x00, 0x00, 0x00, 0x00, 0x4e, 0xff, 0xff,
	0xff, 0x0c, 0x33, 0xff, 0xff, 0xff, 0x00, 0x00, 0x00, 0x00, 0x00, 0x00, 0x00, 0x00, 0x00, 0x33,
	0xff, 0xff, 0xff, 0x33, 0x40, 0xff, 0xff, 0xff, 0x19, 0x00, 0x00, 0x00, 0x00, 0x00, 0x00, 0x00,
	0x00, 0x33, 0xff, 0xff, 0xff, 0x33, 0x33, 0xff, 0xff, 0xff, 0x4e, 0x00, 0x00, 0x00, 0x00, 0x00,
	0x00, 0x00, 0x00, 0x7a, 0xff, 0xff, 0xff, 0x00, 0x00, 0xff, 0xff, 0xff, 0xda, 0x0c, 0x00, 0x00,
	0x00, 0x00, 0x00, 0x00, 0x26, 0xff, 0xff, 0xff, 0x9c, 0x00, 0x00, 0x5c, 0xff, 0xff, 0xff, 0xff,
	0x4e, 0x19, 0x00, 0x00, 0x26, 0x6b, 0xff, 0xff, 0xff, 0xff, 0x33, 0x00, 0x00, 0x00, 0x8b, 0xff,
	0xff, 0xff, 0xff, 0xff, 0xff, 0xff, 0xff, 0xff, 0xff, 0xff, 0xff, 0x4e, 0x00, 0x00, 0x00, 0x00,
	0x00, 0x6b, 0xff, 0xff, 0xff, 0xff, 0xff, 0xff, 0xff, 0xff, 0xff, 0xda, 0x40, 0x00, 0x00, 0x00,
	0x00, 0x00, 0x00, 0x00, 0x19, 0x5c, 0xae, 0xff, 0xff, 0xff, 0xda, 0x9c, 0x4e, 0x00, 0x00, 0x00,
	0x00, 0x00, 0x00, 0x00, 0x00, 0x00, 0x0c, 0x5c, 0xae, 0xff, 0xff, 0xff, 0xae, 0x4e, 0x00, 0x00,
	0x00, 0x00, 0x00, 0x00, 0x00, 0x40, 0xff, 0xff, 0xff, 0xff, 0xff, 0xff, 0xff, 0xff, 0xc3, 0x26,
	0x00, 0x00, 0x00, 0x00, 0x40, 0xff, 0xff, 0xff, 0xff, 0xff, 0xff, 0xff, 0xff, 0xff, 0xff, 0xff,
	0x0c, 0x00, 0x00, 0x0c, 0xff, 0xff, 0xff, 0xff, 0x4e, 0x0c, 0x00, 0x19, 0x6b, 0xff, 0xff, 0xff,
	0x8b, 0x00, 0x00, 0x8b, 0xff, 0xff, 0xff, 0x26, 0x00, 0x00, 0x00, 0x00, 0x00, 0x5c, 0xff, 0xff,
	0xff, 0x19, 0x00, 0xff, 0xff, 0xff, 0x7a, 0x00, 0x00, 0x00, 0x00, 0x00, 0x00, 0x00, 0xda, 0xff,
	0xff, 0x6b, 0x26, 0xff, 0xff, 0xff, 0x26, 0x00, 0x00, 0x00, 0x00, 0x00, 0x00, 0x00, 0x8b, 0xff,
	0xff, 0xae, 0x33, 0xff, 0xff, 0xff, 0x00, 0x00, 0x00, 0x00, 0x00, 0x00, 0x00, 0x00, 0x5c, 0xff,
	0xff, 0xff, 0x40, 0xff, 0xff, 0xff, 0x00, 0x00, 0x00, 0x00, 0x00, 0x00, 0x00, 0x00, 0x33, 0xff,
	0xff, 0xff, 0x33, 0xff, 0xff, 0xff, 0x00, 0x00, 0x00, 0x00, 0x00, 0x00, 0x00, 0x00, 0x33, 0xff,
	0xff, 0xff, 0x33, 0xff, 0xff, 0xff, 0x19, 0x00, 0x00, 0x00, 0x00, 0x00, 0x00, 0x00, 0x33, 0xff,
	0xff, 0xff, 0x0c, 0xff, 0xff, 0xff, 0x4e, 0x00, 0x00, 0x00, 0x00, 0x00, 0x00, 0x00, 0x9c, 0xff,
	0xff, 0xff, 0x00, 0x9c, 0xff, 0xff, 0xda, 0x0c, 0x00, 0x00, 0x00, 0x00, 0x00, 0x8b, 0xff, 0xff,
	0xff, 0xff, 0x00, 0x33, 0xff, 0xff, 0xff, 0xc3, 0x40, 0x00, 0x00, 0x40, 0xae, 0xff, 0xff, 0xff,
	0xff, 0xff, 0x00, 0x00, 0x8b, 0xff, 0xff, 0xff, 0xff, 0xff, 0xff, 0xff, 0xff, 0xff, 0x7a, 0xff,
	0xff, 0xae, 0x00, 0x00, 0x00, 0x8b, 0xff, 0xff, 0xff, 0xff, 0xff, 0xff, 0xff, 0x40, 0x6b, 0xff,
	0xff, 0x8b, 0x00, 0x00, 0x00, 0x00, 0x40, 0x9c, 0xff, 0xff, 0xda, 0x8b, 0x19, 0x00, 0xc3, 0xff,
	0xff, 0x4e, 0x00, 0x00, 0x00, 0x00, 0x00, 0x00, 0x00, 0x00, 0x00, 0x00, 0x00, 0x19, 0xff, 0xff,
	0xff, 0x19, 0x00, 0x00, 0x00, 0x00, 0x00, 0x00, 0x00, 0x00, 0x00, 0x00, 0x00, 0x8b, 0xff, 0xff,
	0x9c, 0x00, 0x00, 0x00, 0x00, 0x00, 0x00, 0x00, 0x00, 0x00, 0x00, 0x00, 0x40, 0xff, 0xff, 0xff,
	0x33, 0x00, 0x00, 0x00, 0x00, 0x00, 0x00, 0x00, 0x00, 0x00, 0x00, 0x33, 0xff, 0xff, 0xff, 0x9c,
	0x00, 0x00, 0x00, 0x00, 0x00, 0x00, 0x00, 0x00, 0x00, 0x00, 0x6b, 0xff, 0xff, 0xff, 0xc3, 0x0c,
	0x00, 0x00, 0x00, 0x00, 0x00, 0x00, 0x00, 0x00, 0x33, 0xc3, 0xff, 0xff, 0xff, 0xc3, 0x0c, 0x00,
	0x00, 0x00, 0x00, 0x00, 0x00, 0x0c, 0x4e, 0xc3, 0xff, 0xff, 0xff, 0xff, 0x7a, 0x0c, 0x00, 0x00,
	0x00, 0x00, 0x00, 0x00, 0x33, 0xff, 0xff, 0xff, 0xff, 0xff, 0xae, 0x33, 0x00, 0x00, 0x00, 0x00,
	0x00, 0x00, 0x00, 0x00, 0x19, 0xff, 0xff, 0xff, 0x9c, 0x33, 0x00, 0x00, 0x00, 0x00, 0x00, 0x00,
	0x00, 0x00, 0x00, 0x00, 0x00, 0x8b, 0x5c, 0x0c, 0x00, 0x00, 0x00, 0x00, 0x00, 0x00, 0x00, 0x00,
	0x00, 0x00, 0x00, 0x00, 0x19, 0x33, 0x00, 0x00, 0x00, 0x6b, 0xff, 0xff, 0xff, 0x26, 0x19, 0xff,
	0xff, 0xff, 0xff, 0x9c, 0x33, 0xff, 0xff, 0xff, 0xff, 0xae, 0x00, 0xc3, 0xff, 0xff, 0xff, 0x6b,
	0x00, 0x0c, 0x8b, 0xae, 0x5c, 0x00, 0x00, 0x00, 0x00, 0x00, 0x00, 0x00, 0x00, 0x00, 0x00, 0x00,
	0x00, 0x00, 0x00, 0x00, 0x00, 0x00, 0x00, 0x00, 0x00, 0x00, 0x00, 0x00, 0x00, 0x00, 0x00, 0x00,
	0x00, 0x00, 0x00, 0x00, 0x00, 0x00, 0x00, 0x00, 0x00, 0x00, 0x00, 0x00, 0x00, 0x00, 0x00, 0x00,
	0x00, 0x00, 0x00, 0x00, 0x00, 0x00, 0x00, 0x40, 0xda, 0xff, 0x9c, 0x0c, 0x0c, 0xff, 0xff, 0xff,
	0xff, 0x8b, 0x33, 0xff, 0xff, 0xff, 0xff, 0xae, 0x0c, 0xff, 0xff, 0xff, 0xff, 0x8b, 0x00, 0x26,
	0xda, 0xff, 0x9c, 0x0c, 0x00, 0x00, 0x19, 0x33, 0x00, 0x00, 0x00, 0x6b, 0xff, 0xff, 0xff, 0x26,
	0x19, 0xff, 0xff, 0xff, 0xff, 0x9c, 0x33, 0xff, 0xff, 0xff, 0xff, 0xae, 0x00, 0xc3, 0xff, 0xff,
	0xff, 0x6b, 0x00, 0x0c, 0x8b, 0xae, 0x5c, 0x00, 0x00, 0x00, 0x00, 0x00, 0x00, 0x00, 0x00, 0x00,
	0x00, 0x00, 0x00, 0x00, 0x00, 0x00, 0x00, 0x00, 0x00, 0x00, 0x00, 0x00, 0x00, 0x00, 0x00, 0x00,
	0x00, 0x00, 0x00, 0x00, 0x00, 0x00, 0x00, 0x00, 0x00, 0x00, 0x00, 0x00, 0x00, 0x00, 0x00, 0x00,
	0x00, 0x00, 0x00, 0x00, 0x00, 0x00, 0x00, 0x00, 0x00, 0x26, 0xda, 0xff, 0x9c, 0x0c, 0x00, 0xff,
	0xff, 0xff, 0xff, 0x8b, 0x33, 0xff, 0xff, 0xff, 0xff, 0xae, 0x0c, 0xff, 0xff, 0xff, 0xff, 0xae,
	0x00, 0x5c, 0xff, 0xff, 0xff, 0x5c, 0x00, 0x4e, 0xff, 0xff, 0xff, 0x0c, 0x00, 0x7a, 0xff, 0xff,
	0x8b, 0x00, 0x00, 0xc3, 0xff, 0xff, 0x26, 0x00, 0x0c, 0xff, 0xff, 0xc3, 0x00, 0x00, 0x33, 0xff,
	0xff, 0x4e, 0x00, 0x00, 0x7a, 0xff, 0xff, 0x00, 0x00, 0x00, 0x00, 0x00, 0x00, 0x00, 0x00, 0x00,
	0x00, 0x00, 0x00, 0x00, 0x00, 0x00, 0x00, 0x33, 0x0c, 0x00, 0x00, 0x00, 0x00, 0x00, 0x00, 0x00,
	0x00, 0x00, 0x00, 0x00, 0x00, 0x33, 0xae, 0xff, 0x4e, 0x00, 0x00, 0x00, 0x00, 0x00, 0x00, 0x00,
	0x00, 0x00, 0x00, 0x33, 0xae, 0xff, 0xff, 0xff, 0xda, 0x00, 0x00, 0x00, 0x00, 0x00, 0x00, 0x00,
	0x00, 0x40, 0xae, 0xff, 0xff, 0xff, 0xff, 0xff, 0x9c, 0x0c, 0x00, 0x00, 0x00, 0x00, 0x00, 0x4e,
	0xda, 0xff, 0xff, 0xff, 0xff, 0xff, 0x8b, 0x19, 0x00, 0x00, 0x00, 0x00, 0x00, 0x4e, 0xda, 0xff,
	0xff, 0xff, 0xff, 0xda, 0x6b, 0x0c, 0x00, 0x00, 0x00, 0x00, 0x0c, 0x4e, 0xda, 0xff, 0xff, 0xff,
	0xff, 0xc3, 0x4e, 0x00, 0x00, 0x00, 0x00, 0x00, 0x00, 0x00, 0x33, 0xff, 0xff, 0xff, 0xff, 0xae,
	0x33, 0x00, 0x00, 0x00, 0x00, 0x00, 0x00, 0x00, 0x00, 0x00, 0x33, 0xff, 0xff, 0xda, 0x19, 0x00,
	0x00, 0x00, 0x00, 0x00, 0x00, 0x00, 0x00, 0x00, 0x00, 0x00, 0x33, 0xff, 0xff, 0xff, 0xda, 0x4e,
	0x0c, 0x00, 0x00, 0x00, 0x00, 0x00, 0x00, 0x00, 0x00, 0x00, 0x19, 0xae, 0xff, 0xff, 0xff, 0xff,
	0xff, 0x6b, 0x0c, 0x00, 0x00, 0x00, 0x00, 0x00, 0x00, 0x00, 0x00, 0x00, 0x33, 0x9c, 0xff, 0xff,
	0xff, 0xff, 0xff, 0x8b, 0x19, 0x00, 0x00, 0x00, 0x00, 0x00, 0x00, 0x00, 0x00, 0x00, 0x19, 0x8b,
	0xff, 0xff, 0xff, 0xff, 0xff, 0x9c, 0x33, 0x00, 0x00, 0x00, 0x00, 0x00, 0x00, 0x00, 0x00, 0x00,
	0x19, 0x8b, 0xff, 0xff, 0xff, 0xff, 0xff, 0xae, 0x4e, 0x00, 0x00, 0x00, 0x00, 0x00, 0x00, 0x00,
	0x00, 0x00, 0x19, 0x8b, 0xff, 0xff, 0xff, 0xff, 0xff, 0x0c, 0x00, 0x00, 0x00, 0x00, 0x00, 0x00,
	0x00, 0x00, 0x00, 0x00, 0x0c, 0x6b, 0xff, 0xff, 0x7a, 0x00, 0x00, 0x00, 0x00, 0x00, 0x00, 0x00,
	0x00, 0x00, 0x00, 0x00, 0x00, 0x00, 0x0c, 0x6b, 0x19, 0x00, 0x4e, 0x6b, 0x6b, 0x6b, 0x6b, 0x6b,
	0x6b, 0x6b, 0x6b, 0x6b, 0x6b, 0x6b, 0x6b, 0x4e, 0xae, 0xff, 0xff, 0xff, 0xff, 0xff, 0xff, 0xff,
	0xff, 0xff, 0xff, 0xff, 0xff, 0xae, 0xae, 0xff, 0xff, 0xff, 0xff, 0xff, 0xff, 0xff, 0xff, 0xff,
	0xff, 0xff, 0xff, 0xae, 0x4e, 0x6b, 0x6b, 0x6b, 0x6b, 0x6b, 0x6b, 0x6b, 0x6b, 0x6b, 0x6b, 0x6b,
	0x6b, 0x4e, 0x00, 0x00, 0x00, 0x00, 0x00, 0x00, 0x00, 0x00, 0x00, 0x00, 0x00, 0x00, 0x00, 0x00,
	0x00, 0x00, 0x00, 0x00, 0x00, 0x00, 0x00, 0x00, 0x00, 0x00, 0x00, 0x00, 0x00, 0x00, 0x00, 0x00,
	0x00, 0x00, 0x00, 0x00, 0x00, 0x00, 0x00, 0x00, 0x00, 0x00, 0x00, 0x00, 0x4e, 0x6b, 0x6b, 0x6b,
	0x6b, 0x6b, 0x6b, 0x6b, 0x6b, 0x6b, 0x6b, 0x6b, 0x6b, 0x4e, 0xae, 0xff, 0xff, 0xff, 0xff, 0xff,
	0xff, 0xff, 0xff, 0xff, 0xff, 0xff, 0xff, 0xae, 0xae, 0xff, 0xff, 0xff, 0xff, 0xff, 0xff, 0xff,
	0xff, 0xff, 0xff, 0xff, 0xff, 0xae, 0x4e, 0x6b, 0x6b, 0x6b, 0x6b, 0x6b, 0x6b, 0x6b, 0x6b, 0x6b,
	0x6b, 0x6b, 0x6b, 0x4e, 0x00, 0x0c, 0x33, 0x00, 0x00, 0x00, 0x00, 0x00, 0x00, 0x00, 0x00, 0x00,
	0x00, 0x00, 0x00, 0x00, 0x00, 0x4e, 0xff, 0xae, 0x33, 0x00, 0x00, 0x00, 0x00, 0x00, 0x00, 0x00,
	0x00, 0x00, 0x00, 0x00, 0x00, 0xda, 0xff, 0xff, 0xff, 0xae, 0x33, 0x00, 0x00, 0x00, 0x00, 0x00,
	0x00, 0x00, 0x00, 0x00, 0x0c, 0x9c, 0xff, 0xff, 0xff, 0xff, 0xff, 0xae, 0x40, 0x00, 0x00, 0x00,
	0x00, 0x00, 0x00, 0x00, 0x00, 0x00, 0x19, 0x8b, 0xff, 0xff, 0xff, 0xff, 0xff, 0xda, 0x4e, 0x00,
	0x00, 0x00, 0x00, 0x00, 0x00, 0x00, 0x00, 0x00, 0x0c, 0x6b, 0xda, 0xff, 0xff, 0xff, 0xff, 0xda,
	0x4e, 0x00, 0x00, 0x00, 0x00, 0x00, 0x00, 0x00, 0x00, 0x00, 0x00, 0x4e, 0xc3, 0xff, 0xff, 0xff,
	0xff, 0xda, 0x4e, 0x0c, 0x00, 0x00, 0x00, 0x00, 0x00, 0x00, 0x00, 0x00, 0x00, 0x33, 0xae, 0xff,
	0xff, 0xff, 0xff, 0x33, 0x00, 0x00, 0x00, 0x00, 0x00, 0x00, 0x00, 0x00, 0x00, 0x00, 0x00, 0x19,
	0xda, 0xff, 0xff, 0x33, 0x00, 0x00, 0x00, 0x00, 0x00, 0x00, 0x00, 0x00, 0x00, 0x0c, 0x4e, 0xda,
	0xff, 0xff, 0xff, 0x33, 0x00, 0x00, 0x00, 0x00, 0x00, 0x00, 0x00, 0x0c, 0x6b, 0xff, 0xff, 0xff,
	0xff, 0xff, 0xae, 0x19, 0x00, 0x00, 0x00, 0x00, 0x00, 0x19, 0x8b, 0xff, 0xff, 0xff, 0xff, 0xff,
	0x9c, 0x33, 0x00, 0x00, 0x00, 0x00, 0x00, 0x33, 0x9c, 0xff, 0xff, 0xff, 0xff, 0xff, 0x8b, 0x19,
	0x00, 0x00, 0x00, 0x00, 0x00, 0x4e, 0xae, 0xff, 0xff, 0xff, 0xff, 0xff, 0x8b, 0x19, 0x00, 0x00,
	0x00, 0x00, 0x00, 0x00, 0x0c, 0xff, 0xff, 0xff, 0xff, 0xff, 0x8b, 0x19, 0x00, 0x00, 0x00, 0x00,
	0x00, 0x00, 0x00, 0x00, 0x00, 0x7a, 0xff, 0xff, 0x6b, 0x0c, 0x00, 0x00, 0x00, 0x00, 0x00, 0x00,
	0x00, 0x00, 0x00, 0x00, 0x00, 0x19, 0x6b, 0x0c, 0x00, 0x00, 0x00, 0x00, 0x00, 0x00, 0x00, 0x00,
	0x00, 0x00, 0x00, 0x00, 0x00, 0x00, 0x00, 0x0c, 0x5c, 0xae, 0xff, 0xff, 0xff, 0xc3, 0x7a, 0x19,
	0x00, 0x00, 0x00, 0x00, 0x00, 0x5c, 0xff, 0xff, 0xff, 0xff, 0xff, 0xff, 0xff, 0xff, 0xff, 0x4e,
	0x00, 0x00, 0x00, 0x8b, 0xff, 0xff, 0xff, 0xff, 0xff, 0xff, 0xff, 0xff, 0xff, 0xff, 0xff, 0x4e,
	0x00, 0x8b, 0xff, 0xff, 0xff, 0xae, 0x40, 0x0c, 0x00, 0x19, 0x6b, 0xff, 0xff, 0xff, 0xff, 0x00,
	0x33, 0xff, 0xff, 0x5c, 0x00, 0x00, 0x00, 0x00, 0x00, 0x00, 0x5c, 0xff, 0xff, 0xff, 0x33, 0x00,
	0x0c, 0x4e, 0x00, 0x00, 0x00, 0x00, 0x00, 0x00, 0x00, 0x0c, 0xff, 0xff, 0xff, 0x6b, 0x00, 0x00,
	0x00, 0x00, 0x00, 0x00, 0x00, 0x00, 0x00, 0x00, 0x00, 0xff, 0xff, 0xff, 0x5c, 0x00, 0x00, 0x00,
	0x00, 0x00, 0x00, 0x00, 0x00, 0x00, 0x00, 0x4e, 0xff, 0xff, 0xff, 0x26, 0x00, 0x00, 0x00, 0x00,
	0x00, 0x00, 0x00, 0x00, 0x00, 0x33, 0xff, 0xff, 0xff, 0xae, 0x00, 0x00, 0x00, 0x00, 0x00, 0x00,
	0x00, 0x00, 0x00, 0x6b, 0xff, 0xff, 0xff, 0xff, 0x26, 0x00, 0x00, 0x00, 0x00, 0x00, 0x00, 0x00,
	0x0c, 0xc3, 0xff, 0xff, 0xff, 0xc3, 0x19, 0x00, 0x00, 0x00, 0x00, 0x00, 0x00, 0x00, 0x0c, 0xc3,
	0xff, 0xff, 0xff, 0x7a, 0x00, 0x00, 0x00, 0x00, 0x00, 0x00, 0x00, 0x00, 0x00, 0x8b, 0xff, 0xff,
	0xff, 0x4e, 0x00, 0x00, 0x00, 0x00, 0x00, 0x00, 0x00, 0x00, 0x00, 0x0c, 0xff, 0xff, 0xff, 0x6b,
	0x00, 0x00, 0x00, 0x00, 0x00, 0x00, 0x00, 0x00, 0x00, 0x00, 0x33, 0xff, 0xff, 0xff, 0x0c, 0x00,
	0x00, 0x00, 0x00, 0x00, 0x00, 0x00, 0x00, 0x00, 0x00, 0x33, 0xff, 0xff, 0xff, 0x00, 0x00, 0x00,
	0x00, 0x00, 0x00, 0x00, 0x00, 0x00, 0x00, 0x00, 0x33, 0xff, 0xff, 0xff, 0x00, 0x00, 0x00, 0x00,
	0x00, 0x00, 0x00, 0x00, 0x00, 0x00, 0x00, 0x0c, 0x33, 0x33, 0x33, 0x00, 0x00, 0x00, 0x00, 0x00,
	0x00, 0x00, 0x00, 0x00, 0x00, 0x00, 0x00, 0x00, 0x00, 0x00, 0x00, 0x00, 0x00, 0x00, 0x00, 0x00,
	0x00, 0x00, 0x00, 0x00, 0x00, 0x00, 0x00, 0x00, 0x00, 0x00, 0x00, 0x00, 0x00, 0x00, 0x00, 0x00,
	0x00, 0x00, 0x00, 0x00, 0x00, 0x00, 0x00, 0x00, 0x00, 0x00, 0x00, 0x00, 0x00, 0x00, 0x00, 0x00,
	0x00, 0x00, 0x00, 0x26, 0xda, 0xff, 0xae, 0x0c, 0x00, 0x00, 0x00, 0x00, 0x00, 0x00, 0x00, 0x00,
	0x00, 0x00, 0xda, 0xff, 0xff, 0xff, 0x9c, 0x00, 0x00, 0x00, 0x00, 0x00, 0x00, 0x00, 0x00, 0x00,
	0x00, 0xff, 0xff, 0xff, 0xff, 0xff, 0x00, 0x00, 0x00, 0x00, 0x00, 0x00, 0x00, 0x00, 0x00, 0x00,
	0xda, 0xff, 0xff, 0xff, 0x9c, 0x00, 0x00, 0x00, 0x00, 0x00, 0x00, 0x00, 0x00, 0x00, 0x00, 0x26,
	0xda, 0xff, 0xae, 0x0c, 0x00, 0x00, 0x00, 0x00, 0x00, 0x00, 0x00, 0x00, 0x00, 0x00, 0x00, 0x00,
	0x00, 0x00, 0x00, 0x00, 0x00, 0x26, 0x5c, 0x9c, 0xc3, 0xff, 0xff, 0xff, 0xff, 0xc3, 0x9c, 0x6b,
	0x26, 0x00, 0x00, 0x00, 0x00, 0x00, 0x00, 0x00, 0x00, 0x00, 0x00, 0x00, 0x00, 0x00, 0x00, 0x00,
	0x00, 0x00, 0x00, 0x00, 0x4e, 0xc3, 0xff, 0xff, 0xff, 0xff, 0xff, 0xff, 0xff, 0xff, 0xff, 0xff,
	0xff, 0xff, 0xda, 0x4e, 0x00, 0x00, 0x00, 0x00, 0x00, 0x00, 0x00, 0x00, 0x00, 0x00, 0x00, 0x00,
	0x00, 0x00, 0x00, 0x26, 0xc3, 0xff, 0xff, 0xff, 0xff, 0xff, 0xff, 0xff, 0xff, 0xff, 0xff, 0xff,
	0xff, 0xff, 0xff, 0xff, 0xff, 0xc3, 0x26, 0x00, 0x00, 0x00, 0x00, 0x00, 0x00, 0x00, 0x00, 0x00,
	0x00, 0x00, 0x00, 0x4e, 0xff, 0xff, 0xff, 0xff, 0xff, 0x9c, 0x4e, 0x33, 0x00, 0x00, 0x00, 0x00,
	0x33, 0x4e, 0x8b, 0xff, 0xff, 0xff, 0xff, 0xff, 0x4e, 0x00, 0x00, 0x00, 0x00, 0x00, 0x00, 0x00,
	0x00, 0x00, 0x00, 0x7a, 0xff, 0xff, 0xff, 0xff, 0x6b, 0x0c, 0x00, 0x00, 0x00, 0x00, 0x00, 0x00,
	0x00, 0x00, 0x00, 0x00, 0x0c, 0x6b, 0xff, 0xff, 0xff, 0xff, 0x4e, 0x00, 0x00, 0x00, 0x00, 0x00,
	0x00, 0x00, 0x00, 0x4e, 0xff, 0xff, 0xff, 0xc3, 0x26, 0x00, 0x00, 0x00, 0x00, 0x00, 0x00, 0x00,
	0x00, 0x00, 0x00, 0x00, 0x00, 0x00, 0x00, 0x26, 0xc3, 0xff, 0xff, 0xff, 0x33, 0x00, 0x00, 0x00,
	0x00, 0x00, 0x00, 0x33, 0xff, 0xff, 0xff, 0xc3, 0x0c, 0x00, 0x00, 0x00, 0x00, 0x00, 0x00, 0x00,
	0x00, 0x00, 0x00, 0x00, 0x00, 0x00, 0x00, 0x00, 0x00, 0x0c, 0xc3, 0xff, 0xff, 0xda, 0x0c, 0x00,
	0x00, 0x00, 0x00, 0x00, 0xda, 0xff, 0xff, 0xda, 0x0c, 0x00, 0x00, 0x00, 0x00, 0x00, 0x00, 0x00,
	0x00, 0x00, 0x00, 0x00, 0x00, 0x00, 0x00, 0x00, 0x00, 0x00, 0x00, 0x26, 0xff, 0xff, 0xff, 0x6b,
	0x00, 0x00, 0x00, 0x00, 0x6b, 0xff, 0xff, 0xff, 0x33, 0x00, 0x00, 0x00, 0x00, 0x00, 0x00, 0x33,
	0x8b, 0xda, 0xff, 0xff, 0xda, 0x9c, 0x40, 0x00, 0x00, 0x00, 0x00, 0x00, 0x00, 0x6b, 0xff, 0xff,
	0xff, 0x00, 0x00, 0x00, 0x00, 0xff, 0xff, 0xff, 0x8b, 0x00, 0x00, 0x00, 0x00, 0x00, 0x0c, 0x8b,
	0xff, 0xff, 0xff, 0xff, 0xff, 0xff, 0xff, 0xff, 0xc3, 0x26, 0x00, 0x00, 0x00, 0x00, 0x19, 0xff,
	0xff, 0xff, 0x4e, 0x00, 0x00, 0x4e, 0xff, 0xff, 0xff, 0x19, 0x00, 0x00, 0x00, 0x00, 0x00, 0x9c,
	0xff, 0xff, 0xff, 0xff, 0xff, 0xff, 0xff, 0xff, 0xff, 0xff, 0x6b, 0x00, 0x00, 0x00, 0x00, 0x00,
	0x9c, 0xff, 0xff, 0x8b, 0x00, 0x00, 0x9c, 0xff, 0xff, 0xc3, 0x00, 0x00, 0x00, 0x00, 0x00, 0x6b,
	0xff, 0xff, 0xff, 0x9c, 0x26, 0x00, 0x00, 0x26, 0xae, 0xff, 0xff, 0x6b, 0x00, 0x00, 0x00, 0x00,
	0x00, 0x6b, 0xff, 0xff, 0xda, 0x00, 0x00, 0xff, 0xff, 0xff, 0x5c, 0x00, 0x00, 0x00, 0x00, 0x00,
	0xff, 0xff, 0xff, 0x9c, 0x00, 0x00, 0x00, 0x00, 0x00, 0x6b, 0xff, 0xff, 0x6b, 0x00, 0x00, 0x00,
	0x00, 0x00, 0x33, 0xff, 0xff, 0xff, 0x00, 0x26, 0xff, 0xff, 0xff, 0x33, 0x00, 0x00, 0x00, 0x00,
	0x4e, 0xff, 0xff, 0xff, 0x0c, 0x00, 0x00, 0x00, 0x00, 0x00, 0x6b, 0xff, 0xff, 0x6b, 0x00, 0x00,
	0x00, 0x00, 0x00, 0x33, 0xff, 0xff, 0xff, 0x26, 0x33, 0xff, 0xff, 0xff, 0x00, 0x00, 0x00, 0x00,
	0x00, 0x7a, 0xff, 0xff, 0x9c, 0x00, 0x00, 0x00, 0x00, 0x00, 0x00, 0x6b, 0xff, 0xff, 0x6b, 0x00,
	0x00, 0x00, 0x00, 0x00, 0x33, 0xff, 0xff, 0xff, 0x33, 0x6b, 0xff, 0xff, 0xff, 0x00, 0x00, 0x00,
	0x00, 0x00, 0xae, 0xff, 0xff, 0x6b, 0x00, 0x00, 0x00, 0x00, 0x00, 0x00, 0x6b, 0xff, 0xff, 0x6b,
	0x00, 0x00, 0x00, 0x00, 0x00, 0x33, 0xff, 0xff, 0xff, 0x33, 0x6b, 0xff, 0xff, 0xff, 0x00, 0x00,
	0x00, 0x00, 0x00, 0xc3, 0xff, 0xff, 0x4e, 0x00, 0x00, 0x00, 0x00, 0x00, 0x00, 0x6b, 0xff, 0xff,
	0x6b, 0x00, 0x00, 0x00, 0x00, 0x00, 0x33, 0xff, 0xff, 0xff, 0x26, 0x6b, 0xff, 0xff, 0xff, 0x00,
	0x00, 0x00, 0x00, 0x00, 0xff, 0xff, 0xff, 0x33, 0x00, 0x00, 0x00, 0x00, 0x00, 0x00, 0x6b, 0xff,
	0xff, 0x6b, 0x00, 0x00, 0x00, 0x00, 0x00, 0x33, 0xff, 0xff, 0xff, 0x00, 0x6b, 0xff, 0xff, 0xff,
	0x00, 0x00, 0x00, 0x00, 0x00, 0xff, 0xff, 0xff, 0x40, 0x00, 0x00, 0x00, 0x00, 0x00, 0x00, 0x6b,
	0xff, 0xff, 0x6b, 0x00, 0x00, 0x00, 0x00, 0x00, 0x5c, 0xff, 0xff, 0xff, 0x00, 0x4e, 0xff, 0xff,
	0xff, 0x00, 0x00, 0x00, 0x00, 0x00, 0xae, 0xff, 0xff, 0x6b, 0x00, 0x00, 0x00, 0x00, 0x00, 0x00,
	0x6b, 0xff, 0xff, 0x6b, 0x00, 0x00, 0x00, 0x00, 0x00, 0x8b, 0xff, 0xff, 0x9c, 0x00, 0x33, 0xff,
	0xff, 0xff, 0x26, 0x00, 0x00, 0x00, 0x00, 0x8b, 0xff, 0xff, 0x9c, 0x00, 0x00, 0x00, 0x00, 0x00,
	0x00, 0x8b, 0xff, 0xff, 0xae, 0x00, 0x00, 0x00, 0x00, 0x00, 0xda, 0xff, 0xff, 0x4e, 0x00, 0x0c,
	0xff, 0xff, 0xff, 0x4e, 0x00, 0x00, 0x00, 0x00, 0x4e, 0xff, 0xff, 0xff, 0x19, 0x00, 0x00, 0x00,
	0x00, 0x26, 0xff, 0xff, 0xff, 0xda, 0x00, 0x00, 0x00, 0x00, 0x5c, 0xff, 0xff, 0xff, 0x0c, 0x00,
	0x00, 0xc3, 0xff, 0xff, 0x8b, 0x00, 0x00, 0x00, 0x00, 0x0c, 0xff, 0xff, 0xff, 0xc3, 0x33, 0x00,
	0x0c, 0x4e, 0xff, 0xff, 0x8b, 0xff, 0xff, 0x8b, 0x0c, 0x00, 0x5c, 0xff, 0xff, 0xff, 0x8b, 0x00,
	0x00, 0x00, 0x7a, 0xff, 0xff, 0xff, 0x0c, 0x00, 0x00, 0x00, 0x00, 0x5c, 0xff, 0xff, 0xff, 0xff,
	0xff, 0xff, 0xff, 0xff, 0x9c, 0x00, 0xda, 0xff, 0xff, 0xff, 0xff, 0xff, 0xff, 0xff, 0xff, 0x0c,
	0x00, 0x00, 0x00, 0x19, 0xff, 0xff, 0xff, 0x6b, 0x00, 0x00, 0x00, 0x00, 0x00, 0x8b, 0xff, 0xff,
	0xff, 0xff, 0xff, 0xff, 0xc3, 0x0c, 0x00, 0x33, 0xff, 0xff, 0xff, 0xff, 0xff, 0xff, 0xff, 0x26,
	0x00, 0x00, 0x00, 0x00, 0x00, 0x9c, 0xff, 0xff, 0xff, 0x0c, 0x00, 0x00, 0x00, 0x00, 0x00, 0x40,
	0x9c, 0xff, 0xff, 0xda, 0x6b, 0x0c, 0x00, 0x00, 0x00, 0x33, 0x9c, 0xff, 0xff, 0xda, 0x7a, 0x0c,
	0x00, 0x00, 0x00, 0x00, 0x00, 0x00, 0x19, 0xff, 0xff, 0xff, 0x9c, 0x00, 0x00, 0x00, 0x00, 0x00,
	0x00, 0x00, 0x00, 0x00, 0x00, 0x00, 0x00, 0x00, 0x00, 0x00, 0x00, 0x00, 0x00, 0x00, 0x00, 0x00,
	0x00, 0x00, 0x00, 0x00, 0x00, 0x00, 0x00, 0x00, 0x6b, 0xff, 0xff, 0xff, 0x8b, 0x00, 0x00, 0x00,
	0x00, 0x00, 0x00, 0x00, 0x00, 0x00, 0x00, 0x00, 0x00, 0x00, 0x00, 0x00, 0x00, 0x00, 0x00, 0x00,
	0x00, 0x00, 0x00, 0x00, 0x00, 0x00, 0x00, 0x00, 0x00, 0x00, 0xae, 0xff, 0xff, 0xff, 0x9c, 0x0c,
	0x00, 0x00, 0x00, 0x00, 0x00, 0x00, 0x00, 0x00, 0x00, 0x00, 0x00, 0x00, 0x00, 0x00, 0x00, 0x00,
	0x00, 0x00, 0x00, 0x00, 0x00, 0x00, 0x00, 0x00, 0x00, 0x00, 0x00, 0x0c, 0xc3, 0xff, 0xff, 0xff,
	0xff, 0x4e, 0x00, 0x00, 0x00, 0x00, 0x00, 0x00, 0x00, 0x00, 0x00, 0x00, 0x00, 0x00, 0x0c, 0x00,
	0x00, 0x00, 0x00, 0x00, 0x00, 0x00, 0x00, 0x00, 0x00, 0x00, 0x00, 0x00, 0x00, 0x0c, 0x9c, 0xff,
	0xff, 0xff, 0xff, 0xff, 0x8b, 0x40, 0x26, 0x00, 0x00, 0x00, 0x00, 0x26, 0x40, 0x6b, 0xae, 0xff,
	0x0c, 0x00, 0x00, 0x00, 0x00, 0x00, 0x00, 0x00, 0x00, 0x00, 0x00, 0x00, 0x00, 0x00, 0x00, 0x00,
	0x5c, 0xff, 0xff, 0xff, 0xff, 0xff, 0xff, 0xff, 0xff, 0xff, 0xff, 0xff, 0xff, 0xff, 0xff, 0xff,
	0xff, 0x4e, 0x00, 0x00, 0x00, 0x00, 0x00, 0x00, 0x00, 0x00, 0x00, 0x00, 0x00, 0x00, 0x00, 0x00,
	0x00, 0x00, 0x0c, 0x6b, 0xda, 0xff, 0xff, 0xff, 0xff, 0xff, 0xff, 0xff, 0xff, 0xff, 0xff, 0xff,
	0xff, 0xff, 0x6b, 0x00, 0x00, 0x00, 0x00, 0x00, 0x00, 0x00, 0x00, 0x00, 0x00, 0x00, 0x00, 0x00,
	0x00, 0x00, 0x00, 0x00, 0x00, 0x00, 0x33, 0x6b, 0xae, 0xda, 0xff, 0xff, 0xff, 0xff, 0xda, 0xae,
	0x6b, 0x33, 0x00, 0x00, 0x00, 0x00, 0x00, 0x00, 0x00, 0x00, 0x00, 0x00, 0x00, 0x00, 0x00, 0x00,
	0x00, 0x00, 0x00, 0x00, 0xff, 0xff, 0xff, 0xff, 0x8b, 0x00, 0x00, 0x00, 0x00, 0x00, 0x00, 0x00,
	0x00, 0x00, 0x00, 0x00, 0x00, 0x00, 0x00, 0x00, 0x40, 0xff, 0xff, 0xff, 0xff, 0xff, 0x00, 0x00,
	0x00, 0x00, 0x00, 0x00, 0x00, 0x00, 0x00, 0x00, 0x00, 0x00, 0x00, 0x00, 0x00, 0x8b, 0xff, 0xff,
	0xff, 0xff, 0xff, 0x33, 0x00, 0x00, 0x00, 0x00, 0x00, 0x00, 0x00, 0x00, 0x00, 0x00, 0x00, 0x00,
	0x00, 0x00, 0xda, 0xff, 0xff, 0xda, 0xff, 0xff, 0x7a, 0x00, 0x00, 0x00, 0x00, 0x00, 0x00, 0x00,
	0x00, 0x00, 0x00, 0x00, 0x00, 0x00, 0x26, 0xff, 0xff, 0xda, 0x4e, 0xff, 0xff, 0xda, 0x00, 0x00,
	0x00, 0x00, 0x00, 0x00, 0x00, 0x00, 0x00, 0x00, 0x00, 0x00, 0x00, 0x7a, 0xff, 0xff, 0x8b, 0x19,
	0xff, 0xff, 0xff, 0x19, 0x00, 0x00, 0x00, 0x00, 0x00, 0x00, 0x00, 0x00, 0x00, 0x00, 0x00, 0x00,
	0xc3, 0xff, 0xff, 0x4e, 0x00, 0xc3, 0xff, 0xff, 0x5c, 0x00, 0x00, 0x00, 0x00, 0x00, 0x00, 0x00,
	0x00, 0x00, 0x00, 0x00, 0x19, 0xff, 0xff, 0xff, 0x0c, 0x00, 0x7a, 0xff, 0xff, 0xc3, 0x00, 0x00,
	0x00, 0x00, 0x00, 0x00, 0x00, 0x00, 0x00, 0x00, 0x00, 0x5c, 0xff, 0xff, 0xc3, 0x00, 0x00, 0x33,
	0xff, 0xff, 0xff, 0x0c, 0x00, 0x00, 0x00, 0x00, 0x00, 0x00, 0x00, 0x00, 0x00, 0x00, 0x9c, 0xff,
	0xff, 0x6b, 0x00, 0x00, 0x00, 0xff, 0xff, 0xff, 0x4e, 0x00, 0x00, 0x00, 0x00, 0x00, 0x00, 0x00,
	0x00, 0x00, 0x0c, 0xff, 0xff, 0xff, 0x26, 0x00, 0x00, 0x00, 0x9c, 0xff, 0xff, 0x9c, 0x00, 0x00,
	0x00, 0x00, 0x00, 0x00, 0x00, 0x00, 0x00, 0x4e, 0xff, 0xff, 0xff, 0x00, 0x00, 0x00, 0x00, 0x5c,
	0xff, 0xff, 0xff, 0x00, 0x00, 0x00, 0x00, 0x00, 0x00, 0x00, 0x00, 0x00, 0x8b, 0xff, 0xff, 0x8b,
	0x00, 0x00, 0x00, 0x00, 0x19, 0xff, 0xff, 0xff, 0x40, 0x00, 0x00, 0x00, 0x00, 0x00, 0x00, 0x00,
	0x00, 0xff, 0xff, 0xff, 0x4e, 0x00, 0x00, 0x00, 0x00, 0x00, 0xda, 0xff, 0xff, 0x8b, 0x00, 0x00,
	0x00, 0x00, 0x00, 0x00, 0x00, 0x40, 0xff, 0xff, 0xff, 0x0c, 0x00, 0x00, 0x00, 0x00, 0x00, 0x7a,
	0xff, 0xff, 0xda, 0x00, 0x00, 0x00, 0x00, 0x00, 0x00, 0x00, 0x7a, 0xff, 0xff, 0xc3, 0x00, 0x00,
	0x00, 0x00, 0x00, 0x00, 0x40, 0xff, 0xff, 0xff, 0x26, 0x00, 0x00, 0x00, 0x00, 0x00, 0x00, 0xda,
	0xff, 0xff, 0x6b, 0x00, 0x00, 0x00, 0x00, 0x00, 0x00, 0x0c, 0xff, 0xff, 0xff, 0x7a, 0x00, 0x00,
	0x00, 0x00, 0x00, 0x26, 0xff, 0xff, 0xff, 0xff, 0xff, 0xff, 0xff, 0xff, 0xff, 0xff, 0xff, 0xff,
	0xff, 0xff, 0xc3, 0x00, 0x00, 0x00, 0x00, 0x00, 0x5c, 0xff, 0xff, 0xff, 0xff, 0xff, 0xff, 0xff,
	0xff, 0xff, 0xff, 0xff, 0xff, 0xff, 0xff, 0xff, 0x19, 0x00, 0x00, 0x00, 0x00, 0xc3, 0xff, 0xff,
	0xff, 0xff, 0xff, 0xff, 0xff, 0xff, 0xff, 0xff, 0xff, 0xff, 0xff, 0xff, 0xff, 0x5c, 0x00, 0x00,
	0x00, 0x19, 0xff, 0xff, 0xff, 0x4e, 0x00, 0x00, 0x00, 0x00, 0x00, 0x00, 0x00, 0x00, 0x00, 0xda,
	0xff, 0xff, 0x9c, 0x00, 0x00, 0x00, 0x4e, 0xff, 0xff, 0xff, 0x0c, 0x00, 0x00, 0x00, 0x00, 0x00,
	0x00, 0x00, 0x00, 0x00, 0x8b, 0xff, 0xff, 0xff, 0x0c, 0x00, 0x00, 0x9c, 0xff, 0xff, 0xc3, 0x00,
	0x00, 0x00, 0x00, 0x00, 0x00, 0x00, 0x00, 0x00, 0x00, 0x40, 0xff, 0xff, 0xff, 0x4e, 0x00, 0x0c,
	0xff, 0xff, 0xff, 0x5c, 0x00, 0x00, 0x00, 0x00, 0x00, 0x00, 0x00, 0x00, 0x00, 0x00, 0x00, 0xff,
	0xff, 0xff, 0x8b, 0x00, 0x40, 0xff, 0xff, 0xff, 0x19, 0x00, 0x00, 0x00, 0x00, 0x00, 0x00, 0x00,
	0x00, 0x00, 0x00, 0x00, 0x8b, 0xff, 0xff, 0xff, 0x00, 0x8b, 0xff, 0xff, 0xc3, 0x00, 0x00, 0x00,
	0x00, 0x00, 0x00, 0x00, 0x00, 0x00, 0x00, 0x00, 0x00, 0x4e, 0xff, 0xff, 0xff, 0x40, 0x6b, 0xff,
	0xff, 0xff, 0xff, 0xff, 0xff, 0xff, 0xff, 0xae, 0x8b, 0x4e, 0x0c, 0x00, 0x00, 0x00, 0x00, 0x00,
	0x6b, 0xff, 0xff, 0xff, 0xff, 0xff, 0xff, 0xff, 0xff, 0xff, 0xff, 0xff, 0xff, 0x6b, 0x00, 0x00,
	0x00, 0x00, 0x6b, 0xff, 0xff, 0xff, 0xff, 0xff, 0xff, 0xff, 0xff, 0xff, 0xff, 0xff, 0xff, 0xff,
	0x8b, 0x00, 0x00, 0x00, 0x6b, 0xff, 0xff, 0xff, 0x00, 0x00, 0x00, 0x00, 0x0c, 0x33, 0x7a, 0xff,
	0xff, 0xff, 0xff, 0x6b, 0x00, 0x00, 0x6b, 0xff, 0xff, 0xff, 0x00, 0x00, 0x00, 0x00, 0x00, 0x00,
	0x00, 0x0c, 0xff, 0xff, 0xff, 0xda, 0x00, 0x00, 0x6b, 0xff, 0xff, 0xff, 0x00, 0x00, 0x00, 0x00,
	0x00, 0x00, 0x00, 0x00, 0x6b, 0xff, 0xff, 0xff, 0x19, 0x00, 0x6b, 0xff, 0xff, 0xff, 0x00, 0x00,
	0x00, 0x00, 0x00, 0x00, 0x00, 0x00, 0x33, 0xff, 0xff, 0xff, 0x33, 0x00, 0x6b, 0xff, 0xff, 0xff,
	0x00, 0x00, 0x00, 0x00, 0x00, 0x00, 0x00, 0x00, 0x40, 0xff, 0xff, 0xff, 0x19, 0x00, 0x6b, 0xff,
	0xff, 0xff, 0x00, 0x00, 0x00, 0x00, 0x00, 0x00, 0x00, 0x00, 0x8b, 0xff, 0xff, 0xff, 0x00, 0x00,
	0x6b, 0xff, 0xff, 0xff, 0x00, 0x00, 0x00, 0x00, 0x00, 0x00, 0x00, 0x26, 0xff, 0xff, 0xff, 0x6b,
	0x00, 0x00, 0x6b, 0xff, 0xff, 0xff, 0x00, 0x00, 0x00, 0x00, 0x00, 0x26, 0x8b, 0xff, 0xff, 0xff,
	0xc3, 0x00, 0x00, 0x00, 0x6b, 0xff, 0xff, 0xff, 0xff, 0xff, 0xff, 0xff, 0xff, 0xff, 0xff, 0xff,
	0xff, 0x7a, 0x00, 0x00, 0x00, 0x00, 0x6b, 0xff, 0xff, 0xff, 0xff, 0xff, 0xff, 0xff, 0xff, 0xff,
	0xff, 0xff, 0x6b, 0x19, 0x00, 0x00, 0x00, 0x00, 0x6b, 0xff, 0xff, 0xff, 0xff, 0xff, 0xff, 0xff,
	0xff, 0xff, 0xff, 0xff, 0xff, 0xff, 0x8b, 0x0c, 0x00, 0x00, 0x6b, 0xff, 0xff, 0xff, 0x00, 0x00,
	0x00, 0x00, 0x00, 0x0c, 0x40, 0xae, 0xff, 0xff, 0xff, 0xc3, 0x0c, 0x00, 0x6b, 0xff, 0xff, 0xff,
	0x00, 0x00, 0x00, 0x00, 0x00, 0x00, 0x00, 0x00, 0x4e, 0xff, 0xff, 0xff, 0x8b, 0x00, 0x6b, 0xff,
	0xff, 0xff, 0x00, 0x00, 0x00, 0x00, 0x00, 0x00, 0x00, 0x00, 0x00, 0xae, 0xff, 0xff, 0xff, 0x00,
	0x6b, 0xff, 0xff, 0xff, 0x00, 0x00, 0x00, 0x00, 0x00, 0x00, 0x00, 0x00, 0x00, 0x5c, 0xff, 0xff,
	0xff, 0x33, 0x6b, 0xff, 0xff, 0xff, 0x00, 0x00, 0x00, 0x00, 0x00, 0x00, 0x00, 0x00, 0x00, 0x33,
	0xff, 0xff, 0xff, 0x33, 0x6b, 0xff, 0xff, 0xff, 0x00, 0x00, 0x00, 0x00, 0x00, 0x00, 0x00, 0x00,
	0x00, 0x4e, 0xff, 0xff, 0xff, 0x33, 0x6b, 0xff, 0xff, 0xff, 0x00, 0x00, 0x00, 0x00, 0x00, 0x00,
	0x00, 0x00, 0x00, 0x8b, 0xff, 0xff, 0xff, 0x19, 0x6b, 0xff, 0xff, 0xff, 0x00, 0x00, 0x00, 0x00,
	0x00, 0x00, 0x00, 0x00, 0x26, 0xff, 0xff, 0xff, 0xc3, 0x00, 0x6b, 0xff, 0xff, 0xff, 0x00, 0x00,
	0x00, 0x00, 0x00, 0x19, 0x40, 0x8b, 0xff, 0xff, 0xff, 0xff, 0x40, 0x00, 0x6b, 0xff, 0xff, 0xff,
	0xff, 0xff, 0xff, 0xff, 0xff, 0xff, 0xff, 0xff, 0xff, 0xff, 0xff, 0x8b, 0x00, 0x00, 0x6b, 0xff,
	0xff, 0xff, 0xff, 0xff, 0xff, 0xff, 0xff, 0xff, 0xff, 0xff, 0xff, 0xff, 0x40, 0x00, 0x00, 0x00,
	0x6b, 0xff, 0xff, 0xff, 0xff, 0xff, 0xff, 0xff, 0xff, 0xff, 0xae, 0x8b, 0x40, 0x00, 0x00, 0x00,
	0x00, 0x00, 0x00, 0x00, 0x00, 0x00, 0x00, 0x00, 0x33, 0x8b, 0xc3, 0xff, 0xff, 0xff, 0xc3, 0x7a,
	0x19, 0x00, 0x00, 0x00, 0x00, 0x00, 0x00, 0x00, 0x26, 0xae, 0xff, 0xff, 0xff, 0xff, 0xff, 0xff,
	0xff, 0xff, 0xff, 0x8b, 0x0c, 0x00, 0x00, 0x00, 0x00, 0x26, 0xff, 0xff, 0xff, 0xff, 0xff, 0xff,
	0xff, 0xff, 0xff, 0xff, 0xff, 0xff, 0xda, 0x0c, 0x00, 0x00, 0x26, 0xff, 0xff, 0xff, 0xff, 0xae,
	0x40, 0x0c, 0x00, 0x0c, 0x40, 0xae, 0xff, 0xff, 0x4e, 0x00, 0x00, 0x00, 0xda, 0xff, 0xff, 0xff,
	0x4e, 0x00, 0x00, 0x00, 0x00, 0x00, 0x00, 0x00, 0x40, 0x8b, 0x00, 0x00, 0x00, 0x6b, 0xff, 0xff,
	0xff, 0x5c, 0x00, 0x00, 0x00, 0x00, 0x00, 0x00, 0x00, 0x00, 0x00, 0x00, 0x00, 0x00, 0x00, 0xda,
	0xff, 0xff, 0xae, 0x00, 0x00, 0x00, 0x00, 0x00, 0x00, 0x00, 0x00, 0x00, 0x00, 0x00, 0x00, 0x00,
	0x33, 0xff, 0xff, 0xff, 0x4e, 0x00, 0x00, 0x00, 0x00, 0x00, 0x00, 0x00, 0x00, 0x00, 0x00, 0x00,
	0x00, 0x00, 0x6b, 0xff, 0xff, 0xff, 0x0c, 0x00, 0x00, 0x00, 0x00, 0x00, 0x00, 0x00, 0x00, 0x00,
	0x00, 0x00, 0x00, 0x00, 0xae, 0xff, 0xff, 0xda, 0x00, 0x00, 0x00, 0x00, 0x00, 0x00, 0x00, 0x00,
	0x00, 0x00, 0x00, 0x00, 0x00, 0x00, 0xda, 0xff, 0xff, 0xae, 0x00, 0x00, 0x00, 0x00, 0x00, 0x00,
	0x00, 0x00, 0x00, 0x00, 0x00, 0x00, 0x00, 0x00, 0xff, 0xff, 0xff, 0xae, 0x00, 0x00, 0x00, 0x00,
	0x00, 0x00, 0x00, 0x00, 0x00, 0x00, 0x00, 0x00, 0x00, 0x00, 0xff, 0xff, 0xff, 0x6b, 0x00, 0x00,
	0x00, 0x00, 0x00, 0x00, 0x00, 0x00, 0x00, 0x00, 0x00, 0x00, 0x00, 0x00, 0xff, 0xff, 0xff, 0x6b,
	0x00, 0x00, 0x00, 0x00, 0x00, 0x00, 0x00, 0x00, 0x00, 0x00, 0x00, 0x00, 0x00, 0x00, 0xff, 0xff,
	0xff, 0xae, 0x00, 0x00, 0x00, 0x00, 0x00, 0x00, 0x00, 0x00, 0x00, 0x00, 0x00, 0x00, 0x00, 0x00,
	0xda, 0xff, 0xff, 0xae, 0x00, 0x00, 0x00, 0x00, 0x00, 0x00, 0x00, 0x00, 0x00, 0x00, 0x00, 0x00,
	0x00, 0x00, 0xae, 0xff, 0xff, 0xda, 0x00, 0x00, 0x00, 0x00, 0x00, 0x00, 0x00, 0x00, 0x00, 0x00,
	0x00, 0x00, 0x00, 0x00, 0x7a, 0xff, 0xff, 0xff, 0x0c, 0x00, 0x00, 0x00, 0x00, 0x00, 0x00, 0x00,
	0x00, 0x00, 0x00, 0x00, 0x00, 0x00, 0x40, 0xff, 0xff, 0xff, 0x4e, 0x00, 0x00, 0x00, 0x00, 0x00,
	0x00, 0x00, 0x00, 0x00, 0x00, 0x00, 0x00, 0x00, 0x00, 0xff, 0xff, 0xff, 0xda, 0x00, 0x00, 0x00,
	0x00, 0x00, 0x00, 0x00, 0x00, 0x00, 0x00, 0x00, 0x00, 0x00, 0x00, 0x6b, 0xff, 0xff, 0xff, 0x5c,
	0x00, 0x00, 0x00, 0x00, 0x00, 0x00, 0x00, 0x00, 0x00, 0x00, 0x00, 0x00, 0x00, 0x0c, 0xda, 0xff,
	0xff, 0xff, 0x4e, 0x00, 0x00, 0x00, 0x00, 0x00, 0x00, 0x00, 0x33, 0xda, 0x26, 0x00, 0x00, 0x00,
	0x26, 0xff, 0xff, 0xff, 0xff, 0xae, 0x40, 0x00, 0x00, 0x00, 0x40, 0xae, 0xff, 0xff, 0xda, 0x0c,
	0x00, 0x00, 0x00, 0x4e, 0xff, 0xff, 0xff, 0xff, 0xff, 0xff, 0xff, 0xff, 0xff, 0xff, 0xff, 0xff,
	0xff, 0x26, 0x00, 0x00, 0x00, 0x00, 0x26, 0xae, 0xff, 0xff, 0xff, 0xff, 0xff, 0xff, 0xff, 0xff,
	0xff, 0x9c, 0x0c, 0x00, 0x00, 0x00, 0x00, 0x00, 0x00, 0x00, 0x33, 0x8b, 0xc3, 0xff, 0xff, 0xff,
	0xae, 0x7a, 0x26, 0x00, 0x00, 0x00, 0x6b, 0xff, 0xff, 0xff, 0xff, 0xff, 0xff, 0xff, 0xae, 0x9c,
	0x5c, 0x19, 0x00, 0x00, 0x00, 0x00, 0x00, 0x00, 0x00, 0x6b, 0xff, 0xff, 0xff, 0xff, 0xff, 0xff,
	0xff, 0xff, 0xff, 0xff, 0xff, 0x9c, 0x26, 0x00, 0x00, 0x00, 0x00, 0x00, 0x6b, 0xff, 0xff, 0xff,
	0xff, 0xff, 0xff, 0xff, 0xff, 0xff, 0xff, 0xff, 0xff, 0xff, 0x6b, 0x00, 0x00, 0x00, 0x00, 0x6b,
	0xff, 0xff, 0xff, 0x00, 0x00, 0x00, 0x00, 0x19, 0x4e, 0x9c, 0xff, 0xff, 0xff, 0xff, 0x8b, 0x00,
	0x00, 0x00, 0x6b, 0xff, 0xff, 0xff, 0x00, 0x00, 0x00, 0x00, 0x00, 0x00, 0x00, 0x33, 0xff, 0xff,
	0xff, 0xff, 0x40, 0x00, 0x00, 0x6b, 0xff, 0xff, 0xff, 0x00, 0x00, 0x00, 0x00, 0x00, 0x00, 0x00,
	0x00, 0x33, 0xff, 0xff, 0xff, 0xda, 0x00, 0x00, 0x6b, 0xff, 0xff, 0xff, 0x00, 0x00, 0x00, 0x00,
	0x00, 0x00, 0x00, 0x00, 0x00, 0x8b, 0xff, 0xff, 0xff, 0x40, 0x00, 0x6b, 0xff, 0xff, 0xff, 0x00,
	0x00, 0x00, 0x00, 0x00, 0x00, 0x00, 0x00, 0x00, 0x26, 0xff, 0xff, 0xff, 0x8b, 0x00, 0x6b, 0xff,
	0xff, 0xff, 0x00, 0x00, 0x00, 0x00, 0x00, 0x00, 0x00, 0x00, 0x00, 0x00, 0xda, 0xff, 0xff, 0xc3,
	0x00, 0x6b, 0xff, 0xff, 0xff, 0x00, 0x00, 0x00, 0x00, 0x00, 0x00, 0x00, 0x00, 0x00, 0x00, 0x9c,
	0xff, 0xff, 0xff, 0x00, 0x6b, 0xff, 0xff, 0xff, 0x00, 0x00, 0x00, 0x00, 0x00, 0x00, 0x00, 0x00,
	0x00, 0x00, 0x6b, 0xff, 0xff, 0xff, 0x0c, 0x6b, 0xff, 0xff, 0xff, 0x00, 0x00, 0x00, 0x00, 0x00,
	0x00, 0x00, 0x00, 0x00, 0x00, 0x6b, 0xff, 0xff, 0xff, 0x33, 0x6b, 0xff, 0xff, 0xff, 0x00, 0x00,
	0x00, 0x00, 0x00, 0x00, 0x00, 0x00, 0x00, 0x00, 0x6b, 0xff, 0xff, 0xff, 0x33, 0x6b, 0xff, 0xff,
	0xff, 0x00, 0x00, 0x00, 0x00, 0x00, 0x00, 0x00, 0x00, 0x00, 0x00, 0x6b, 0xff, 0xff, 0xff, 0x33,
	0x6b, 0xff, 0xff, 0xff, 0x00, 0x00, 0x00, 0x00, 0x00, 0x00, 0x00, 0x00, 0x00, 0x00, 0x6b, 0xff,
	0xff, 0xff, 0x33, 0x6b, 0xff, 0xff, 0xff, 0x00, 0x00, 0x00, 0x00, 0x00, 0x00, 0x00, 0x00, 0x00,
	0x00, 0x6b, 0xff, 0xff, 0xff, 0x00, 0x6b, 0xff, 0xff, 0xff, 0x00, 0x00, 0x00, 0x00, 0x00, 0x00,
	0x00, 0x00, 0x00, 0x00, 0xae, 0xff, 0xff, 0xff, 0x00, 0x6b, 0xff, 0xff, 0xff, 0x00, 0x00, 0x00,
	0x00, 0x00, 0x00, 0x00, 0x00, 0x00, 0x00, 0xff, 0xff, 0xff, 0xae, 0x00, 0x6b, 0xff, 0xff, 0xff,
	0x00, 0x00, 0x00, 0x00, 0x00, 0x00, 0x00, 0x00, 0x00, 0x26, 0xff, 0xff, 0xff, 0x6b, 0x00, 0x6b,
	0xff, 0xff, 0xff, 0x00, 0x00, 0x00, 0x00, 0x00, 0x00, 0x00, 0x00, 0x00, 0x8b, 0xff, 0xff, 0xff,
	0x26, 0x00, 0x6b, 0xff, 0xff, 0xff, 0x00, 0x00, 0x00, 0x00, 0x00, 0x00, 0x00, 0x00, 0x4e, 0xff,
	0xff, 0xff, 0xae, 0x00, 0x00, 0x6b, 0xff, 0xff, 0xff, 0x00, 0x00, 0x00, 0x00, 0x00, 0x00, 0x00,
	0x5c, 0xff, 0xff, 0xff, 0xff, 0x26, 0x00, 0x00, 0x6b, 0xff, 0xff, 0xff, 0x00, 0x00, 0x00, 0x00,
	0x26, 0x4e, 0xc3, 0xff, 0xff, 0xff, 0xff, 0x4e, 0x00, 0x00, 0x00, 0x6b, 0xff, 0xff, 0xff, 0xff,
	0xff, 0xff, 0xff, 0xff, 0xff, 0xff, 0xff, 0xff, 0xff, 0x40, 0x00, 0x00, 0x00, 0x00, 0x6b, 0xff,
	0xff, 0xff, 0xff, 0xff, 0xff, 0xff, 0xff, 0xff, 0xff, 0xff, 0x8b, 0x0c, 0x00, 0x00, 0x00, 0x00,
	0x00, 0x6b, 0xff, 0xff, 0xff, 0xff, 0xff, 0xff, 0xff, 0xda, 0x9c, 0x5c, 0x19, 0x00, 0x00, 0x00,
	0x00, 0x00, 0x00, 0x00, 0x6b, 0xff, 0xff, 0xff, 0xff, 0xff, 0xff, 0xff, 0xff, 0xff, 0xff, 0xff,
	0xff, 0xff, 0x00, 0x6b, 0xff, 0xff, 0xff, 0xff, 0xff, 0xff, 0xff, 0xff, 0xff, 0xff, 0xff, 0xff,
	0xc3, 0x00, 0x6b, 0xff, 0xff, 0xff, 0xff, 0xff, 0xff, 0xff, 0xff, 0xff, 0xff, 0xff, 0xff, 0xae,
	0x00, 0x6b, 0xff, 0xff, 0xff, 0x00, 0x00, 0x00, 0x00, 0x00, 0x00, 0x00, 0x00, 0x00, 0x00, 0x00,
	0x6b, 0xff, 0xff, 0xff, 0x00, 0x00, 0x00, 0x00, 0x00, 0x00, 0x00, 0x00, 0x00, 0x00, 0x00, 0x6b,
	0xff, 0xff, 0xff, 0x00, 0x00, 0x00, 0x00, 0x00, 0x00, 0x00, 0x00, 0x00, 0x00, 0x00, 0x6b, 0xff,
	0xff, 0xff, 0x00, 0x00, 0x00, 0x00, 0x00, 0x00, 0x00, 0x00, 0x00, 0x00, 0x00, 0x6b, 0xff, 0xff,
	0xff, 0x00, 0x00, 0x00, 0x00, 0x00, 0x00, 0x00, 0x00, 0x00, 0x00, 0x00, 0x6b, 0xff, 0xff, 0xff,
	0x00, 0x00, 0x00, 0x00, 0x00, 0x00, 0x00, 0x00, 0x00, 0x00, 0x00, 0x6b, 0xff, 0xff, 0xff, 0x00,
	0x00, 0x00, 0x00, 0x00, 0x00, 0x00, 0x00, 0x00, 0x00, 0x00, 0x6b, 0xff, 0xff, 0xff, 0x00, 0x00,
	0x00, 0x00, 0x00, 0x00, 0x00, 0x00, 0x00, 0x00, 0x00, 0x6b, 0xff, 0xff, 0xff, 0x00, 0x00, 0x00,
	0x00, 0x00, 0x00, 0x00, 0x00, 0x00, 0x00, 0x00, 0x6b, 0xff, 0xff, 0xff, 0xff, 0xff, 0xff, 0xff,
	0xff, 0xff, 0xff, 0xff, 0x6b, 0x00, 0x00, 0x6b, 0xff, 0xff, 0xff, 0xff, 0xff, 0xff, 0xff, 0xff,
	0xff, 0xff, 0xff, 0x6b, 0x00, 0x00, 0x6b, 0xff, 0xff, 0xff, 0xff, 0xff, 0xff, 0xff, 0xff, 0xff,
	0xff, 0xff, 0x6b, 0x00, 0x00, 0x6b, 0xff, 0xff, 0xff, 0x00, 0x00, 0x00, 0x00, 0x00, 0x00, 0x00,
	0x00, 0x00, 0x00, 0x00, 0x6b, 0xff, 0xff, 0xff, 0x00, 0x00, 0x00, 0x00, 0x00, 0x00, 0x00, 0x00,
	0x00, 0x00, 0x00, 0x6b, 0xff, 0xff, 0xff, 0x00, 0x00, 0x00, 0x00, 0x00, 0x00, 0x00, 0x00, 0x00,
	0x00, 0x00, 0x6b, 0xff, 0xff, 0xff, 0x00, 0x00, 0x00, 0x00, 0x00, 0x00, 0x00, 0x00, 0x00, 0x00,
	0x00, 0x6b, 0xff, 0xff, 0xff, 0x00, 0x00, 0x00, 0x00, 0x00, 0x00, 0x00, 0x00, 0x00, 0x00, 0x00,
	0x6b, 0xff, 0xff, 0xff, 0x00, 0x00, 0x00, 0x00, 0x00, 0x00, 0x00, 0x00, 0x00, 0x00, 0x00, 0x6b,
	0xff, 0xff, 0xff, 0x00, 0x00, 0x00, 0x00, 0x00, 0x00, 0x00, 0x00, 0x00, 0x00, 0x00, 0x6b, 0xff,
	0xff, 0xff, 0x00, 0x00, 0x00, 0x00, 0x00, 0x00, 0x00, 0x00, 0x00, 0x00, 0x00, 0x6b, 0xff, 0xff,
	0xff, 0xff, 0xff, 0xff, 0xff, 0xff, 0xff, 0xff, 0xff, 0xff, 0xff, 0x33, 0x6b, 0xff, 0xff, 0xff,
	0xff, 0xff, 0xff, 0xff, 0xff, 0xff, 0xff, 0xff, 0xff, 0xff, 0x33, 0x6b, 0xff, 0xff, 0xff, 0xff,
	0xff, 0xff, 0xff, 0xff, 0xff, 0xff, 0xff, 0xff, 0xff, 0x33, 0x6b, 0xff, 0xff, 0xff, 0xff, 0xff,
	0xff, 0xff, 0xff, 0xff, 0xff, 0xff, 0xff, 0xae, 0x6b, 0xff, 0xff, 0xff, 0xff, 0xff, 0xff, 0xff,
	0xff, 0xff, 0xff, 0xff, 0xff, 0x7a, 0x6b, 0xff, 0xff, 0xff, 0xff, 0xff, 0xff, 0xff, 0xff, 0xff,
	0xff, 0xff, 0xff, 0x6b, 0x6b, 0xff, 0xff, 0xff, 0x00, 0x00, 0x00, 0x00, 0x00, 0x00, 0x00, 0x00,
	0x00, 0x00, 0x6b, 0xff, 0xff, 0xff, 0x00, 0x00, 0x00, 0x00, 0x00, 0x00, 0x00, 0x00, 0x00, 0x00,
	0x6b, 0xff, 0xff, 0xff, 0x00, 0x00, 0x00, 0x00, 0x00, 0x00, 0x00, 0x00, 0x00, 0x00, 0x6b, 0xff,
	0xff, 0xff, 0x00, 0x00, 0x00, 0x00, 0x00, 0x00, 0x00, 0x00, 0x00, 0x00, 0x6b, 0xff, 0xff, 0xff,
	0x00, 0x00, 0x00, 0x00, 0x00, 0x00, 0x00, 0x00, 0x00, 0x00, 0x6b, 0xff, 0xff, 0xff, 0x00, 0x00,
	0x00, 0x00, 0x00, 0x00, 0x00, 0x00, 0x00, 0x00, 0x6b, 0xff, 0xff, 0xff, 0x00, 0x00, 0x00, 0x00,
	0x00, 0x00, 0x00, 0x00, 0x00, 0x00, 0x6b, 0xff, 0xff, 0xff, 0x00, 0x00, 0x00, 0x00, 0x00, 0x00,
	0x00, 0x00, 0x00, 0x00, 0x6b, 0xff, 0xff, 0xff, 0x00, 0x00, 0x00, 0x00, 0x00, 0x00, 0x00, 0x00,
	0x00, 0x00, 0x6b, 0xff, 0xff, 0xff, 0xff, 0xff, 0xff, 0xff, 0xff, 0xff, 0xff, 0xff, 0x33, 0x00,
	0x6b, 0xff, 0xff, 0xff, 0xff, 0xff, 0xff, 0xff, 0xff, 0xff, 0xff, 0xff, 0x33, 0x00, 0x6b, 0xff,
	0xff, 0xff, 0xff, 0xff, 0xff, 0xff, 0xff, 0xff, 0xff, 0xff, 0x33, 0x00, 0x6b, 0xff, 0xff, 0xff,
	0x00, 0x00, 0x00, 0x00, 0x00, 0x00, 0x00, 0x00, 0x00, 0x00, 0x6b, 0xff, 0xff, 0xff, 0x00, 0x00,
	0x00, 0x00, 0x00, 0x00, 0x00, 0x00, 0x00, 0x00, 0x6b, 0xff, 0xff, 0xff, 0x00, 0x00, 0x00, 0x00,
	0x00, 0x00, 0x00, 0x00, 0x00, 0x00, 0x6b, 0xff, 0xff, 0xff, 0x00, 0x00, 0x00, 0x00, 0x00, 0x00,
	0x00, 0x00, 0x00, 0x00, 0x6b, 0xff, 0xff, 0xff, 0x00, 0x00, 0x00, 0x00, 0x00, 0x00, 0x00, 0x00,
	0x00, 0x00, 0x6b, 0xff, 0xff, 0xff, 0x00, 0x00, 0x00, 0x00, 0x00, 0x00, 0x00, 0x00, 0x00, 0x00,
	0x6b, 0xff, 0xff, 0xff, 0x00, 0x00, 0x00, 0x00, 0x00, 0x00, 0x00, 0x00, 0x00, 0x00, 0x6b, 0xff,
	0xff, 0xff, 0x00, 0x00, 0x00, 0x00, 0x00, 0x00, 0x00, 0x00, 0x00, 0x00, 0x6b, 0xff, 0xff, 0xff,
	0x00, 0x00, 0x00, 0x00, 0x00, 0x00, 0x00, 0x00, 0x00, 0x00, 0x6b, 0xff, 0xff, 0xff, 0x00, 0x00,
	0x00, 0x00, 0x00, 0x00, 0x00, 0x00, 0x00, 0x00, 0x6b, 0xff, 0xff, 0xff, 0x00, 0x00, 0x00, 0x00,
	0x00, 0x00, 0x00, 0x00, 0x00, 0x00, 0x00, 0x00, 0x00, 0x00, 0x00, 0x00, 0x19, 0x5c, 0xae, 0xff,
	0xff, 0xff, 0xda, 0x9c, 0x4e, 0x0c, 0x00, 0x00, 0x00, 0x00, 0x00, 0x00, 0x00, 0x0c, 0x7a, 0xff,
	0xff, 0xff, 0xff, 0xff, 0xff, 0xff, 0xff, 0xff, 0xff, 0x4e, 0x00, 0x00, 0x00, 0x00, 0x00, 0x0c,
	0xc3, 0xff, 0xff, 0xff, 0xff, 0xff, 0xff, 0xff, 0xff, 0xff, 0xff, 0xff, 0xff, 0x8b, 0x0c, 0x00,
	0x00, 0x0c, 0xc3, 0xff, 0xff, 0xff, 0xda, 0x4e, 0x19, 0x00, 0x00, 0x19, 0x4e, 0xda, 0xff, 0xff,
	0x8b, 0x00, 0x00, 0x00, 0x9c, 0xff, 0xff, 0xff, 0x8b, 0x00, 0x00, 0x00, 0x00, 0x00, 0x00, 0x00,
	0x00, 0x5c, 0x8b, 0x00, 0x00, 0x00, 0x33, 0xff, 0xff, 0xff, 0x9c, 0x00, 0x00, 0x00, 0x00, 0x00,
	0x00, 0x00, 0x00, 0x00, 0x00, 0x00, 0x00, 0x00, 0x00, 0xae, 0xff, 0xff, 0xff, 0x0c, 0x00, 0x00,
	0x00, 0x00, 0x00, 0x00, 0x00, 0x00, 0x00, 0x00, 0x00, 0x00, 0x00, 0x26, 0xff, 0xff, 0xff, 0x7a,
	0x00, 0x00, 0x00, 0x00, 0x00, 0x00, 0x00, 0x00, 0x00, 0x00, 0x00, 0x00, 0x00, 0x00, 0x6b, 0xff,
	0xff, 0xff, 0x26, 0x00, 0x00, 0x00, 0x00, 0x00, 0x00, 0x00, 0x00, 0x00, 0x00, 0x00, 0x00, 0x00,
	0x00, 0xae, 0xff, 0xff, 0xff, 0x00, 0x00, 0x00, 0x00, 0x00, 0x00, 0x00, 0x00, 0x00, 0x00, 0x00,
	0x00, 0x00, 0x00, 0x00, 0xda, 0xff, 0xff, 0xae, 0x00, 0x00, 0x00, 0x00, 0x00, 0x00, 0x00, 0x00,
	0x00, 0x00, 0x00, 0x00, 0x00, 0x00, 0x00, 0xff, 0xff, 0xff, 0xae, 0x00, 0x00, 0x00, 0x00, 0x00,
	0x00, 0x8b, 0xff, 0xff, 0xff, 0xff, 0xff, 0xff, 0xff, 0x6b, 0xff, 0xff, 0xff, 0x7a, 0x00, 0x00,
	0x00, 0x00, 0x00, 0x00, 0x6b, 0xff, 0xff, 0xff, 0xff, 0xff, 0xff, 0xff, 0x6b, 0xff, 0xff, 0xff,
	0x6b, 0x00, 0x00, 0x00, 0x00, 0x00, 0x00, 0x4e, 0xff, 0xff, 0xff, 0xff, 0xff, 0xff, 0xff, 0x6b,
	0xff, 0xff, 0xff, 0xae, 0x00, 0x00, 0x00, 0x00, 0x00, 0x00, 0x00, 0x00, 0x00, 0x00, 0x00, 0xff,
	0xff, 0xff, 0x6b, 0xff, 0xff, 0xff, 0xae, 0x00, 0x00, 0x00, 0x00, 0x00, 0x00, 0x00, 0x00, 0x00,
	0x00, 0x00, 0xff, 0xff, 0xff, 0x6b, 0xae, 0xff, 0xff, 0xc3, 0x00, 0x00, 0x00, 0x00, 0x00, 0x00,
	0x00, 0x00, 0x00, 0x00, 0x00, 0xff, 0xff, 0xff, 0x6b, 0x8b, 0xff, 0xff, 0xff, 0x0c, 0x00, 0x00,
	0x00, 0x00, 0x00, 0x00, 0x00, 0x00, 0x00, 0x00, 0xff, 0xff, 0xff, 0x6b, 0x4e, 0xff, 0xff, 0xff,
	0x40, 0x00, 0x00, 0x00, 0x00, 0x00, 0x00, 0x00, 0x00, 0x00, 0x00, 0xff, 0xff, 0xff, 0x6b, 0x0c,
	0xff, 0xff, 0xff, 0xae, 0x00, 0x00, 0x00, 0x00, 0x00, 0x00, 0x00, 0x00, 0x00, 0x00, 0xff, 0xff,
	0xff, 0x6b, 0x00, 0x8b, 0xff, 0xff, 0xff, 0x33, 0x00, 0x00, 0x00, 0x00, 0x00, 0x00, 0x00, 0x00,
	0x00, 0xff, 0xff, 0xff, 0x6b, 0x00, 0x19, 0xff, 0xff, 0xff, 0xff, 0x26, 0x00, 0x00, 0x00, 0x00,
	0x00, 0x00, 0x00, 0x00, 0xff, 0xff, 0xff, 0x6b, 0x00, 0x00, 0x5c, 0xff, 0xff, 0xff, 0xff, 0x8b,
	0x33, 0x00, 0x00, 0x00, 0x33, 0x5c, 0xda, 0xff, 0xff, 0xff, 0x6b, 0x00, 0x00, 0x00, 0x8b, 0xff,
	0xff, 0xff, 0xff, 0xff, 0xff, 0xff, 0xff, 0xff, 0xff, 0xff, 0xff, 0xff, 0xff, 0x5c, 0x00, 0x00,
	0x00, 0x00, 0x40, 0xff, 0xff, 0xff, 0xff, 0xff, 0xff, 0xff, 0xff, 0xff, 0xff, 0xff, 0xae, 0x33,
	0x00, 0x00, 0x00, 0x00, 0x00, 0x00, 0x0c, 0x4e, 0x9c, 0xff, 0xff, 0xff, 0xff, 0xc3, 0x9c, 0x5c,
	0x19, 0x00, 0x00, 0x00, 0x6b, 0xff, 0xff, 0xff, 0x00, 0x00, 0x00, 0x00, 0x00, 0x00, 0x00, 0x00,
	0x00, 0x00, 0x6b, 0xff, 0xff, 0xff, 0x6b, 0xff, 0xff, 0xff, 0x00, 0x00, 0x00, 0x00, 0x00, 0x00,
	0x00, 0x00, 0x00, 0x00, 0x6b, 0xff, 0xff, 0xff, 0x6b, 0xff, 0xff, 0xff, 0x00, 0x00, 0x00, 0x00,
	0x00, 0x00, 0x00, 0x00, 0x00, 0x00, 0x6b, 0xff, 0xff, 0xff, 0x6b, 0xff, 0xff, 0xff, 0x00, 0x00,
	0x00, 0x00, 0x00, 0x00, 0x00, 0x00, 0x00, 0x00, 0x6b, 0xff, 0xff, 0xff, 0x6b, 0xff, 0xff, 0xff,
	0x00, 0x00, 0x00, 0x00, 0x00, 0x00, 0x00, 0x00, 0x00, 0x00, 0x6b, 0xff, 0xff, 0xff, 0x6b, 0xff,
	0xff, 0xff, 0x00, 0x00, 0x00, 0x00, 0x00, 0x00, 0x00, 0x00, 0x00, 0x00, 0x6b, 0xff, 0xff, 0xff,
	0x6b, 0xff, 0xff, 0xff, 0x00, 0x00, 0x00, 0x00, 0x00, 0x00, 0x00, 0x00, 0x00, 0x00, 0x6b, 0xff,
	0xff, 0xff, 0x6b, 0xff, 0xff, 0xff, 0x00, 0x00, 0x00, 0x00, 0x00, 0x00, 0x00, 0x00, 0x00, 0x00,
	0x6b, 0xff, 0xff, 0xff, 0x6b, 0xff, 0xff, 0xff, 0x00, 0x00, 0x00, 0x00, 0x00, 0x00, 0x00, 0x00,
	0x00, 0x00, 0x6b, 0xff, 0xff, 0xff, 0x6b, 0xff, 0xff, 0xff, 0x00, 0x00, 0x00, 0x00, 0x00, 0x00,
	0x00, 0x00, 0x00, 0x00, 0x6b, 0xff, 0xff, 0xff, 0x6b, 0xff, 0xff, 0xff, 0x00, 0x00, 0x00, 0x00,
	0x00, 0x00, 0x00, 0x00, 0x00, 0x00, 0x6b, 0xff, 0xff, 0xff, 0x6b, 0xff, 0xff, 0xff, 0xff, 0xff,
	0xff, 0xff, 0xff, 0xff, 0xff, 0xff, 0xff, 0xff, 0xff, 0xff, 0xff, 0xff, 0x6b, 0xff, 0xff, 0xff,
	0xff, 0xff, 0xff, 0xff, 0xff, 0xff, 0xff, 0xff, 0xff, 0xff, 0xff, 0xff, 0xff, 0xff, 0x6b, 0xff,
	0xff, 0xff, 0xff, 0xff, 0xff, 0xff, 0xff, 0xff, 0xff, 0xff, 0xff, 0xff, 0xff, 0xff, 0xff, 0xff,
	0x6b, 0xff, 0xff, 0xff, 0x00, 0x00, 0x00, 0x00, 0x00, 0x00, 0x00, 0x00, 0x00, 0x00, 0x6b, 0xff,
	0xff, 0xff, 0x6b, 0xff, 0xff, 0xff, 0x00, 0x00, 0x00, 0x00, 0x00, 0x00, 0x00, 0x00, 0x00, 0x00,
	0x6b, 0xff, 0xff, 0xff, 0x6b, 0xff, 0xff, 0xff, 0x00, 0x00, 0x00, 0x00, 0x00, 0x00, 0x00, 0x00,
	0x00, 0x00, 0x6b, 0xff, 0xff, 0xff, 0x6b, 0xff, 0xff, 0xff, 0x00, 0x00, 0x00, 0x00, 0x00, 0x00,
	0x00, 0x00, 0x00, 0x00, 0x6b, 0xff, 0xff, 0xff, 0x6b, 0xff, 0xff, 0xff, 0x00, 0x00, 0x00, 0x00,
	0x00, 0x00, 0x00, 0x00, 0x00, 0x00, 0x6b, 0xff, 0xff, 0xff, 0x6b, 0xff, 0xff, 0xff, 0x00, 0x00,
	0x00, 0x00, 0x00, 0x00, 0x00, 0x00, 0x00, 0x00, 0x6b, 0xff, 0xff, 0xff, 0x6b, 0xff, 0xff, 0xff,
	0x00, 0x00, 0x00, 0x00, 0x00, 0x00, 0x00, 0x00, 0x00, 0x00, 0x6b, 0xff, 0xff, 0xff, 0x6b, 0xff,
	0xff, 0xff, 0x00, 0x00, 0x00, 0x00, 0x00, 0x00, 0x00, 0x00, 0x00, 0x00, 0x6b, 0xff, 0xff, 0xff,
	0x6b, 0xff, 0xff, 0xff, 0x00, 0x00, 0x00, 0x00, 0x00, 0x00, 0x00, 0x00, 0x00, 0x00, 0x6b, 0xff,
	0xff, 0xff, 0x6b, 0xff, 0xff, 0xff, 0x00, 0x00, 0x00, 0x00, 0x00, 0x00, 0x00, 0x00, 0x00, 0x00,
	0x6b, 0xff, 0xff, 0xff, 0x6b, 0xff, 0xff, 0xff, 0x00, 0x00, 0x00, 0x00, 0x00, 0x00, 0x00, 0x00,
	0x00, 0x00, 0x6b, 0xff, 0xff, 0xff, 0x6b, 0xff, 0xff, 0xff, 0x00, 0x00, 0x00, 0x00, 0x00, 0x00,
	0x00, 0x00, 0x00, 0x00, 0x6b, 0xff, 0xff, 0xff, 0x6b, 0xff, 0xff, 0xff, 0x6b, 0xff, 0xff, 0xff,
	0x6b, 0xff, 0xff, 0xff, 0x6b, 0xff, 0xff, 0xff, 0x6b, 0xff, 0xff, 0xff, 0x6b, 0xff, 0xff, 0xff,
	0x6b, 0xff, 0xff, 0xff, 0x6b, 0xff, 0xff, 0xff, 0x6b, 0xff, 0xff, 0xff, 0x6b, 0xff, 0xff, 0xff,
	0x6b, 0xff, 0xff, 0xff, 0x6b, 0xff, 0xff, 0xff, 0x6b, 0xff, 0xff, 0xff, 0x6b, 0xff, 0xff, 0xff,
	0x6b, 0xff, 0xff, 0xff, 0x6b, 0xff, 0xff, 0xff, 0x6b, 0xff, 0xff, 0xff, 0x6b, 0xff, 0xff, 0xff,
	0x6b, 0xff, 0xff, 0xff, 0x6b, 0xff, 0xff, 0xff, 0x6b, 0xff, 0xff, 0xff, 0x6b, 0xff, 0xff, 0xff,
	0x6b, 0xff, 0xff, 0xff, 0x6b, 0xff, 0xff, 0xff, 0x6b, 0xff, 0xff, 0xff, 0x6b, 0xff, 0xff, 0xff,
	0x00, 0x00, 0x00, 0x00, 0xae, 0xff, 0xff, 0x6b, 0x00, 0x00, 0x00, 0x00, 0xae, 0xff, 0xff, 0x6b,
	0x00, 0x00, 0x00, 0x00, 0xae, 0xff, 0xff, 0x6b, 0x00, 0x00, 0x00, 0x00, 0xae, 0xff, 0xff, 0x6b,
	0x00, 0x00, 0x00, 0x00, 0xae, 0xff, 0xff, 0x6b, 0x00, 0x00, 0x00, 0x00, 0xae, 0xff, 0xff, 0x6b,
	0x00, 0x00, 0x00, 0x00, 0xae, 0xff, 0xff, 0x6b, 0x00, 0x00, 0x00, 0x00, 0xae, 0xff, 0xff, 0x6b,
	0x00, 0x00, 0x00, 0x00, 0xae, 0xff, 0xff, 0x6b, 0x00, 0x00, 0x00, 0x00, 0xae, 0xff, 0xff, 0x6b,
	0x00, 0x00, 0x00, 0x00, 0xae, 0xff, 0xff, 0x6b, 0x00, 0x00, 0x00, 0x00, 0xae, 0xff, 0xff, 0x6b,
	0x00, 0x00, 0x00, 0x00, 0xae, 0xff, 0xff, 0x6b, 0x00, 0x00, 0x00, 0x00, 0xae, 0xff, 0xff, 0x6b,
	0x00, 0x00, 0x00, 0x00, 0xae, 0xff, 0xff, 0x6b, 0x00, 0x00, 0x00, 0x00, 0xae, 0xff, 0xff, 0x6b,
	0x00, 0x00, 0x00, 0x00, 0xae, 0xff, 0xff, 0x6b, 0x00, 0x00, 0x00, 0x00, 0xae, 0xff, 0xff, 0x6b,
	0x00, 0x00, 0x00, 0x00, 0xae, 0xff, 0xff, 0x6b, 0x00, 0x00, 0x00, 0x00, 0xae, 0xff, 0xff, 0x6b,
	0x00, 0x00, 0x00, 0x00, 0xae, 0xff, 0xff, 0x6b, 0x00, 0x00, 0x00, 0x00, 0xae, 0xff, 0xff, 0x6b,
	0x00, 0x00, 0x00, 0x00, 0xda, 0xff, 0xff, 0x6b, 0x00, 0x00, 0x00, 0x00, 0xff, 0xff, 0xff, 0x6b,
	0x00, 0x00, 0x00, 0x19, 0xff, 0xff, 0xff, 0x40, 0x00, 0x00, 0x00, 0x6b, 0xff, 0xff, 0xff, 0x19,
	0x00, 0x00, 0x33, 0xff, 0xff, 0xff, 0xae, 0x00, 0x0c, 0x7a, 0xff, 0xff, 0xff, 0xff, 0x19, 0x00,
	0x8b, 0xff, 0xff, 0xff, 0xff, 0x26, 0x00, 0x00, 0x40, 0xff, 0xff, 0x8b, 0x0c, 0x00, 0x00, 0x00,
	0x00, 0x6b, 0x19, 0x00, 0x00, 0x00, 0x00, 0x00, 0x6b, 0xff, 0xff, 0xff, 0x00, 0x00, 0x00, 0x00,
	0x00, 0x00, 0x00, 0x00, 0x00, 0xae, 0xff, 0xff, 0xff, 0x26, 0x00, 0x6b, 0xff, 0xff, 0xff, 0x00,
	0x00, 0x00, 0x00, 0x00, 0x00, 0x00, 0x00, 0x7a, 0xff, 0xff, 0xff, 0x4e, 0x00, 0x00, 0x6b, 0xff,
	0xff, 0xff, 0x00, 0x00, 0x00, 0x00, 0x00, 0x00, 0x00, 0x40, 0xff, 0xff, 0xff, 0x7a, 0x00, 0x00,
	0x00, 0x6b, 0xff, 0xff, 0xff, 0x00, 0x00, 0x00, 0x00, 0x00, 0x00, 0x26, 0xff, 0xff, 0xff, 0xae,
	0x00, 0x00, 0x00, 0x00, 0x6b, 0xff, 0xff, 0xff, 0x00, 0x00, 0x00, 0x00, 0x00, 0x0c, 0xc3, 0xff,
	0xff, 0xda, 0x0c, 0x00, 0x00, 0x00, 0x00, 0x6b, 0xff, 0xff, 0xff, 0x00, 0x00, 0x00, 0x00, 0x00,
	0x8b, 0xff, 0xff, 0xff, 0x26, 0x00, 0x00, 0x00, 0x00, 0x00, 0x6b, 0xff, 0xff, 0xff, 0x00, 0x00,
	0x00, 0x00, 0x5c, 0xff, 0xff, 0xff, 0x4e, 0x00, 0x00, 0x00, 0x00, 0x00, 0x00, 0x6b, 0xff, 0xff,
	0xff, 0x00, 0x00, 0x00, 0x26, 0xff, 0xff, 0xff, 0x8b, 0x00, 0x00, 0x00, 0x00, 0x00, 0x00, 0x00,
	0x6b, 0xff, 0xff, 0xff, 0x00, 0x00, 0x0c, 0xda, 0xff, 0xff, 0xc3, 0x00, 0x00, 0x00, 0x00, 0x00,
	0x00, 0x00, 0x00, 0x6b, 0xff, 0xff, 0xff, 0x00, 0x00, 0xae, 0xff, 0xff, 0xff, 0x0c, 0x00, 0x00,
	0x00, 0x00, 0x00, 0x00, 0x00, 0x00, 0x6b, 0xff, 0xff, 0xff, 0x00, 0x6b, 0xff, 0xff, 0xff, 0x26,
	0x00, 0x00, 0x00, 0x00, 0x00, 0x00, 0x00, 0x00, 0x00, 0x6b, 0xff, 0xff, 0xff, 0x40, 0xff, 0xff,
	0xff, 0x5c, 0x00, 0x00, 0x00, 0x00, 0x00, 0x00, 0x00, 0x00, 0x00, 0x00, 0x6b, 0xff, 0xff, 0xff,
	0x7a, 0xff, 0xff, 0xff, 0x7a, 0x00, 0x00, 0x00, 0x00, 0x00, 0x00, 0x00, 0x00, 0x00, 0x00, 0x6b,
	0xff, 0xff, 0xff, 0x00, 0xc3, 0xff, 0xff, 0xff, 0x33, 0x00, 0x00, 0x00, 0x00, 0x00, 0x00, 0x00,
	0x00, 0x00, 0x6b, 0xff, 0xff, 0xff, 0x00, 0x26, 0xff, 0xff, 0xff, 0xff, 0x0c, 0x00, 0x00, 0x00,
	0x00, 0x00, 0x00, 0x00, 0x00, 0x6b, 0xff, 0xff, 0xff, 0x00, 0x00, 0x5c, 0xff, 0xff, 0xff, 0x9c,
	0x00, 0x00, 0x00, 0x00, 0x00, 0x00, 0x00, 0x00, 0x6b, 0xff, 0xff, 0xff, 0x00, 0x00, 0x00, 0xae,
	0xff, 0xff, 0xff, 0x5c, 0x00, 0x00, 0x00, 0x00, 0x00, 0x00, 0x00, 0x6b, 0xff, 0xff, 0xff, 0x00,
	0x00, 0x00, 0x0c, 0xff, 0xff, 0xff, 0xff, 0x26, 0x00, 0x00, 0x00, 0x00, 0x00, 0x00, 0x6b, 0xff,
	0xff, 0xff, 0x00, 0x00, 0x00, 0x00, 0x40, 0xff, 0xff, 0xff, 0xc3, 0x00, 0x00, 0x00, 0x00, 0x00,
	0x00, 0x6b, 0xff, 0xff, 0xff, 0x00, 0x00, 0x00, 0x00, 0x00, 0x7a, 0xff, 0xff, 0xff, 0x7a, 0x00,
	0x00, 0x00, 0x00, 0x00, 0x6b, 0xff, 0xff, 0xff, 0x00, 0x00, 0x00, 0x00, 0x00, 0x0c, 0xda, 0xff,
	0xff, 0xff, 0x33, 0x00, 0x00, 0x00, 0x00, 0x6b, 0xff, 0xff, 0xff, 0x00, 0x00, 0x00, 0x00, 0x00,
	0x00, 0x26, 0xff, 0xff, 0xff, 0xff, 0x0c, 0x00, 0x00, 0x00, 0x6b, 0xff, 0xff, 0xff, 0x00, 0x00,
	0x00, 0x00, 0x00, 0x00, 0x00, 0x6b, 0xff, 0xff, 0xff, 0x9c, 0x00, 0x00, 0x00, 0x6b, 0xff, 0xff,
	0xff, 0x00, 0x00, 0x00, 0x00, 0x00, 0x00, 0x00, 0x00, 0xae, 0xff, 0xff, 0xff, 0x5c, 0x00, 0x00,
	0x6b, 0xff, 0xff, 0xff, 0x00, 0x00, 0x00, 0x00, 0x00, 0x00, 0x00, 0x00, 0x19, 0xff, 0xff, 0xff,
	0xff, 0x26, 0x00, 0x6b, 0xff, 0xff, 0xff, 0x00, 0x00, 0x00, 0x00, 0x00, 0x00, 0x00, 0x00, 0x00,
	0x4e, 0xff, 0xff, 0xff, 0xc3, 0x0c, 0x6b, 0xff, 0xff, 0xff, 0x00, 0x00, 0x00, 0x00, 0x00, 0x00,
	0x00, 0x00, 0x00, 0x00, 0x00, 0x6b, 0xff, 0xff, 0xff, 0x00, 0x00, 0x00, 0x00, 0x00, 0x00, 0x00,
	0x00, 0x00, 0x00, 0x00, 0x6b, 0xff, 0xff, 0xff, 0x00, 0x00, 0x00, 0x00, 0x00, 0x00, 0x00, 0x00,
	0x00, 0x00, 0x00, 0x6b, 0xff, 0xff, 0xff, 0x00, 0x00, 0x00, 0x00, 0x00, 0x00, 0x00, 0x00, 0x00,
	0x00, 0x00, 0x6b, 0xff, 0xff, 0xff, 0x00, 0x00, 0x00, 0x00, 0x00, 0x00, 0x00, 0x00, 0x00, 0x00,
	0x00, 0x6b, 0xff, 0xff, 0xff, 0x00, 0x00, 0x00, 0x00, 0x00, 0x00, 0x00, 0x00, 0x00, 0x00, 0x00,
	0x6b, 0xff, 0xff, 0xff, 0x00, 0x00, 0x00, 0x00, 0x00, 0x00, 0x00, 0x00, 0x00, 0x00, 0x00, 0x6b,
	0xff, 0xff, 0xff, 0x00, 0x00, 0x00, 0x00, 0x00, 0x00, 0x00, 0x00, 0x00, 0x00, 0x00, 0x6b, 0xff,
	0xff, 0xff, 0x00, 0x00, 0x00, 0x00, 0x00, 0x00, 0x00, 0x00, 0x00, 0x00, 0x00, 0x6b, 0xff, 0xff,
	0xff, 0x00, 0x00, 0x00, 0x00, 0x00, 0x00, 0x00, 0x00, 0x00, 0x00, 0x00, 0x6b, 0xff, 0xff, 0xff,
	0x00, 0x00, 0x00, 0x00, 0x00, 0x00, 0x00, 0x00, 0x00, 0x00, 0x00, 0x6b, 0xff, 0xff, 0xff, 0x00,
	0x00, 0x00, 0x00, 0x00, 0x00, 0x00, 0x00, 0x00, 0x00, 0x00, 0x6b, 0xff, 0xff, 0xff, 0x00, 0x00,
	0x00, 0x00, 0x00, 0x00, 0x00, 0x00, 0x00, 0x00, 0x00, 0x6b, 0xff, 0xff, 0xff, 0x00, 0x00, 0x00,
	0x00, 0x00, 0x00, 0x00, 0x00, 0x00, 0x00, 0x00, 0x6b, 0xff, 0xff, 0xff, 0x00, 0x00, 0x00, 0x00,
	0x00, 0x00, 0x00, 0x00, 0x00, 0x00, 0x00, 0x6b, 0xff, 0xff, 0xff, 0x00, 0x00, 0x00, 0x00, 0x00,
	0x00, 0x00, 0x00, 0x00, 0x00, 0x00, 0x6b, 0xff, 0xff, 0xff, 0x00, 0x00, 0x00, 0x00, 0x00, 0x00,
	0x00, 0x00, 0x00, 0x00, 0x00, 0x6b, 0xff, 0xff, 0xff, 0x00, 0x00, 0x00, 0x00, 0x00, 0x00, 0x00,
	0x00, 0x00, 0x00, 0x00, 0x6b, 0xff, 0xff, 0xff, 0x00, 0x00, 0x00, 0x00, 0x00, 0x00, 0x00, 0x00,
	0x00, 0x00, 0x00, 0x6b, 0xff, 0xff, 0xff, 0x00, 0x00, 0x00, 0x00, 0x00, 0x00, 0x00, 0x00, 0x00,
	0x00, 0x00, 0x6b, 0xff, 0xff, 0xff, 0x00, 0x00, 0x00, 0x00, 0x00, 0x00, 0x00, 0x00, 0x00, 0x00,
	0x00, 0x6b, 0xff, 0xff, 0xff, 0x00, 0x00, 0x00, 0x00, 0x00, 0x00, 0x00, 0x00, 0x00, 0x00, 0x00,
	0x6b, 0xff, 0xff, 0xff, 0x00, 0x00, 0x00, 0x00, 0x00, 0x00, 0x00, 0x00, 0x00, 0x00, 0x00, 0x6b,
	0xff, 0xff, 0xff, 0xff, 0xff, 0xff, 0xff, 0xff, 0xff, 0xff, 0xff, 0xff, 0xff, 0x19, 0x6b, 0xff,
	0xff, 0xff, 0xff, 0xff, 0xff, 0xff, 0xff, 0xff, 0xff, 0xff, 0xff, 0xff, 0x00, 0x6b, 0xff, 0xff,
	0xff, 0xff, 0xff, 0xff, 0xff, 0xff, 0xff, 0xff, 0xff, 0xff, 0xda, 0x00, 0x00, 0x00, 0xae, 0xff,
	0xff, 0xff, 0xff, 0x0c, 0x00, 0x00, 0x00, 0x00, 0x00, 0x00, 0x00, 0x00, 0x0c, 0xff, 0xff, 0xff,
	0xff, 0xae, 0x00, 0x00, 0x00, 0x00, 0xae, 0xff, 0xff, 0xff, 0xff, 0x40, 0x00, 0x00, 0x00, 0x00,
	0x00, 0x00, 0x00, 0x00, 0x40, 0xff, 0xff, 0xff, 0xff, 0xae, 0x00, 0x00, 0x00, 0x00, 0xff, 0xff,
	0xff, 0xff, 0xff, 0x7a, 0x00, 0x00, 0x00, 0x00, 0x00, 0x00, 0x00, 0x00, 0x7a, 0xff, 0xff, 0xff,
	0xff, 0xff, 0x00, 0x00, 0x00, 0x00, 0xff, 0xff, 0xff, 0xff, 0xff, 0xda, 0x00, 0x00, 0x00, 0x00,
	0x00, 0x00, 0x00, 0x00, 0xc3, 0xff, 0xff, 0xff, 0xff, 0xff, 0x00, 0x00, 0x00, 0x00, 0xff, 0xff,
	0xae, 0xff, 0xff, 0xff, 0x19, 0x00, 0x00, 0x00, 0x00, 0x00, 0x00, 0x19, 0xff, 0xff, 0xae, 0xff,
	0xff, 0xff, 0x00, 0x00, 0x00, 0x26, 0xff, 0xff, 0xae, 0x9c, 0xff, 0xff, 0x4e, 0x00, 0x00, 0x00,
	0x00, 0x00, 0x00, 0x4e, 0xff, 0xff, 0x6b, 0xff, 0xff, 0xff, 0x33, 0x00, 0x00, 0x33, 0xff, 0xff,
	0xae, 0x4e, 0xff, 0xff, 0x9c, 0x00, 0x00, 0x00, 0x00, 0x00, 0x00, 0x8b, 0xff, 0xff, 0x26, 0xff,
	0xff, 0xff, 0x33, 0x00, 0x00, 0x33, 0xff, 0xff, 0xae, 0x19, 0xff, 0xff, 0xff, 0x00, 0x00, 0x00,
	0x00, 0x00, 0x00, 0xda, 0xff, 0xff, 0x00, 0xc3, 0xff, 0xff, 0x33, 0x00, 0x00, 0x5c, 0xff, 0xff,
	0xae, 0x00, 0xc3, 0xff, 0xff, 0x33, 0x00, 0x00, 0x00, 0x00, 0x19, 0xff, 0xff, 0x8b, 0x00, 0xae,
	0xff, 0xff, 0x5c, 0x00, 0x00, 0x6b, 0xff, 0xff, 0x7a, 0x00, 0x7a, 0xff, 0xff, 0x6b, 0x00, 0x00,
	0x00, 0x00, 0x5c, 0xff, 0xff, 0x4e, 0x00, 0xae, 0xff, 0xff, 0x6b, 0x00, 0x00, 0x6b, 0xff, 0xff,
	0x6b, 0x00, 0x33, 0xff, 0xff, 0xc3, 0x00, 0x00, 0x00, 0x00, 0x9c, 0xff, 0xff, 0x19, 0x00, 0xae,
	0xff, 0xff, 0x6b, 0x00, 0x00, 0x8b, 0xff, 0xff, 0x6b, 0x00, 0x00, 0xff, 0xff, 0xff, 0x0c, 0x00,
	0x00, 0x00, 0xff, 0xff, 0xc3, 0x00, 0x00, 0x7a, 0xff, 0xff, 0x8b, 0x00, 0x00, 0xae, 0xff, 0xff,
	0x6b, 0x00, 0x00, 0x8b, 0xff, 0xff, 0x40, 0x00, 0x00, 0x26, 0xff, 0xff, 0x7a, 0x00, 0x00, 0x6b,
	0xff, 0xff, 0xae, 0x00, 0x00, 0xae, 0xff, 0xff, 0x4e, 0x00, 0x00, 0x4e, 0xff, 0xff, 0x8b, 0x00,
	0x00, 0x5c, 0xff, 0xff, 0x40, 0x00, 0x00, 0x6b, 0xff, 0xff, 0xae, 0x00, 0x00, 0xc3, 0xff, 0xff,
	0x33, 0x00, 0x00, 0x0c, 0xff, 0xff, 0xda, 0x00, 0x00, 0xae, 0xff, 0xff, 0x00, 0x00, 0x00, 0x5c,
	0xff, 0xff, 0xda, 0x00, 0x00, 0xff, 0xff, 0xff, 0x33, 0x00, 0x00, 0x00, 0xc3, 0xff, 0xff, 0x26,
	0x00, 0xff, 0xff, 0x9c, 0x00, 0x00, 0x00, 0x33, 0xff, 0xff, 0xff, 0x00, 0x00, 0xff, 0xff, 0xff,
	0x33, 0x00, 0x00, 0x00, 0x6b, 0xff, 0xff, 0x5c, 0x33, 0xff, 0xff, 0x5c, 0x00, 0x00, 0x00, 0x33,
	0xff, 0xff, 0xff, 0x00, 0x0c, 0xff, 0xff, 0xff, 0x00, 0x00, 0x00, 0x00, 0x26, 0xff, 0xff, 0x9c,
	0x6b, 0xff, 0xff, 0x26, 0x00, 0x00, 0x00, 0x33, 0xff, 0xff, 0xff, 0x0c, 0x33, 0xff, 0xff, 0xff,
	0x00, 0x00, 0x00, 0x00, 0x00, 0xda, 0xff, 0xff, 0xc3, 0xff, 0xda, 0x00, 0x00, 0x00, 0x00, 0x00,
	0xff, 0xff, 0xff, 0x33, 0x33, 0xff, 0xff, 0xff, 0x00, 0x00, 0x00, 0x00, 0x00, 0x8b, 0xff, 0xff,
	0xff, 0xff, 0x8b, 0x00, 0x00, 0x00, 0x00, 0x00, 0xff, 0xff, 0xff, 0x33, 0x33, 0xff, 0xff, 0xda,
	0x00, 0x00, 0x00, 0x00, 0x00, 0x40, 0xff, 0xff, 0xff, 0xff, 0x40, 0x00, 0x00, 0x00, 0x00, 0x00,
	0xff, 0xff, 0xff, 0x33, 0x6b, 0xff, 0xff, 0xae, 0x00, 0x00, 0x00, 0x00, 0x00, 0x0c, 0xff, 0xff,
	0xff, 0xff, 0x0c, 0x00, 0x00, 0x00, 0x00, 0x00, 0xda, 0xff, 0xff, 0x6b, 0x6b, 0xff, 0xff, 0xae,
	0x00, 0x00, 0x00, 0x00, 0x00, 0x00, 0xae, 0xff, 0xff, 0xc3, 0x00, 0x00, 0x00, 0x00, 0x00, 0x00,
	0xae, 0xff, 0xff, 0x6b, 0x6b, 0xff, 0xff, 0x9c, 0x00, 0x00, 0x00, 0x00, 0x00, 0x00, 0x00, 0x00,
	0x00, 0x00, 0x00, 0x00, 0x00, 0x00, 0x00, 0x00, 0xae, 0xff, 0xff, 0x6b, 0x9c, 0xff, 0xff, 0x6b,
	0x00, 0x00, 0x00, 0x00, 0x00, 0x00, 0x00, 0x00, 0x00, 0x00, 0x00, 0x00, 0x00, 0x00, 0x00, 0x00,
	0x9c, 0xff, 0xff, 0xae, 0xae, 0xff, 0xff, 0x6b, 0x00, 0x00, 0x00, 0x00, 0x00, 0x00, 0x00, 0x00,
	0x00, 0x00, 0x00, 0x00, 0x00, 0x00, 0x00, 0x00, 0x6b, 0xff, 0xff, 0xae, 0x6b, 0xff, 0xff, 0xff,
	0xff, 0x33, 0x00, 0x00, 0x00, 0x00, 0x00, 0x00, 0x00, 0x00, 0x33, 0xff, 0xff, 0xff, 0x6b, 0xff,
	0xff, 0xff, 0xff, 0xae, 0x00, 0x00, 0x00, 0x00, 0x00, 0x00, 0x00, 0x00, 0x33, 0xff, 0xff, 0xff,
	0x6b, 0xff, 0xff, 0xff, 0xff, 0xff, 0x33, 0x00, 0x00, 0x00, 0x00, 0x00, 0x00, 0x00, 0x33, 0xff,
	0xff, 0xff, 0x6b, 0xff, 0xff, 0xff, 0xff, 0xff, 0x8b, 0x00, 0x00, 0x00, 0x00, 0x00, 0x00, 0x00,
	0x33, 0xff, 0xff, 0xff, 0x6b, 0xff, 0xff, 0xc3, 0xff, 0xff, 0xff, 0x19, 0x00, 0x00, 0x00, 0x00,
	0x00, 0x00, 0x33, 0xff, 0xff, 0xff, 0x6b, 0xff, 0xff, 0x6b, 0xff, 0xff, 0xff, 0x8b, 0x00, 0x00,
	0x00, 0x00, 0x00, 0x00, 0x33, 0xff, 0xff, 0xff, 0x6b, 0xff, 0xff, 0x6b, 0x6b, 0xff, 0xff, 0xff,
	0x0c, 0x00, 0x00, 0x00, 0x00, 0x00, 0x33, 0xff, 0xff, 0xff, 0x6b, 0xff, 0xff, 0x6b, 0x0c, 0xff,
	0xff, 0xff, 0x6b, 0x00, 0x00, 0x00, 0x00, 0x00, 0x33, 0xff, 0xff, 0xff, 0x6b, 0xff, 0xff, 0xae,
	0x00, 0x8b, 0xff, 0xff, 0xff, 0x0c, 0x00, 0x00, 0x00, 0x00, 0x33, 0xff, 0xff, 0xff, 0x6b, 0xff,
	0xff, 0xae, 0x00, 0x19, 0xff, 0xff, 0xff, 0x5c, 0x00, 0x00, 0x00, 0x00, 0x33, 0xff, 0xff, 0xff,
	0x6b, 0xff, 0xff, 0xae, 0x00, 0x00, 0x8b, 0xff, 0xff, 0xda, 0x00, 0x00, 0x00, 0x00, 0x33, 0xff,
	0xff, 0xff, 0x6b, 0xff, 0xff, 0xae, 0x00, 0x00, 0x33, 0xff, 0xff, 0xff, 0x4e, 0x00, 0x00, 0x00,
	0x33, 0xff, 0xff, 0xff, 0x6b, 0xff, 0xff, 0xae, 0x00, 0x00, 0x00, 0xae, 0xff, 0xff, 0xda, 0x00,
	0x00, 0x00, 0x33, 0xff, 0xff, 0xff, 0x6b, 0xff, 0xff, 0xae, 0x00, 0x00, 0x00, 0x33, 0xff, 0xff,
	0xff, 0x33, 0x00, 0x00, 0x33, 0xff, 0xff, 0xff, 0x6b, 0xff, 0xff, 0xae, 0x00, 0x00, 0x00, 0x00,
	0xda, 0xff, 0xff, 0xae, 0x00, 0x00, 0x33, 0xff, 0xff, 0xff, 0x6b, 0xff, 0xff, 0xae, 0x00, 0x00,
	0x00, 0x00, 0x4e, 0xff, 0xff, 0xff, 0x26, 0x00, 0x33, 0xff, 0xff, 0xff, 0x6b, 0xff, 0xff, 0xae,
	0x00, 0x00, 0x00, 0x00, 0x00, 0xda, 0xff, 0xff, 0x8b, 0x00, 0x33, 0xff, 0xff, 0xff, 0x6b, 0xff,
	0xff, 0xae, 0x00, 0x00, 0x00, 0x00, 0x00, 0x6b, 0xff, 0xff, 0xff, 0x19, 0x0c, 0xff, 0xff, 0xff,
	0x6b, 0xff, 0xff, 0xae, 0x00, 0x00, 0x00, 0x00, 0x00, 0x0c, 0xff, 0xff, 0xff, 0x8b, 0x00, 0xff,
	0xff, 0xff, 0x6b, 0xff, 0xff, 0xae, 0x00, 0x00, 0x00, 0x00, 0x00, 0x00, 0x7a, 0xff, 0xff, 0xff,
	0x0c, 0xff, 0xff, 0xff, 0x6b, 0xff, 0xff, 0xae, 0x00, 0x00, 0x00, 0x00, 0x00, 0x00, 0x19, 0xff,
	0xff, 0xff, 0x6b, 0xff, 0xff, 0xff, 0x6b, 0xff, 0xff, 0xae, 0x00, 0x00, 0x00, 0x00, 0x00, 0x00,
	0x00, 0x8b, 0xff, 0xff, 0xff, 0xc3, 0xff, 0xff, 0x6b, 0xff, 0xff, 0xae, 0x00, 0x00, 0x00, 0x00,
	0x00, 0x00, 0x00, 0x19, 0xff, 0xff, 0xff, 0xff, 0xff, 0xff, 0x6b, 0xff, 0xff, 0xae, 0x00, 0x00,
	0x00, 0x00, 0x00, 0x00, 0x00, 0x00, 0xae, 0xff, 0xff, 0xff, 0xff, 0xff, 0x6b, 0xff, 0xff, 0xae,
	0x00, 0x00, 0x00, 0x00, 0x00, 0x00, 0x00, 0x00, 0x33, 0xff, 0xff, 0xff, 0xff, 0xff, 0x6b, 0xff,
	0xff, 0xae, 0x00, 0x00, 0x00, 0x00, 0x00, 0x00, 0x00, 0x00, 0x00, 0xc3, 0xff, 0xff, 0xff, 0xff,
	0x00, 0x00, 0x00, 0x00, 0x00, 0x00, 0x33, 0x8b, 0xc3, 0xff, 0xff, 0xff, 0xc3, 0x8b, 0x33, 0x00,
	0x00, 0x00, 0x00, 0x00, 0x00, 0x00, 0x00, 0x00, 0x00, 0x26, 0xae, 0xff, 0xff, 0xff, 0xff, 0xff,
	0xff, 0xff, 0xff, 0xff, 0xae, 0x19, 0x00, 0x00, 0x00, 0x00, 0x00, 0x00, 0x00, 0x26, 0xff, 0xff,
	0xff, 0xff, 0xff, 0xff, 0xff, 0xff, 0xff, 0xff, 0xff, 0xff, 0xff, 0x26, 0x00, 0x00, 0x00, 0x00,
	0x00, 0x26, 0xff, 0xff, 0xff, 0xff, 0x8b, 0x40, 0x00, 0x00, 0x00, 0x40, 0x8b, 0xff, 0xff, 0xff,
	0xff, 0x26, 0x00, 0x00, 0x00, 0x00, 0xda, 0xff, 0xff, 0xff, 0x4e, 0x00, 0x00, 0x00, 0x00, 0x00,
	0x00, 0x00, 0x4e, 0xff, 0xff, 0xff, 0xc3, 0x00, 0x00, 0x00, 0x6b, 0xff, 0xff, 0xff, 0x4e, 0x00,
	0x00, 0x00, 0x00, 0x00, 0x00, 0x00, 0x00, 0x00, 0x5c, 0xff, 0xff, 0xff, 0x4e, 0x00, 0x00, 0xda,
	0xff, 0xff, 0xae, 0x00, 0x00, 0x00, 0x00, 0x00, 0x00, 0x00, 0x00, 0x00, 0x00, 0x00, 0xda, 0xff,
	0xff, 0xda, 0x00, 0x33, 0xff, 0xff, 0xff, 0x4e, 0x00, 0x00, 0x00, 0x00, 0x00, 0x00, 0x00, 0x00,
	0x00, 0x00, 0x00, 0x5c, 0xff, 0xff, 0xff, 0x26, 0x6b, 0xff, 0xff, 0xff, 0x0c, 0x00, 0x00, 0x00,
	0x00, 0x00, 0x00, 0x00, 0x00, 0x00, 0x00, 0x00, 0x19, 0xff, 0xff, 0xff, 0x6b, 0xae, 0xff, 0xff,
	0xda, 0x00, 0x00, 0x00, 0x00, 0x00, 0x00, 0x00, 0x00, 0x00, 0x00, 0x00, 0x00, 0x00, 0xff, 0xff,
	0xff, 0x9c, 0xda, 0xff, 0xff, 0xae, 0x00, 0x00, 0x00, 0x00, 0x00, 0x00, 0x00, 0x00, 0x00, 0x00,
	0x00, 0x00, 0x00, 0xae, 0xff, 0xff, 0xae, 0xff, 0xff, 0xff, 0xae, 0x00, 0x00, 0x00, 0x00, 0x00,
	0x00, 0x00, 0x00, 0x00, 0x00, 0x00, 0x00, 0x00, 0xae, 0xff, 0xff, 0xff, 0xff, 0xff, 0xff, 0x6b,
	0x00, 0x00, 0x00, 0x00, 0x00, 0x00, 0x00, 0x00, 0x00, 0x00, 0x00, 0x00, 0x00, 0xae, 0xff, 0xff,
	0xff, 0xff, 0xff, 0xff, 0x6b, 0x00, 0x00, 0x00, 0x00, 0x00, 0x00, 0x00, 0x00, 0x00, 0x00, 0x00,
	0x00, 0x00, 0xae, 0xff, 0xff, 0xff, 0xff, 0xff, 0xff, 0xae, 0x00, 0x00, 0x00, 0x00, 0x00, 0x00,
	0x00, 0x00, 0x00, 0x00, 0x00, 0x00, 0x00, 0xae, 0xff, 0xff, 0xff, 0xff, 0xff, 0xff, 0xae, 0x00,
	0x00, 0x00, 0x00, 0x00, 0x00, 0x00, 0x00, 0x00, 0x00, 0x00, 0x00, 0x00, 0xc3, 0xff, 0xff, 0xae,
	0xae, 0xff, 0xff, 0xda, 0x00, 0x00, 0x00, 0x00, 0x00, 0x00, 0x00, 0x00, 0x00, 0x00, 0x00, 0x00,
	0x00, 0xff, 0xff, 0xff, 0x9c, 0x7a, 0xff, 0xff, 0xff, 0x0c, 0x00, 0x00, 0x00, 0x00, 0x00, 0x00,
	0x00, 0x00, 0x00, 0x00, 0x00, 0x26, 0xff, 0xff, 0xff, 0x5c, 0x40, 0xff, 0xff, 0xff, 0x4e, 0x00,
	0x00, 0x00, 0x00, 0x00, 0x00, 0x00, 0x00, 0x00, 0x00, 0x00, 0x5c, 0xff, 0xff, 0xff, 0x26, 0x00,
	0xff, 0xff, 0xff, 0xae, 0x00, 0x00, 0x00, 0x00, 0x00, 0x00, 0x00, 0x00, 0x00, 0x00, 0x00, 0xda,
	0xff, 0xff, 0xda, 0x00, 0x00, 0x6b, 0xff, 0xff, 0xff, 0x4e, 0x00, 0x00, 0x00, 0x00, 0x00, 0x00,
	0x00, 0x00, 0x00, 0x5c, 0xff, 0xff, 0xff, 0x4e, 0x00, 0x00, 0x0c, 0xff, 0xff, 0xff, 0xff, 0x40,
	0x00, 0x00, 0x00, 0x00, 0x00, 0x00, 0x00, 0x4e, 0xff, 0xff, 0xff, 0xc3, 0x00, 0x00, 0x00, 0x00,
	0x33, 0xff, 0xff, 0xff, 0xff, 0x8b, 0x40, 0x00, 0x00, 0x00, 0x40, 0x8b, 0xff, 0xff, 0xff, 0xff,
	0x26, 0x00, 0x00, 0x00, 0x00, 0x00, 0x4e, 0xff, 0xff, 0xff, 0xff, 0xff, 0xff, 0xff, 0xff, 0xff,
	0xff, 0xff, 0xff, 0xff, 0x26, 0x00, 0x00, 0x00, 0x00, 0x00, 0x00, 0x00, 0x26, 0xc3, 0xff, 0xff,
	0xff, 0xff, 0xff, 0xff, 0xff, 0xff, 0xff, 0xae, 0x19, 0x00, 0x00, 0x00, 0x00, 0x00, 0x00, 0x00,
	0x00, 0x00, 0x00, 0x40, 0x8b, 0xc3, 0xff, 0xff, 0xff, 0xc3, 0x7a, 0x33, 0x00, 0x00, 0x00, 0x00,
	0x00, 0x00, 0x6b, 0xff, 0xff, 0xff, 0xff, 0xff, 0xff, 0xff, 0xff, 0xc3, 0x9c, 0x4e, 0x0c, 0x00,
	0x00, 0x00, 0x00, 0x6b, 0xff, 0xff, 0xff, 0xff, 0xff, 0xff, 0xff, 0xff, 0xff, 0xff, 0xff, 0xff,
	0x5c, 0x00, 0x00, 0x00, 0x6b, 0xff, 0xff, 0xff, 0xff, 0xff, 0xff, 0xff, 0xff, 0xff, 0xff, 0xff,
	0xff, 0xff, 0x8b, 0x00, 0x00, 0x6b, 0xff, 0xff, 0xff, 0x00, 0x00, 0x00, 0x00, 0x0c, 0x40, 0x8b,
	0xff, 0xff, 0xff, 0xff, 0x6b, 0x00, 0x6b, 0xff, 0xff, 0xff, 0x00, 0x00, 0x00, 0x00, 0x00, 0x00,
	0x00, 0x26, 0xff, 0xff, 0xff, 0xff, 0x0c, 0x6b, 0xff, 0xff, 0xff, 0x00, 0x00, 0x00, 0x00, 0x00,
	0x00, 0x00, 0x00, 0x6b, 0xff, 0xff, 0xff, 0x5c, 0x6b, 0xff, 0xff, 0xff, 0x00, 0x00, 0x00, 0x00,
	0x00, 0x00, 0x00, 0x00, 0x0c, 0xff, 0xff, 0xff, 0x8b, 0x6b, 0xff, 0xff, 0xff, 0x00, 0x00, 0x00,
	0x00, 0x00, 0x00, 0x00, 0x00, 0x00, 0xff, 0xff, 0xff, 0xae, 0x6b, 0xff, 0xff, 0xff, 0x00, 0x00,
	0x00, 0x00, 0x00, 0x00, 0x00, 0x00, 0x00, 0xff, 0xff, 0xff, 0xae, 0x6b, 0xff, 0xff, 0xff, 0x00,
	0x00, 0x00, 0x00, 0x00, 0x00, 0x00, 0x00, 0x00, 0xff, 0xff, 0xff, 0xae, 0x6b, 0xff, 0xff, 0xff,
	0x00, 0x00, 0x00, 0x00, 0x00, 0x00, 0x00, 0x00, 0x19, 0xff, 0xff, 0xff, 0x7a, 0x6b, 0xff, 0xff,
	0xff, 0x00, 0x00, 0x00, 0x00, 0x00, 0x00, 0x00, 0x00, 0x6b, 0xff, 0xff, 0xff, 0x40, 0x6b, 0xff,
	0xff, 0xff, 0x00, 0x00, 0x00, 0x00, 0x00, 0x00, 0x00, 0x26, 0xff, 0xff, 0xff, 0xff, 0x00, 0x6b,
	0xff, 0xff, 0xff, 0x00, 0x00, 0x00, 0x00, 0x0c, 0x33, 0x8b, 0xff, 0xff, 0xff, 0xff, 0x4e, 0x00,
	0x6b, 0xff, 0xff, 0xff, 0xff, 0xff, 0xff, 0xff, 0xff, 0xff, 0xff, 0xff, 0xff, 0xff, 0x7a, 0x00,
	0x00, 0x6b, 0xff, 0xff, 0xff, 0xff, 0xff, 0xff, 0xff, 0xff, 0xff, 0xff, 0xff, 0xda, 0x40, 0x00,
	0x00, 0x00, 0x6b, 0xff, 0xff, 0xff, 0xff, 0xff, 0xff, 0xff, 0xff, 0xc3, 0x8b, 0x40, 0x00, 0x00,
	0x00, 0x00, 0x00, 0x6b, 0xff, 0xff, 0xff, 0x00, 0x00, 0x00, 0x00, 0x00, 0x00, 0x00, 0x00, 0x00,
	0x00, 0x00, 0x00, 0x00, 0x6b, 0xff, 0xff, 0xff, 0x00, 0x00, 0x00, 0x00, 0x00, 0x00, 0x00, 0x00,
	0x00, 0x00, 0x00, 0x00, 0x00, 0x6b, 0xff, 0xff, 0xff, 0x00, 0x00, 0x00, 0x00, 0x00, 0x00, 0x00,
	0x00, 0x00, 0x00, 0x00, 0x00, 0x00, 0x6b, 0xff, 0xff, 0xff, 0x00, 0x00, 0x00, 0x00, 0x00, 0x00,
	0x00, 0x00, 0x00, 0x00, 0x00, 0x00, 0x00, 0x6b, 0xff, 0xff, 0xff, 0x00, 0x00, 0x00, 0x00, 0x00,
	0x00, 0x00, 0x00, 0x00, 0x00, 0x00, 0x00, 0x00, 0x6b, 0xff, 0xff, 0xff, 0x00, 0x00, 0x00, 0x00,
	0x00, 0x00, 0x00, 0x00, 0x00, 0x00, 0x00, 0x00, 0x00, 0x6b, 0xff, 0xff, 0xff, 0x00, 0x00, 0x00,
	0x00, 0x00, 0x00, 0x00, 0x00, 0x00, 0x00, 0x00, 0x00, 0x00, 0x6b, 0xff, 0xff, 0xff, 0x00, 0x00,
	0x00, 0x00, 0x00, 0x00, 0x00, 0x00, 0x00, 0x00, 0x00, 0x00, 0x00, 0x6b, 0xff, 0xff, 0xff, 0x00,
	0x00, 0x00, 0x00, 0x00, 0x00, 0x00, 0x00, 0x00, 0x00, 0x00, 0x00, 0x00, 0x00, 0x00, 0x00, 0x00,
	0x00, 0x00, 0x33, 0x8b, 0xc3, 0xff, 0xff, 0xff, 0xc3, 0x8b, 0x33, 0x00, 0x00, 0x00, 0x00, 0x00,
	0x00, 0x00, 0x00, 0x00, 0x00, 0x00, 0x19, 0xae, 0xff, 0xff, 0xff, 0xff, 0xff, 0xff, 0xff, 0xff,
	0xff, 0xae, 0x19, 0x00, 0x00, 0x00, 0x00, 0x00, 0x00, 0x00, 0x00, 0x26, 0xff, 0xff, 0xff, 0xff,
	0xff, 0xff, 0xff, 0xff, 0xff, 0xff, 0xff, 0xff, 0xff, 0x26, 0x00, 0x00, 0x00, 0x00, 0x00, 0x00,
	0x26, 0xff, 0xff, 0xff, 0xff, 0x8b, 0x40, 0x00, 0x00, 0x00, 0x40, 0x8b, 0xff, 0xff, 0xff, 0xff,
	0x26, 0x00, 0x00, 0x00, 0x00, 0x00, 0xc3, 0xff, 0xff, 0xff, 0x4e, 0x00, 0x00, 0x00, 0x00, 0x00,
	0x00, 0x00, 0x4e, 0xff, 0xff, 0xff, 0xc3, 0x00, 0x00, 0x00, 0x00, 0x4e, 0xff, 0xff, 0xff, 0x4e,
	0x00, 0x00, 0x00, 0x00, 0x00, 0x00, 0x00, 0x00, 0x00, 0x5c, 0xff, 0xff, 0xff, 0x4e, 0x00, 0x00,
	0x00, 0xda, 0xff, 0xff, 0xae, 0x00, 0x00, 0x00, 0x00, 0x00, 0x00, 0x00, 0x00, 0x00, 0x00, 0x00,
	0xda, 0xff, 0xff, 0xda, 0x00, 0x00, 0x26, 0xff, 0xff, 0xff, 0x4e, 0x00, 0x00, 0x00, 0x00, 0x00,
	0x00, 0x00, 0x00, 0x00, 0x00, 0x00, 0x5c, 0xff, 0xff, 0xff, 0x26, 0x00, 0x6b, 0xff, 0xff, 0xff,
	0x0c, 0x00, 0x00, 0x00, 0x00, 0x00, 0x00, 0x00, 0x00, 0x00, 0x00, 0x00, 0x19, 0xff, 0xff, 0xff,
	0x6b, 0x00, 0xae, 0xff, 0xff, 0xda, 0x00, 0x00, 0x00, 0x00, 0x00, 0x00, 0x00, 0x00, 0x00, 0x00,
	0x00, 0x00, 0x00, 0xff, 0xff, 0xff, 0x9c, 0x00, 0xda, 0xff, 0xff, 0xae, 0x00, 0x00, 0x00, 0x00,
	0x00, 0x00, 0x00, 0x00, 0x00, 0x00, 0x00, 0x00, 0x00, 0xae, 0xff, 0xff, 0xae, 0x00, 0xff, 0xff,
	0xff, 0xae, 0x00, 0x00, 0x00, 0x00, 0x00, 0x00, 0x00, 0x00, 0x00, 0x00, 0x00, 0x00, 0x00, 0xae,
	0xff, 0xff, 0xff, 0x00, 0xff, 0xff, 0xff, 0x6b, 0x00, 0x00, 0x00, 0x00, 0x00, 0x00, 0x00, 0x00,
	0x00, 0x00, 0x00, 0x00, 0x00, 0xae, 0xff, 0xff, 0xff, 0x00, 0xff, 0xff, 0xff, 0x6b, 0x00, 0x00,
	0x00, 0x00, 0x00, 0x00, 0x00, 0x00, 0x00, 0x00, 0x00, 0x00, 0x00, 0xae, 0xff, 0xff, 0xff, 0x00,
	0xff, 0xff, 0xff, 0xae, 0x00, 0x00, 0x00, 0x00, 0x00, 0x00, 0x00, 0x00, 0x00, 0x00, 0x00, 0x00,
	0x00, 0xae, 0xff, 0xff, 0xff, 0x00, 0xff, 0xff, 0xff, 0xae, 0x00, 0x00, 0x00, 0x00, 0x00, 0x00,
	0x00, 0x00, 0x00, 0x00, 0x00, 0x00, 0x00, 0xc3, 0xff, 0xff, 0xae, 0x00, 0xae, 0xff, 0xff, 0xda,
	0x00, 0x00, 0x00, 0x00, 0x00, 0x00, 0x00, 0x00, 0x00, 0x00, 0x00, 0x00, 0x00, 0xff, 0xff, 0xff,
	0x9c, 0x00, 0x7a, 0xff, 0xff, 0xff, 0x0c, 0x00, 0x00, 0x00, 0x00, 0x00, 0x00, 0x00, 0x00, 0x00,
	0x00, 0x00, 0x26, 0xff, 0xff, 0xff, 0x5c, 0x00, 0x40, 0xff, 0xff, 0xff, 0x4e, 0x00, 0x00, 0x00,
	0x00, 0x00, 0x00, 0x00, 0x00, 0x00, 0x00, 0x00, 0x5c, 0xff, 0xff, 0xff, 0x19, 0x00, 0x00, 0xff,
	0xff, 0xff, 0xae, 0x00, 0x00, 0x00, 0x00, 0x00, 0x00, 0x00, 0x00, 0x00, 0x00, 0x00, 0xda, 0xff,
	0xff, 0xae, 0x00, 0x00, 0x00, 0x6b, 0xff, 0xff, 0xff, 0x4e, 0x00, 0x00, 0x00, 0x00, 0x00, 0x00,
	0x00, 0x00, 0x00, 0x5c, 0xff, 0xff, 0xff, 0x26, 0x00, 0x00, 0x00, 0x0c, 0xff, 0xff, 0xff, 0xff,
	0x40, 0x00, 0x00, 0x00, 0x00, 0x00, 0x00, 0x00, 0x4e, 0xff, 0xff, 0xff, 0x5c, 0x00, 0x00, 0x00,
	0x00, 0x00, 0x33, 0xff, 0xff, 0xff, 0xff, 0x8b, 0x40, 0x00, 0x00, 0x00, 0x40, 0x8b, 0xff, 0xff,
	0xff, 0x7a, 0x00, 0x00, 0x00, 0x00, 0x00, 0x00, 0x00, 0x4e, 0xff, 0xff, 0xff, 0xff, 0xff, 0xff,
	0xff, 0xff, 0xff, 0xff, 0xff, 0xff, 0x40, 0x00, 0x00, 0x00, 0x00, 0x00, 0x00, 0x00, 0x00, 0x00,
	0x26, 0xda, 0xff, 0xff, 0xff, 0xff, 0xff, 0xff, 0xff, 0xff, 0xff, 0xff, 0xae, 0x9c, 0x4e, 0x0c,
	0x00, 0x00, 0x00, 0x00, 0x00, 0x00, 0x00, 0x00, 0x40, 0x8b, 0xc3, 0xff, 0xff, 0xff, 0xff, 0xff,
	0xff, 0xff, 0xff, 0xff, 0xff, 0xff, 0x6b, 0x00, 0x00, 0x00, 0x00, 0x00, 0x00, 0x00, 0x00, 0x00,
	0x00, 0x00, 0x00, 0x00, 0x00, 0x33, 0x4e, 0x9c, 0xff, 0xff, 0xff, 0xff, 0xff, 0xae, 0x00, 0x00,
	0x00, 0x00, 0x00, 0x00, 0x00, 0x00, 0x00, 0x00, 0x00, 0x00, 0x00, 0x00, 0x00, 0x00, 0x19, 0xae,
	0xff, 0xff, 0xff, 0x33, 0x00, 0x00, 0x00, 0x00, 0x00, 0x00, 0x00, 0x00, 0x00, 0x00, 0x00, 0x00,
	0x00, 0x00, 0x00, 0x00, 0x00, 0x00, 0x5c, 0xff, 0x6b, 0x00, 0x00, 0x00, 0x00, 0x00, 0x00, 0x00,
	0x00, 0x00, 0x00, 0x00, 0x00, 0x00, 0x00, 0x00, 0x00, 0x00, 0x00, 0x00, 0x00, 0x33, 0x00, 0x00,
	0x6b, 0xff, 0xff, 0xff, 0xff, 0xff, 0xff, 0xff, 0xff, 0xda, 0x9c, 0x5c, 0x19, 0x00, 0x00, 0x00,
	0x00, 0x00, 0x6b, 0xff, 0xff, 0xff, 0xff, 0xff, 0xff, 0xff, 0xff, 0xff, 0xff, 0xff, 0xff, 0x7a,
	0x0c, 0x00, 0x00, 0x00, 0x6b, 0xff, 0xff, 0xff, 0xff, 0xff, 0xff, 0xff, 0xff, 0xff, 0xff, 0xff,
	0xff, 0xff, 0xc3, 0x0c, 0x00, 0x00, 0x6b, 0xff, 0xff, 0xff, 0x00, 0x00, 0x00, 0x00, 0x00, 0x33,
	0x6b, 0xff, 0xff, 0xff, 0xff, 0x8b, 0x00, 0x00, 0x6b, 0xff, 0xff, 0xff, 0x00, 0x00, 0x00, 0x00,
	0x00, 0x00, 0x00, 0x0c, 0xda, 0xff, 0xff, 0xff, 0x19, 0x00, 0x6b, 0xff, 0xff, 0xff, 0x00, 0x00,
	0x00, 0x00, 0x00, 0x00, 0x00, 0x00, 0x4e, 0xff, 0xff, 0xff, 0x4e, 0x00, 0x6b, 0xff, 0xff, 0xff,
	0x00, 0x00, 0x00, 0x00, 0x00, 0x00, 0x00, 0x00, 0x26, 0xff, 0xff, 0xff, 0x6b, 0x00, 0x6b, 0xff,
	0xff, 0xff, 0x00, 0x00, 0x00, 0x00, 0x00, 0x00, 0x00, 0x00, 0x00, 0xff, 0xff, 0xff, 0x6b, 0x00,
	0x6b, 0xff, 0xff, 0xff, 0x00, 0x00, 0x00, 0x00, 0x00, 0x00, 0x00, 0x00, 0x33, 0xff, 0xff, 0xff,
	0x6b, 0x00, 0x6b, 0xff, 0xff, 0xff, 0x00, 0x00, 0x00, 0x00, 0x00, 0x00, 0x00, 0x00, 0x5c, 0xff,
	0xff, 0xff, 0x40, 0x00, 0x6b, 0xff, 0xff, 0xff, 0x00, 0x00, 0x00, 0x00, 0x00, 0x00, 0x00, 0x26,
	0xff, 0xff, 0xff, 0xff, 0x00, 0x00, 0x6b, 0xff, 0xff, 0xff, 0x00, 0x00, 0x00, 0x00, 0x00, 0x26,
	0x6b, 0xff, 0xff, 0xff, 0xff, 0x4e, 0x00, 0x00, 0x6b, 0xff, 0xff, 0xff, 0xff, 0xff, 0xff, 0xff,
	0xff, 0xff, 0xff, 0xff, 0xff, 0xff, 0x7a, 0x00, 0x00, 0x00, 0x6b, 0xff, 0xff, 0xff, 0xff, 0xff,
	0xff, 0xff, 0xff, 0xff, 0xff, 0xff, 0xc3, 0x33, 0x00, 0x00, 0x00, 0x00, 0x6b, 0xff, 0xff, 0xff,
	0xff, 0xff, 0xff, 0xff, 0xff, 0xff, 0xff, 0x5c, 0x00, 0x00, 0x00, 0x00, 0x00, 0x00, 0x6b, 0xff,
	0xff, 0xff, 0x00, 0x00, 0x00, 0x00, 0xda, 0xff, 0xff, 0xda, 0x00, 0x00, 0x00, 0x00, 0x00, 0x00,
	0x6b, 0xff, 0xff, 0xff, 0x00, 0x00, 0x00, 0x00, 0x40, 0xff, 0xff, 0xff, 0x5c, 0x00, 0x00, 0x00,
	0x00, 0x00, 0x6b, 0xff, 0xff, 0xff, 0x00, 0x00, 0x00, 0x00, 0x00, 0xae, 0xff, 0xff, 0xff, 0x0c,
	0x00, 0x00, 0x00, 0x00, 0x6b, 0xff, 0xff, 0xff, 0x00, 0x00, 0x00, 0x00, 0x00, 0x33, 0xff, 0xff,
	0xff, 0x7a, 0x00, 0x00, 0x00, 0x00, 0x6b, 0xff, 0xff, 0xff, 0x00, 0x00, 0x00, 0x00, 0x00, 0x00,
	0xae, 0xff, 0xff, 0xff, 0x19, 0x00, 0x00, 0x00, 0x6b, 0xff, 0xff, 0xff, 0x00, 0x00, 0x00, 0x00,
	0x00, 0x00, 0x19, 0xff, 0xff, 0xff, 0xae, 0x00, 0x00, 0x00, 0x6b, 0xff, 0xff, 0xff, 0x00, 0x00,
	0x00, 0x00, 0x00, 0x00, 0x00, 0x8b, 0xff, 0xff, 0xff, 0x33, 0x00, 0x00, 0x6b, 0xff, 0xff, 0xff,
	0x00, 0x00, 0x00, 0x00, 0x00, 0x00, 0x00, 0x19, 0xff, 0xff, 0xff, 0xda, 0x00, 0x00, 0x6b, 0xff,
	0xff, 0xff, 0x00, 0x00, 0x00, 0x00, 0x00, 0x00, 0x00, 0x00, 0x6b, 0xff, 0xff, 0xff, 0x5c, 0x00,
	0x6b, 0xff, 0xff, 0xff, 0x00, 0x00, 0x00, 0x00, 0x00, 0x00, 0x00, 0x00, 0x0c, 0xff, 0xff, 0xff,
	0xff, 0x0c, 0x6b, 0xff, 0xff, 0xff, 0x00, 0x00, 0x00, 0x00, 0x00, 0x00, 0x00, 0x00, 0x00, 0x6b,
	0xff, 0xff, 0xff, 0x8b, 0x00, 0x00, 0x00, 0x00, 0x19, 0x5c, 0xae, 0xff, 0xff, 0xff, 0xda, 0x9c,
	0x4e, 0x00, 0x00, 0x00, 0x00, 0x00, 0x00, 0x00, 0x00, 0x6b, 0xff, 0xff, 0xff, 0xff, 0xff, 0xff,
	0xff, 0xff, 0xff, 0xda, 0x33, 0x00, 0x00, 0x00, 0x00, 0x00, 0x8b, 0xff, 0xff, 0xff, 0xff, 0xff,
	0xff, 0xff, 0xff, 0xff, 0xff, 0xff, 0xff, 0x5c, 0x00, 0x00, 0x00, 0x40, 0xff, 0xff, 0xff, 0xff,
	0x5c, 0x19, 0x00, 0x00, 0x26, 0x6b, 0xff, 0xff, 0xff, 0xff, 0x33, 0x00, 0x00, 0xc3, 0xff, 0xff,
	0xff, 0x26, 0x00, 0x00, 0x00, 0x00, 0x00, 0x00, 0x0c, 0x8b, 0xff, 0x4e, 0x00, 0x00, 0x00, 0xff,
	0xff, 0xff, 0x7a, 0x00, 0x00, 0x00, 0x00, 0x00, 0x00, 0x00, 0x00, 0x00, 0x26, 0x00, 0x00, 0x00,
	0x00, 0xff, 0xff, 0xff, 0x6b, 0x00, 0x00, 0x00, 0x00, 0x00, 0x00, 0x00, 0x00, 0x00, 0x00, 0x00,
	0x00, 0x00, 0x00, 0xff, 0xff, 0xff, 0x6b, 0x00, 0x00, 0x00, 0x00, 0x00, 0x00, 0x00, 0x00, 0x00,
	0x00, 0x00, 0x00, 0x00, 0x00, 0xc3, 0xff, 0xff, 0xda, 0x0c, 0x00, 0x00, 0x00, 0x00, 0x00, 0x00,
	0x00, 0x00, 0x00, 0x00, 0x00, 0x00, 0x00, 0x4e, 0xff, 0xff, 0xff, 0xc3, 0x33, 0x00, 0x00, 0x00,
	0x00, 0x00, 0x00, 0x00, 0x00, 0x00, 0x00, 0x00, 0x00, 0x00, 0xae, 0xff, 0xff, 0xff, 0xff, 0xae,
	0x4e, 0x0c, 0x00, 0x00, 0x00, 0x00, 0x00, 0x00, 0x00, 0x00, 0x00, 0x00, 0x00, 0x7a, 0xff, 0xff,
	0xff, 0xff, 0xff, 0xff, 0x9c, 0x4e, 0x0c, 0x00, 0x00, 0x00, 0x00, 0x00, 0x00, 0x00, 0x00, 0x00,
	0x33, 0xae, 0xff, 0xff, 0xff, 0xff, 0xff, 0xff, 0xff, 0x6b, 0x0c, 0x00, 0x00, 0x00, 0x00, 0x00,
	0x00, 0x00, 0x00, 0x00, 0x19, 0x5c, 0xc3, 0xff, 0xff, 0xff, 0xff, 0xff, 0xc3, 0x26, 0x00, 0x00,
	0x00, 0x00, 0x00, 0x00, 0x00, 0x00, 0x00, 0x00, 0x00, 0x19, 0x6b, 0xff, 0xff, 0xff, 0xff, 0xda,
	0x0c, 0x00, 0x00, 0x00, 0x00, 0x00, 0x00, 0x00, 0x00, 0x00, 0x00, 0x00, 0x00, 0x0c, 0x9c, 0xff,
	0xff, 0xff, 0x6b, 0x00, 0x00, 0x00, 0x00, 0x00, 0x00, 0x00, 0x00, 0x00, 0x00, 0x00, 0x00, 0x00,
	0x00, 0xda, 0xff, 0xff, 0xff, 0x00, 0x00, 0x00, 0x00, 0x00, 0x00, 0x00, 0x00, 0x00, 0x00, 0x00,
	0x00, 0x00, 0x00, 0x6b, 0xff, 0xff, 0xff, 0x19, 0x00, 0x00, 0x00, 0x00, 0x00, 0x00, 0x00, 0x00,
	0x00, 0x00, 0x00, 0x00, 0x00, 0x6b, 0xff, 0xff, 0xff, 0x33, 0x00, 0x00, 0x00, 0x00, 0x00, 0x00,
	0x00, 0x00, 0x00, 0x00, 0x00, 0x00, 0x00, 0x6b, 0xff, 0xff, 0xff, 0x26, 0x00, 0x26, 0x0c, 0x00,
	0x00, 0x00, 0x00, 0x00, 0x00, 0x00, 0x00, 0x00, 0x00, 0xc3, 0xff, 0xff, 0xff, 0x00, 0x26, 0xff,
	0xda, 0x33, 0x00, 0x00, 0x00, 0x00, 0x00, 0x00, 0x00, 0x00, 0x6b, 0xff, 0xff, 0xff, 0x8b, 0x00,
	0xda, 0xff, 0xff, 0xff, 0xae, 0x4e, 0x26, 0x00, 0x00, 0x0c, 0x40, 0xae, 0xff, 0xff, 0xff, 0xff,
	0x19, 0x00, 0x26, 0xff, 0xff, 0xff, 0xff, 0xff, 0xff, 0xff, 0xff, 0xff, 0xff, 0xff, 0xff, 0xff,
	0xff, 0x4e, 0x00, 0x00, 0x00, 0x0c, 0x8b, 0xff, 0xff, 0xff, 0xff, 0xff, 0xff, 0xff, 0xff, 0xff,
	0xff, 0xc3, 0x26, 0x00, 0x00, 0x00, 0x00, 0x00, 0x00, 0x19, 0x5c, 0xae, 0xda, 0xff, 0xff, 0xff,
	0xc3, 0x8b, 0x40, 0x00, 0x00, 0x00, 0x00, 0x00, 0x6b, 0xff, 0xff, 0xff, 0xff, 0xff, 0xff, 0xff,
	0xff, 0xff, 0xff, 0xff, 0xff, 0xff, 0xff, 0xff, 0xff, 0xff, 0x33, 0x6b, 0xff, 0xff, 0xff, 0xff,
	0xff, 0xff, 0xff, 0xff, 0xff, 0xff, 0xff, 0xff, 0xff, 0xff, 0xff, 0xff, 0xff, 0x00, 0x6b, 0xff,
	0xff, 0xff, 0xff, 0xff, 0xff, 0xff, 0xff, 0xff, 0xff, 0xff, 0xff, 0xff, 0xff, 0xff, 0xff, 0xff,
	0x00, 0x00, 0x00, 0x00, 0x00, 0x00, 0x00, 0x00, 0x6b, 0xff, 0xff, 0xff, 0x00, 0x00, 0x00, 0x00,
	0x00, 0x00, 0x00, 0x00, 0x00, 0x00, 0x00, 0x00, 0x00, 0x00, 0x00, 0x6b, 0xff, 0xff, 0xff, 0x00,
	0x00, 0x00, 0x00, 0x00, 0x00, 0x00, 0x00, 0x00, 0x00, 0x00, 0x00, 0x00, 0x00, 0x00, 0x6b, 0xff,
	0xff, 0xff, 0x00, 0x00, 0x00, 0x00, 0x00, 0x00, 0x00, 0x00, 0x00, 0x00, 0x00, 0x00, 0x00, 0x00,
	0x00, 0x6b, 0xff, 0xff, 0xff, 0x00, 0x00, 0x00, 0x00, 0x00, 0x00, 0x00, 0x00, 0x00, 0x00, 0x00,
	0x00, 0x00, 0x00, 0x00, 0x6b, 0xff, 0xff, 0xff, 0x00, 0x00, 0x00, 0x00, 0x00, 0x00, 0x00, 0x00,
	0x00, 0x00, 0x00, 0x00, 0x00, 0x00, 0x00, 0x6b, 0xff, 0xff, 0xff, 0x00, 0x00, 0x00, 0x00, 0x00,
	0x00, 0x00, 0x00, 0x00, 0x00, 0x00, 0x00, 0x00, 0x00, 0x00, 0x6b, 0xff, 0xff, 0xff, 0x00, 0x00,
	0x00, 0x00, 0x00, 0x00, 0x00, 0x00, 0x00, 0x00, 0x00, 0x00, 0x00, 0x00, 0x00, 0x6b, 0xff, 0xff,
	0xff, 0x00, 0x00, 0x00, 0x00, 0x00, 0x00, 0x00, 0x00, 0x00, 0x00, 0x00, 0x00, 0x00, 0x00, 0x00,
	0x6b, 0xff, 0xff, 0xff, 0x00, 0x00, 0x00, 0x00, 0x00, 0x00, 0x00, 0x00, 0x00, 0x00, 0x00, 0x00,
	0x00, 0x00, 0x00, 0x6b, 0xff, 0xff, 0xff, 0x00, 0x00, 0x00, 0x00, 0x00, 0x00, 0x00, 0x00, 0x00,
	0x00, 0x00, 0x00, 0x00, 0x00, 0x00, 0x6b, 0xff, 0xff, 0xff, 0x00, 0x00, 0x00, 0x00, 0x00, 0x00,
	0x00, 0x00, 0x00, 0x00, 0x00, 0x00, 0x00, 0x00, 0x00, 0x6b, 0xff, 0xff, 0xff, 0x00, 0x00, 0x00,
	0x00, 0x00, 0x00, 0x00, 0x00, 0x00, 0x00, 0x00, 0x00, 0x00, 0x00, 0x00, 0x6b, 0xff, 0xff, 0xff,
	0x00, 0x00, 0x00, 0x00, 0x00, 0x00, 0x00, 0x00, 0x00, 0x00, 0x00, 0x00, 0x00, 0x00, 0x00, 0x6b,
	0xff, 0xff, 0xff, 0x00, 0x00, 0x00, 0x00, 0x00, 0x00, 0x00, 0x00, 0x00, 0x00, 0x00, 0x00, 0x00,
	0x00, 0x00, 0x6b, 0xff, 0xff, 0xff, 0x00, 0x00, 0x00, 0x00, 0x00, 0x00, 0x00, 0x00, 0x00, 0x00,
	0x00, 0x00, 0x00, 0x00, 0x00, 0x6b, 0xff, 0xff, 0xff, 0x00, 0x00, 0x00, 0x00, 0x00, 0x00, 0x00,
	0x00, 0x00, 0x00, 0x00, 0x00, 0x00, 0x00, 0x00, 0x6b, 0xff, 0xff, 0xff, 0x00, 0x00, 0x00, 0x00,
	0x00, 0x00, 0x00, 0x00, 0x00, 0x00, 0x00, 0x00, 0x00, 0x00, 0x00, 0x6b, 0xff, 0xff, 0xff, 0x00,
	0x00, 0x00, 0x00, 0x00, 0x00, 0x00, 0x00, 0x00, 0x00, 0x00, 0x00, 0x00, 0x00, 0x00, 0x6b, 0xff,
	0xff, 0xff, 0x00, 0x00, 0x00, 0x00, 0x00, 0x00, 0x00, 0x00, 0x00, 0x00, 0x00, 0x00, 0x00, 0x00,
	0x00, 0x6b, 0xff, 0xff, 0xff, 0x00, 0x00, 0x00, 0x00, 0x00, 0x00, 0x00, 0x00, 0x00, 0x00, 0x00,
	0x00, 0x00, 0x00, 0x00, 0x6b, 0xff, 0xff, 0xff, 0x00, 0x00, 0x00, 0x00, 0x00, 0x00, 0x00, 0x00,
	0x00, 0x00, 0x00, 0x00, 0x00, 0x00, 0x00, 0x6b, 0xff, 0xff, 0xff, 0x00, 0x00, 0x00, 0x00, 0x00,
	0x00, 0x00, 0x00, 0x00, 0x00, 0x00, 0x00, 0x00, 0x00, 0x00, 0x6b, 0xff, 0xff, 0xff, 0x00, 0x00,
	0x00, 0x00, 0x00, 0x00, 0x00, 0x00, 0xae, 0xff, 0xff, 0xae, 0x00, 0x00, 0x00, 0x00, 0x00, 0x00,
	0x00, 0x00, 0x00, 0x00, 0xae, 0xff, 0xff, 0x6b, 0xae, 0xff, 0xff, 0xae, 0x00, 0x00, 0x00, 0x00,
	0x00, 0x00, 0x00, 0x00, 0x00, 0x00, 0xae, 0xff, 0xff, 0x6b, 0xae, 0xff, 0xff, 0xae, 0x00, 0x00,
	0x00, 0x00, 0x00, 0x00, 0x00, 0x00, 0x00, 0x00, 0xae, 0xff, 0xff, 0x6b, 0xae, 0xff, 0xff, 0xae,
	0x00, 0x00, 0x00, 0x00, 0x00, 0x00, 0x00, 0x00, 0x00, 0x00, 0xae, 0xff, 0xff, 0x6b, 0xae, 0xff,
	0xff, 0xae, 0x00, 0x00, 0x00, 0x00, 0x00, 0x00, 0x00, 0x00, 0x00, 0x00, 0xae, 0xff, 0xff, 0x6b,
	0xae, 0xff, 0xff, 0xae, 0x00, 0x00, 0x00, 0x00, 0x00, 0x00, 0x00, 0x00, 0x00, 0x00, 0xae, 0xff,
	0xff, 0x6b, 0xae, 0xff, 0xff, 0xae, 0x00, 0x00, 0x00, 0x00, 0x00, 0x00, 0x00, 0x00, 0x00, 0x00,
	0xae, 0xff, 0xff, 0x6b, 0xae, 0xff, 0xff, 0xae, 0x00, 0x00, 0x00, 0x00, 0x00, 0x00, 0x00, 0x00,
	0x00, 0x00, 0xae, 0xff, 0xff, 0x6b, 0xae, 0xff, 0xff, 0xae, 0x00, 0x00, 0x00, 0x00, 0x00, 0x00,
	0x00, 0x00, 0x00, 0x00, 0xae, 0xff, 0xff, 0x6b, 0xae, 0xff, 0xff, 0xae, 0x00, 0x00, 0x00, 0x00,
	0x00, 0x00, 0x00, 0x00, 0x00, 0x00, 0xae, 0xff, 0xff, 0x6b, 0xae, 0xff, 0xff, 0xae, 0x00, 0x00,
	0x00, 0x00, 0x00, 0x00, 0x00, 0x00, 0x00, 0x00, 0xae, 0xff, 0xff, 0x6b, 0xae, 0xff, 0xff, 0xae,
	0x00, 0x00, 0x00, 0x00, 0x00, 0x00, 0x00, 0x00, 0x00, 0x00, 0xae, 0xff, 0xff, 0x6b, 0xae, 0xff,
	0xff, 0xae, 0x00, 0x00, 0x00, 0x00, 0x00, 0x00, 0x00, 0x00, 0x00, 0x00, 0xae, 0xff, 0xff, 0x6b,
	0xae, 0xff, 0xff, 0xae, 0x00, 0x00, 0x00, 0x00, 0x00, 0x00, 0x00, 0x00, 0x00, 0x00, 0xae, 0xff,
	0xff, 0x6b, 0xae, 0xff, 0xff, 0xae, 0x00, 0x00, 0x00, 0x00, 0x00, 0x00, 0x00, 0x00, 0x00, 0x00,
	0xae, 0xff, 0xff, 0x6b, 0xae, 0xff, 0xff, 0xae, 0x00, 0x00, 0x00, 0x00, 0x00, 0x00, 0x00, 0x00,
	0x00, 0x00, 0xae, 0xff, 0xff, 0x6b, 0xae, 0xff, 0xff, 0xae, 0x00, 0x00, 0x00, 0x00, 0x00, 0x00,
	0x00, 0x00, 0x00, 0x00, 0xae, 0xff, 0xff, 0x6b, 0xae, 0xff, 0xff, 0xae, 0x00, 0x00, 0x00, 0x00,
	0x00, 0x00, 0x00, 0x00, 0x00, 0x00, 0xc3, 0xff, 0xff, 0x6b, 0xae, 0xff, 0xff, 0xae, 0x00, 0x00,
	0x00, 0x00, 0x00, 0x00, 0x00, 0x00, 0x00, 0x00, 0xff, 0xff, 0xff, 0x6b, 0x7a, 0xff, 0xff, 0xff,
	0x00, 0x00, 0x00, 0x00, 0x00, 0x00, 0x00, 0x00, 0x00, 0x19, 0xff, 0xff, 0xff, 0x4e, 0x40, 0xff,
	0xff, 0xff, 0x40, 0x00, 0x00, 0x00, 0x00, 0x00, 0x00, 0x00, 0x00, 0x6b, 0xff, 0xff, 0xff, 0x19,
	0x00, 0xff, 0xff, 0xff, 0xda, 0x0c, 0x00, 0x00, 0x00, 0x00, 0x00, 0x00, 0x26, 0xff, 0xff, 0xff,
	0xae, 0x00, 0x00, 0x5c, 0xff, 0xff, 0xff, 0xff, 0x4e, 0x19, 0x00, 0x00, 0x26, 0x6b, 0xff, 0xff,
	0xff, 0xff, 0x26, 0x00, 0x00, 0x00, 0x8b, 0xff, 0xff, 0xff, 0xff, 0xff, 0xff, 0xff, 0xff, 0xff,
	0xff, 0xff, 0xff, 0x4e, 0x00, 0x00, 0x00, 0x00, 0x00, 0x6b, 0xff, 0xff, 0xff, 0xff, 0xff, 0xff,
	0xff, 0xff, 0xff, 0xff, 0x40, 0x00, 0x00, 0x00, 0x00, 0x00, 0x00, 0x00, 0x19, 0x7a, 0xae, 0xff,
	0xff, 0xff, 0xff, 0x9c, 0x4e, 0x0c, 0x00, 0x00, 0x00, 0x00, 0x8b, 0xff, 0xff, 0xff, 0x0c, 0x00,
	0x00, 0x00, 0x00, 0x00, 0x00, 0x00, 0x00, 0x00, 0x00, 0x00, 0xc3, 0xff, 0xff, 0x8b, 0x40, 0xff,
	0xff, 0xff, 0x40, 0x00, 0x00, 0x00, 0x00, 0x00, 0x00, 0x00, 0x00, 0x00, 0x00, 0x0c, 0xff, 0xff,
	0xff, 0x4e, 0x0c, 0xff, 0xff, 0xff, 0x8b, 0x00, 0x00, 0x00, 0x00, 0x00, 0x00, 0x00, 0x00, 0x00,
	0x00, 0x4e, 0xff, 0xff, 0xff, 0x0c, 0x00, 0x9c, 0xff, 0xff, 0xda, 0x00, 0x00, 0x00, 0x00, 0x00,
	0x00, 0x00, 0x00, 0x00, 0x00, 0x8b, 0xff, 0xff, 0x9c, 0x00, 0x00, 0x4e, 0xff, 0xff, 0xff, 0x19,
	0x00, 0x00, 0x00, 0x00, 0x00, 0x00, 0x00, 0x00, 0x00, 0xff, 0xff, 0xff, 0x5c, 0x00, 0x00, 0x19,
	0xff, 0xff, 0xff, 0x5c, 0x00, 0x00, 0x00, 0x00, 0x00, 0x00, 0x00, 0x00, 0x26, 0xff, 0xff, 0xff,
	0x19, 0x00, 0x00, 0x00, 0xc3, 0xff, 0xff, 0x9c, 0x00, 0x00, 0x00, 0x00, 0x00, 0x00, 0x00, 0x00,
	0x6b, 0xff, 0xff, 0xc3, 0x00, 0x00, 0x00, 0x00, 0x5c, 0xff, 0xff, 0xff, 0x00, 0x00, 0x00, 0x00,
	0x00, 0x00, 0x00, 0x00, 0xc3, 0xff, 0xff, 0x7a, 0x00, 0x00, 0x00, 0x00, 0x26, 0xff, 0xff, 0xff,
	0x40, 0x00, 0x00, 0x00, 0x00, 0x00, 0x00, 0x0c, 0xff, 0xff, 0xff, 0x26, 0x00, 0x00, 0x00, 0x00,
	0x00, 0xda, 0xff, 0xff, 0x7a, 0x00, 0x00, 0x00, 0x00, 0x00, 0x00, 0x40, 0xff, 0xff, 0xda, 0x00,
	0x00, 0x00, 0x00, 0x00, 0x00, 0x7a, 0xff, 0xff, 0xda, 0x00, 0x00, 0x00, 0x00, 0x00, 0x00, 0x8b,
	0xff, 0xff, 0x8b, 0x00, 0x00, 0x00, 0x00, 0x00, 0x00, 0x33, 0xff, 0xff, 0xff, 0x19, 0x00, 0x00,
	0x00, 0x00, 0x00, 0xda, 0xff, 0xff, 0x40, 0x00, 0x00, 0x00, 0x00, 0x00, 0x00, 0x00, 0xff, 0xff,
	0xff, 0x4e, 0x00, 0x00, 0x00, 0x00, 0x26, 0xff, 0xff, 0xff, 0x00, 0x00, 0x00, 0x00, 0x00, 0x00,
	0x00, 0x00, 0x8b, 0xff, 0xff, 0x9c, 0x00, 0x00, 0x00, 0x00, 0x5c, 0xff, 0xff, 0x9c, 0x00, 0x00,
	0x00, 0x00, 0x00, 0x00, 0x00, 0x00, 0x40, 0xff, 0xff, 0xff, 0x00, 0x00, 0x00, 0x00, 0xae, 0xff,
	0xff, 0x4e, 0x00, 0x00, 0x00, 0x00, 0x00, 0x00, 0x00, 0x00, 0x0c, 0xff, 0xff, 0xff, 0x33, 0x00,
	0x00, 0x0c, 0xff, 0xff, 0xff, 0x0c, 0x00, 0x00, 0x00, 0x00, 0x00, 0x00, 0x00, 0x00, 0x00, 0x9c,
	0xff, 0xff, 0x7a, 0x00, 0x00, 0x40, 0xff, 0xff, 0xc3, 0x00, 0x00, 0x00, 0x00, 0x00, 0x00, 0x00,
	0x00, 0x00, 0x00, 0x4e, 0xff, 0xff, 0xc3, 0x00, 0x00, 0x7a, 0xff, 0xff, 0x5c, 0x00, 0x00, 0x00,
	0x00, 0x00, 0x00, 0x00, 0x00, 0x00, 0x00, 0x19, 0xff, 0xff, 0xff, 0x19, 0x00, 0xda, 0xff, 0xff,
	0x19, 0x00, 0x00, 0x00, 0x00, 0x00, 0x00, 0x00, 0x00, 0x00, 0x00, 0x00, 0xc3, 0xff, 0xff, 0x4e,
	0x19, 0xff, 0xff, 0xda, 0x00, 0x00, 0x00, 0x00, 0x00, 0x00, 0x00, 0x00, 0x00, 0x00, 0x00, 0x00,
	0x5c, 0xff, 0xff, 0x8b, 0x5c, 0xff, 0xff, 0x7a, 0x00, 0x00, 0x00, 0x00, 0x00, 0x00, 0x00, 0x00,
	0x00, 0x00, 0x00, 0x00, 0x26, 0xff, 0xff, 0xff, 0x9c, 0xff, 0xff, 0x33, 0x00, 0x00, 0x00, 0x00,
	0x00, 0x00, 0x00, 0x00, 0x00, 0x00, 0x00, 0x00, 0x00, 0xda, 0xff, 0xff, 0xff, 0xff, 0xff, 0x00,
	0x00, 0x00, 0x00, 0x00, 0x00, 0x00, 0x00, 0x00, 0x00, 0x00, 0x00, 0x00, 0x00, 0x7a, 0xff, 0xff,
	0xff, 0xff, 0x8b, 0x00, 0x00, 0x00, 0x00, 0x00, 0x00, 0x00, 0x00, 0x00, 0x00, 0x00, 0x00, 0x00,
	0x00, 0x33, 0xff, 0xff, 0xff, 0xff, 0x40, 0x00, 0x00, 0x00, 0x00, 0x00, 0x00, 0x00, 0x00, 0x00,
	0x00, 0x00, 0x00, 0x00, 0x00, 0x00, 0xff, 0xff, 0xff, 0xff, 0x0c, 0x00, 0x00, 0x00, 0x00, 0x00,
	0x00, 0x00, 0xff, 0xff, 0xff, 0x40, 0x00, 0x00, 0x00, 0x00, 0x00, 0x00, 0x00, 0x0c, 0xff, 0xff,
	0xff, 0xae, 0x00, 0x00, 0x00, 0x00, 0x00, 0x00, 0x00, 0x00, 0x4e, 0xff, 0xff, 0xae, 0xc3, 0xff,
	0xff, 0x6b, 0x00, 0x00, 0x00, 0x00, 0x00, 0x00, 0x00, 0x33, 0xff, 0xff, 0xff, 0xff, 0x00, 0x00,
	0x00, 0x00, 0x00, 0x00, 0x00, 0x00, 0x7a, 0xff, 0xff, 0x7a, 0x8b, 0xff, 0xff, 0x9c, 0x00, 0x00,
	0x00, 0x00, 0x00, 0x00, 0x00, 0x6b, 0xff, 0xff, 0xff, 0xff, 0x33, 0x00, 0x00, 0x00, 0x00, 0x00,
	0x00, 0x00, 0xae, 0xff, 0xff, 0x4e, 0x5c, 0xff, 0xff, 0xda, 0x00, 0x00, 0x00, 0x00, 0x00, 0x00,
	0x00, 0x9c, 0xff, 0xff, 0xff, 0xff, 0x5c, 0x00, 0x00, 0x00, 0x00, 0x00, 0x00, 0x00, 0xff, 0xff,
	0xff, 0x26, 0x33, 0xff, 0xff, 0xff, 0x00, 0x00, 0x00, 0x00, 0x00, 0x00, 0x00, 0xff, 0xff, 0xda,
	0xff, 0xff, 0x8b, 0x00, 0x00, 0x00, 0x00, 0x00, 0x00, 0x19, 0xff, 0xff, 0xff, 0x00, 0x00, 0xff,
	0xff, 0xff, 0x33, 0x00, 0x00, 0x00, 0x00, 0x00, 0x19, 0xff, 0xff, 0x7a, 0xff, 0xff, 0xc3, 0x00,
	0x00, 0x00, 0x00, 0x00, 0x00, 0x33, 0xff, 0xff, 0xae, 0x00, 0x00, 0xc3, 0xff, 0xff, 0x4e, 0x00,
	0x00, 0x00, 0x00, 0x00, 0x40, 0xff, 0xff, 0x4e, 0xae, 0xff, 0xff, 0x0c, 0x00, 0x00, 0x00, 0x00,
	0x00, 0x6b, 0xff, 0xff, 0x7a, 0x00, 0x00, 0x8b, 0xff, 0xff, 0x7a, 0x00, 0x00, 0x00, 0x00, 0x00,
	0x6b, 0xff, 0xff, 0x19, 0x6b, 0xff, 0xff, 0x33, 0x00, 0x00, 0x00, 0x00, 0x00, 0x9c, 0xff, 0xff,
	0x4e, 0x00, 0x00, 0x6b, 0xff, 0xff, 0xae, 0x00, 0x00, 0x00, 0x00, 0x00, 0xae, 0xff, 0xff, 0x00,
	0x33, 0xff, 0xff, 0x6b, 0x00, 0x00, 0x00, 0x00, 0x00, 0xc3, 0xff, 0xff, 0x26, 0x00, 0x00, 0x33,
	0xff, 0xff, 0xff, 0x00, 0x00, 0x00, 0x00, 0x00, 0xff, 0xff, 0xae, 0x00, 0x0c, 0xff, 0xff, 0x9c,
	0x00, 0x00, 0x00, 0x00, 0x00, 0xff, 0xff, 0xff, 0x00, 0x00, 0x00, 0x0c, 0xff, 0xff, 0xff, 0x0c,
	0x00, 0x00, 0x00, 0x26, 0xff, 0xff, 0x6b, 0x00, 0x00, 0xda, 0xff, 0xff, 0x00, 0x00, 0x00, 0x00,
	0x33, 0xff, 0xff, 0xc3, 0x00, 0x00, 0x00, 0x00, 0xda, 0xff, 0xff, 0x33, 0x00, 0x00, 0x00, 0x4e,
	0xff, 0xff, 0x40, 0x00, 0x00, 0x8b, 0xff, 0xff, 0x19, 0x00, 0x00, 0x00, 0x4e, 0xff, 0xff, 0x8b,
	0x00, 0x00, 0x00, 0x00, 0x9c, 0xff, 0xff, 0x5c, 0x00, 0x00, 0x00, 0x7a, 0xff, 0xff, 0x0c, 0x00,
	0x00, 0x5c, 0xff, 0xff, 0x40, 0x00, 0x00, 0x00, 0x7a, 0xff, 0xff, 0x5c, 0x00, 0x00, 0x00, 0x00,
	0x6b, 0xff, 0xff, 0x8b, 0x00, 0x00, 0x00, 0xae, 0xff, 0xda, 0x00, 0x00, 0x00, 0x33, 0xff, 0xff,
	0x7a, 0x00, 0x00, 0x00, 0xae, 0xff, 0xff, 0x33, 0x00, 0x00, 0x00, 0x00, 0x33, 0xff, 0xff, 0xae,
	0x00, 0x00, 0x00, 0xff, 0xff, 0x9c, 0x00, 0x00, 0x00, 0x00, 0xff, 0xff, 0xae, 0x00, 0x00, 0x00,
	0xff, 0xff, 0xff, 0x00, 0x00, 0x00, 0x00, 0x00, 0x0c, 0xff, 0xff, 0xff, 0x00, 0x00, 0x33, 0xff,
	0xff, 0x5c, 0x00, 0x00, 0x00, 0x00, 0xc3, 0xff, 0xff, 0x00, 0x00, 0x0c, 0xff, 0xff, 0xc3, 0x00,
	0x00, 0x00, 0x00, 0x00, 0x00, 0xff, 0xff, 0xff, 0x19, 0x00, 0x5c, 0xff, 0xff, 0x33, 0x00, 0x00,
	0x00, 0x00, 0x7a, 0xff, 0xff, 0x26, 0x00, 0x33, 0xff, 0xff, 0x8b, 0x00, 0x00, 0x00, 0x00, 0x00,
	0x00, 0xae, 0xff, 0xff, 0x33, 0x00, 0x8b, 0xff, 0xff, 0x00, 0x00, 0x00, 0x00, 0x00, 0x4e, 0xff,
	0xff, 0x5c, 0x00, 0x6b, 0xff, 0xff, 0x5c, 0x00, 0x00, 0x00, 0x00, 0x00, 0x00, 0x6b, 0xff, 0xff,
	0x6b, 0x00, 0xc3, 0xff, 0xc3, 0x00, 0x00, 0x00, 0x00, 0x00, 0x26, 0xff, 0xff, 0x8b, 0x00, 0x8b,
	0xff, 0xff, 0x33, 0x00, 0x00, 0x00, 0x00, 0x00, 0x00, 0x40, 0xff, 0xff, 0x9c, 0x00, 0xff, 0xff,
	0x7a, 0x00, 0x00, 0x00, 0x00, 0x00, 0x00, 0xff, 0xff, 0xc3, 0x00, 0xc3, 0xff, 0xff, 0x0c, 0x00,
	0x00, 0x00, 0x00, 0x00, 0x00, 0x19, 0xff, 0xff, 0xc3, 0x33, 0xff, 0xff, 0x4e, 0x00, 0x00, 0x00,
	0x00, 0x00, 0x00, 0xae, 0xff, 0xff, 0x0c, 0xff, 0xff, 0xda, 0x00, 0x00, 0x00, 0x00, 0x00, 0x00,
	0x00, 0x00, 0xff, 0xff, 0xff, 0x6b, 0xff, 0xff, 0x26, 0x00, 0x00, 0x00, 0x00, 0x00, 0x00, 0x6b,
	0xff, 0xff, 0x5c, 0xff, 0xff, 0x9c, 0x00, 0x00, 0x00, 0x00, 0x00, 0x00, 0x00, 0x00, 0xae, 0xff,
	0xff, 0xda, 0xff, 0xff, 0x00, 0x00, 0x00, 0x00, 0x00, 0x00, 0x00, 0x40, 0xff, 0xff, 0xda, 0xff,
	0xff, 0x6b, 0x00, 0x00, 0x00, 0x00, 0x00, 0x00, 0x00, 0x00, 0x6b, 0xff, 0xff, 0xff, 0xff, 0xae,
	0x00, 0x00, 0x00, 0x00, 0x00, 0x00, 0x00, 0x19, 0xff, 0xff, 0xff, 0xff, 0xff, 0x33, 0x00, 0x00,
	0x00, 0x00, 0x00, 0x00, 0x00, 0x00, 0x4e, 0xff, 0xff, 0xff, 0xff, 0x6b, 0x00, 0x00, 0x00, 0x00,
	0x00, 0x00, 0x00, 0x00, 0xff, 0xff, 0xff, 0xff, 0xff, 0x0c, 0x00, 0x00, 0x00, 0x00, 0x00, 0x00,
	0x00, 0x00, 0x26, 0xff, 0xff, 0xff, 0xff, 0x40, 0x00, 0x00, 0x00, 0x00, 0x00, 0x00, 0x00, 0x00,
	0x9c, 0xff, 0xff, 0xff, 0xda, 0x00, 0x00, 0x00, 0x00, 0x00, 0x0c, 0xda, 0xff, 0xff, 0xff, 0x0c,
	0x00, 0x00, 0x00, 0x00, 0x00, 0x00, 0x00, 0x00, 0x6b, 0xff, 0xff, 0xff, 0x26, 0x00, 0x00, 0x40,
	0xff, 0xff, 0xff, 0x6b, 0x00, 0x00, 0x00, 0x00, 0x00, 0x00, 0x00, 0x0c, 0xff, 0xff, 0xff, 0x8b,
	0x00, 0x00, 0x00, 0x00, 0xae, 0xff, 0xff, 0xff, 0x0c, 0x00, 0x00, 0x00, 0x00, 0x00, 0x00, 0x6b,
	0xff, 0xff, 0xff, 0x0c, 0x00, 0x00, 0x00, 0x00, 0x33, 0xff, 0xff, 0xff, 0x6b, 0x00, 0x00, 0x00,
	0x00, 0x00, 0x0c, 0xff, 0xff, 0xff, 0x6b, 0x00, 0x00, 0x00, 0x00, 0x00, 0x00, 0x8b, 0xff, 0xff,
	0xff, 0x0c, 0x00, 0x00, 0x00, 0x00, 0x6b, 0xff, 0xff, 0xda, 0x00, 0x00, 0x00, 0x00, 0x00, 0x00,
	0x00, 0x19, 0xff, 0xff, 0xff, 0x6b, 0x00, 0x00, 0x00, 0x19, 0xff, 0xff, 0xff, 0x4e, 0x00, 0x00,
	0x00, 0x00, 0x00, 0x00, 0x00, 0x00, 0x6b, 0xff, 0xff, 0xff, 0x0c, 0x00, 0x00, 0x8b, 0xff, 0xff,
	0xae, 0x00, 0x00, 0x00, 0x00, 0x00, 0x00, 0x00, 0x00, 0x00, 0x0c, 0xff, 0xff, 0xff, 0x6b, 0x00,
	0x19, 0xff, 0xff, 0xff, 0x33, 0x00, 0x00, 0x00, 0x00, 0x00, 0x00, 0x00, 0x00, 0x00, 0x00, 0x5c,
	0xff, 0xff, 0xff, 0x0c, 0x8b, 0xff, 0xff, 0x8b, 0x00, 0x00, 0x00, 0x00, 0x00, 0x00, 0x00, 0x00,
	0x00, 0x00, 0x00, 0x00, 0xda, 0xff, 0xff, 0xae, 0xff, 0xff, 0xff, 0x19, 0x00, 0x00, 0x00, 0x00,
	0x00, 0x00, 0x00, 0x00, 0x00, 0x00, 0x00, 0x00, 0x40, 0xff, 0xff, 0xff, 0xff, 0xff, 0x6b, 0x00,
	0x00, 0x00, 0x00, 0x00, 0x00, 0x00, 0x00, 0x00, 0x00, 0x00, 0x00, 0x00, 0x00, 0xae, 0xff, 0xff,
	0xff, 0xff, 0x0c, 0x00, 0x00, 0x00, 0x00, 0x00, 0x00, 0x00, 0x00, 0x00, 0x00, 0x00, 0x00, 0x00,
	0x00, 0x7a, 0xff, 0xff, 0xff, 0xff, 0x0c, 0x00, 0x00, 0x00, 0x00, 0x00, 0x00, 0x00, 0x00, 0x00,
	0x00, 0x00, 0x00, 0x00, 0x19, 0xff, 0xff, 0xff, 0xff, 0xff, 0x6b, 0x00, 0x00, 0x00, 0x00, 0x00,
	0x00, 0x00, 0x00, 0x00, 0x00, 0x00, 0x00, 0x00, 0x8b, 0xff, 0xff, 0xda, 0xff, 0xff, 0xff, 0x19,
	0x00, 0x00, 0x00, 0x00, 0x00, 0x00, 0x00, 0x00, 0x00, 0x00, 0x00, 0x19, 0xff, 0xff, 0xff, 0x19,
	0xda, 0xff, 0xff, 0x8b, 0x00, 0x00, 0x00, 0x00, 0x00, 0x00, 0x00, 0x00, 0x00, 0x00, 0x00, 0xae,
	0xff, 0xff, 0x8b, 0x00, 0x4e, 0xff, 0xff, 0xff, 0x19, 0x00, 0x00, 0x00, 0x00, 0x00, 0x00, 0x00,
	0x00, 0x00, 0x33, 0xff, 0xff, 0xff, 0x19, 0x00, 0x00, 0xda, 0xff, 0xff, 0x9c, 0x00, 0x00, 0x00,
	0x00, 0x00, 0x00, 0x00, 0x00, 0x00, 0xae, 0xff, 0xff, 0x8b, 0x00, 0x00, 0x00, 0x4e, 0xff, 0xff,
	0xff, 0x33, 0x00, 0x00, 0x00, 0x00, 0x00, 0x00, 0x00, 0x40, 0xff, 0xff, 0xff, 0x19, 0x00, 0x00,
	0x00, 0x00, 0xda, 0xff, 0xff, 0xae, 0x00, 0x00, 0x00, 0x00, 0x00, 0x00, 0x00, 0xda, 0xff, 0xff,
	0x8b, 0x00, 0x00, 0x00, 0x00, 0x00, 0x4e, 0xff, 0xff, 0xff, 0x33, 0x00, 0x00, 0x00, 0x00, 0x00,
	0x4e, 0xff, 0xff, 0xff, 0x19, 0x00, 0x00, 0x00, 0x00, 0x00, 0x00, 0xda, 0xff, 0xff, 0xda, 0x00,
	0x00, 0x00, 0x00, 0x0c, 0xda, 0xff, 0xff, 0x8b, 0x00, 0x00, 0x00, 0x00, 0x00, 0x00, 0x00, 0x4e,
	0xff, 0xff, 0xff, 0x4e, 0x00, 0x00, 0x00, 0x6b, 0xff, 0xff, 0xff, 0x19, 0x00, 0x00, 0x00, 0x00,
	0x00, 0x00, 0x00, 0x00, 0xda, 0xff, 0xff, 0xda, 0x00, 0x00, 0x0c, 0xff, 0xff, 0xff, 0x8b, 0x00,
	0x00, 0x00, 0x00, 0x00, 0x00, 0x00, 0x00, 0x00, 0x4e, 0xff, 0xff, 0xff, 0x6b, 0x00, 0x6b, 0xff,
	0xff, 0xff, 0x19, 0x00, 0x00, 0x00, 0x00, 0x00, 0x00, 0x00, 0x00, 0x00, 0x00, 0xda, 0xff, 0xff,
	0xff, 0x0c, 0x8b, 0xff, 0xff, 0xff, 0x26, 0x00, 0x00, 0x00, 0x00, 0x00, 0x00, 0x00, 0x00, 0x00,
	0x00, 0x19, 0xff, 0xff, 0xff, 0x5c, 0x19, 0xff, 0xff, 0xff, 0x8b, 0x00, 0x00, 0x00, 0x00, 0x00,
	0x00, 0x00, 0x00, 0x00, 0x00, 0x8b, 0xff, 0xff, 0xda, 0x00, 0x00, 0x8b, 0xff, 0xff, 0xff, 0x19,
	0x00, 0x00, 0x00, 0x00, 0x00, 0x00, 0x00, 0x00, 0x19, 0xff, 0xff, 0xff, 0x4e, 0x00, 0x00, 0x19,
	0xff, 0xff, 0xff, 0x8b, 0x00, 0x00, 0x00, 0x00, 0x00, 0x00, 0x00, 0x00, 0x8b, 0xff, 0xff, 0xda,
	0x00, 0x00, 0x00, 0x00, 0x8b, 0xff, 0xff, 0xff, 0x19, 0x00, 0x00, 0x00, 0x00, 0x00, 0x00, 0x0c,
	0xff, 0xff, 0xff, 0x4e, 0x00, 0x00, 0x00, 0x00, 0x19, 0xff, 0xff, 0xff, 0x6b, 0x00, 0x00, 0x00,
	0x00, 0x00, 0x00, 0x6b, 0xff, 0xff, 0xda, 0x00, 0x00, 0x00, 0x00, 0x00, 0x00, 0x8b, 0xff, 0xff,
	0xff, 0x0c, 0x00, 0x00, 0x00, 0x00, 0x0c, 0xff, 0xff, 0xff, 0x4e, 0x00, 0x00, 0x00, 0x00, 0x00,
	0x00, 0x19, 0xff, 0xff, 0xff, 0x6b, 0x00, 0x00, 0x00, 0x00, 0x6b, 0xff, 0xff, 0xda, 0x00, 0x00,
	0x00, 0x00, 0x00, 0x00, 0x00, 0x00, 0x8b, 0xff, 0xff, 0xff, 0x0c, 0x00, 0x00, 0x00, 0xda, 0xff,
	0xff, 0x4e, 0x00, 0x00, 0x00, 0x00, 0x00, 0x00, 0x00, 0x00, 0x19, 0xff, 0xff, 0xff, 0x4e, 0x00,
	0x00, 0x4e, 0xff, 0xff, 0xda, 0x00, 0x00, 0x00, 0x00, 0x00, 0x00, 0x00, 0x00, 0x00, 0x00, 0x8b,
	0xff, 0xff, 0xda, 0x00, 0x00, 0xda, 0xff, 0xff, 0x4e, 0x00, 0x00, 0x00, 0x00, 0x00, 0x00, 0x00,
	0x00, 0x00, 0x00, 0x19, 0xff, 0xff, 0xff, 0x4e, 0x4e, 0xff, 0xff, 0xda, 0x00, 0x00, 0x00, 0x00,
	0x00, 0x00, 0x00, 0x00, 0x00, 0x00, 0x00, 0x00, 0x8b, 0xff, 0xff, 0xda, 0xc3, 0xff, 0xff, 0x4e,
	0x00, 0x00, 0x00, 0x00, 0x00, 0x00, 0x00, 0x00, 0x00, 0x00, 0x00, 0x00, 0x19, 0xff, 0xff, 0xff,
	0xff, 0xff, 0xda, 0x00, 0x00, 0x00, 0x00, 0x00, 0x00, 0x00, 0x00, 0x00, 0x00, 0x00, 0x00, 0x00,
	0x00, 0x8b, 0xff, 0xff, 0xff, 0xff, 0x4e, 0x00, 0x00, 0x00, 0x00, 0x00, 0x00, 0x00, 0x00, 0x00,
	0x00, 0x00, 0x00, 0x00, 0x00, 0x19, 0xff, 0xff, 0xff, 0xda, 0x00, 0x00, 0x00, 0x00, 0x00, 0x00,
	0x00, 0x00, 0x00, 0x00, 0x00, 0x00, 0x00, 0x00, 0x00, 0x00, 0xae, 0xff, 0xff, 0xae, 0x00, 0x00,
	0x00, 0x00, 0x00, 0x00, 0x00, 0x00, 0x00, 0x00, 0x00, 0x00, 0x00, 0x00, 0x00, 0x00, 0xae, 0xff,
	0xff, 0xae, 0x00, 0x00, 0x00, 0x00, 0x00, 0x00, 0x00, 0x00, 0x00, 0x00, 0x00, 0x00, 0x00, 0x00,
	0x00, 0x00, 0xae, 0xff, 0xff, 0xae, 0x00, 0x00, 0x00, 0x00, 0x00, 0x00, 0x00, 0x00, 0x00, 0x00,
	0x00, 0x00, 0x00, 0x00, 0x00, 0x00, 0xae, 0xff, 0xff, 0xae, 0x00, 0x00, 0x00, 0x00, 0x00, 0x00,
	0x00, 0x00, 0x00, 0x00, 0x00, 0x00, 0x00, 0x00, 0x00, 0x00, 0xae, 0xff, 0xff, 0xae, 0x00, 0x00,
	0x00, 0x00, 0x00, 0x00, 0x00, 0x00, 0x00, 0x00, 0x00, 0x00, 0x00, 0x00, 0x00, 0x00, 0xae, 0xff,
	0xff, 0xae, 0x00, 0x00, 0x00, 0x00, 0x00, 0x00, 0x00, 0x00, 0x00, 0x00, 0x00, 0x00, 0x00, 0x00,
	0x00, 0x00, 0xae, 0xff, 0xff, 0xae, 0x00, 0x00, 0x00, 0x00, 0x00, 0x00, 0x00, 0x00, 0x00, 0x00,
	0x00, 0x00, 0x00, 0x00, 0x00, 0x00, 0xae, 0xff, 0xff, 0xae, 0x00, 0x00, 0x00, 0x00, 0x00, 0x00,
	0x00, 0x00, 0x00, 0x00, 0x00, 0x00, 0x00, 0x00, 0x00, 0x00, 0xae, 0xff, 0xff, 0xae, 0x00, 0x00,
	0x00, 0x00, 0x00, 0x00, 0x00, 0x00, 0x00, 0x00, 0x00, 0x00, 0x00, 0x00, 0x00, 0x00, 0xae, 0xff,
	0xff, 0xae, 0x00, 0x00, 0x00, 0x00, 0x00, 0x00, 0x00, 0x00, 0x00, 0xae, 0xff, 0xff, 0xff, 0xff,
	0xff, 0xff, 0xff, 0xff, 0xff, 0xff, 0xff, 0xff, 0xff, 0xff, 0x33, 0x00, 0xae, 0xff, 0xff, 0xff,
	0xff, 0xff, 0xff, 0xff, 0xff, 0xff, 0xff, 0xff, 0xff, 0xff, 0xff, 0x33, 0x00, 0xae, 0xff, 0xff,
	0xff, 0xff, 0xff, 0xff, 0xff, 0xff, 0xff, 0xff, 0xff, 0xff, 0xff, 0xff, 0x33, 0x00, 0x00, 0x00,
	0x00, 0x00, 0x00, 0x00, 0x00, 0x00, 0x00, 0x00, 0x00, 0xc3, 0xff, 0xff, 0xae, 0x00, 0x00, 0x00,
	0x00, 0x00, 0x00, 0x00, 0x00, 0x00, 0x00, 0x00, 0x00, 0x6b, 0xff, 0xff, 0xff, 0x26, 0x00, 0x00,
	0x00, 0x00, 0x00, 0x00, 0x00, 0x00, 0x00, 0x00, 0x00, 0x19, 0xff, 0xff, 0xff, 0x7a, 0x00, 0x00,
	0x00, 0x00, 0x00, 0x00, 0x00, 0x00, 0x00, 0x00, 0x00, 0x00, 0x9c, 0xff, 0xff, 0xff, 0x0c, 0x00,
	0x00, 0x00, 0x00, 0x00, 0x00, 0x00, 0x00, 0x00, 0x00, 0x00, 0x33, 0xff, 0xff, 0xff, 0x40, 0x00,
	0x00, 0x00, 0x00, 0x00, 0x00, 0x00, 0x00, 0x00, 0x00, 0x00, 0x0c, 0xda, 0xff, 0xff, 0xae, 0x00,
	0x00, 0x00, 0x00, 0x00, 0x00, 0x00, 0x00, 0x00, 0x00, 0x00, 0x00, 0x6b, 0xff, 0xff, 0xff, 0x19,
	0x00, 0x00, 0x00, 0x00, 0x00, 0x00, 0x00, 0x00, 0x00, 0x00, 0x00, 0x19, 0xff, 0xff, 0xff, 0x6b,
	0x00, 0x00, 0x00, 0x00, 0x00, 0x00, 0x00, 0x00, 0x00, 0x00, 0x00, 0x00, 0xae, 0xff, 0xff, 0xda,
	0x0c, 0x00, 0x00, 0x00, 0x00, 0x00, 0x00, 0x00, 0x00, 0x00, 0x00, 0x00, 0x4e, 0xff, 0xff, 0xff,
	0x33, 0x00, 0x00, 0x00, 0x00, 0x00, 0x00, 0x00, 0x00, 0x00, 0x00, 0x00, 0x0c, 0xff, 0xff, 0xff,
	0x9c, 0x00, 0x00, 0x00, 0x00, 0x00, 0x00, 0x00, 0x00, 0x00, 0x00, 0x00, 0x00, 0x7a, 0xff, 0xff,
	0xff, 0x19, 0x00, 0x00, 0x00, 0x00, 0x00, 0x00, 0x00, 0x00, 0x00, 0x00, 0x00, 0x33, 0xff, 0xff,
	0xff, 0x6b, 0x00, 0x00, 0x00, 0x00, 0x00, 0x00, 0x00, 0x00, 0x00, 0x00, 0x00, 0x00, 0xc3, 0xff,
	0xff, 0xda, 0x00, 0x00, 0x00, 0x00, 0x00, 0x00, 0x00, 0x00, 0x00, 0x00, 0x00, 0x00, 0x5c, 0xff,
	0xff, 0xff, 0x33, 0x00, 0x00, 0x00, 0x00, 0x00, 0x00, 0x00, 0x00, 0x00, 0x00, 0x00, 0x0c, 0xff,
	0xff, 0xff, 0x8b, 0x00, 0x00, 0x00, 0x00, 0x00, 0x00, 0x00, 0x00, 0x00, 0x00, 0x00, 0x00, 0x9c,
	0xff, 0xff, 0xff, 0x0c, 0x00, 0x00, 0x00, 0x00, 0x00, 0x00, 0x00, 0x00, 0x00, 0x00, 0x00, 0x33,
	0xff, 0xff, 0xff, 0x5c, 0x00, 0x00, 0x00, 0x00, 0x00, 0x00, 0x00, 0x00, 0x00, 0x00, 0x00, 0x00,
	0xda, 0xff, 0xff, 0xc3, 0x00, 0x00, 0x00, 0x00, 0x00, 0x00, 0x00, 0x00, 0x00, 0x00, 0x00, 0x00,
	0x6b, 0xff, 0xff, 0xff, 0x26, 0x00, 0x00, 0x00, 0x00, 0x00, 0x00, 0x00, 0x00, 0x00, 0x00, 0x00,
	0x00, 0xff, 0xff, 0xff, 0xff, 0xff, 0xff, 0xff, 0xff, 0xff, 0xff, 0xff, 0xff, 0xff, 0xff, 0xff,
	0xff, 0x0c, 0xff, 0xff, 0xff, 0xff, 0xff, 0xff, 0xff, 0xff, 0xff, 0xff, 0xff, 0xff, 0xff, 0xff,
	0xff, 0xff, 0x00, 0xff, 0xff, 0xff, 0xff, 0xff, 0xff, 0xff, 0xff, 0xff, 0xff, 0xff, 0xff, 0xff,
	0xff, 0xff, 0xc3, 0x00, 0xae, 0xff, 0xff, 0xff, 0xff, 0xff, 0xff, 0xae, 0xae, 0xff, 0xff, 0xff,
	0xff, 0xff, 0xff, 0xae, 0xae, 0xff, 0xff, 0xff, 0xff, 0xff, 0xff, 0xae, 0xae, 0xff, 0xff, 0x6b,
	0x00, 0x00, 0x00, 0x00, 0xae, 0xff, 0xff, 0x6b, 0x00, 0x00, 0x00, 0x00, 0xae, 0xff, 0xff, 0x6b,
	0x00, 0x00, 0x00, 0x00, 0xae, 0xff, 0xff, 0x6b, 0x00, 0x00, 0x00, 0x00, 0xae, 0xff, 0xff, 0x6b,
	0x00, 0x00, 0x00, 0x00, 0xae, 0xff, 0xff, 0x6b, 0x00, 0x00, 0x00, 0x00, 0xae, 0xff, 0xff, 0x6b,
	0x00, 0x00, 0x00, 0x00, 0xae, 0xff, 0xff, 0x6b, 0x00, 0x00, 0x00, 0x00, 0xae, 0xff, 0xff, 0x6b,
	0x00, 0x00, 0x00, 0x00, 0xae, 0xff, 0xff, 0x6b, 0x00, 0x00, 0x00, 0x00, 0xae, 0xff, 0xff, 0x6b,
	0x00, 0x00, 0x00, 0x00, 0xae, 0xff, 0xff, 0x6b, 0x00, 0x00, 0x00, 0x00, 0xae, 0xff, 0xff, 0x6b,
	0x00, 0x00, 0x00, 0x00, 0xae, 0xff, 0xff, 0x6b, 0x00, 0x00, 0x00, 0x00, 0xae, 0xff, 0xff, 0x6b,
	0x00, 0x00, 0x00, 0x00, 0xae, 0xff, 0xff, 0x6b, 0x00, 0x00, 0x00, 0x00, 0xae, 0xff, 0xff, 0x6b,
	0x00, 0x00, 0x00, 0x00, 0xae, 0xff, 0xff, 0x6b, 0x00, 0x00, 0x00, 0x00, 0xae, 0xff, 0xff, 0x6b,
	0x00, 0x00, 0x00, 0x00, 0xae, 0xff, 0xff, 0x6b, 0x00, 0x00, 0x00, 0x00, 0xae, 0xff, 0xff, 0x6b,
	0x00, 0x00, 0x00, 0x00, 0xae, 0xff, 0xff, 0x6b, 0x00, 0x00, 0x00, 0x00, 0xae, 0xff, 0xff, 0x6b,
	0x00, 0x00, 0x00, 0x00, 0xae, 0xff, 0xff, 0x6b, 0x00, 0x00, 0x00, 0x00, 0xae, 0xff, 0xff, 0x6b,
	0x00, 0x00, 0x00, 0x00, 0xae, 0xff, 0xff, 0x6b, 0x00, 0x00, 0x00, 0x00, 0xae, 0xff, 0xff, 0x6b,
	0x00, 0x00, 0x00, 0x00, 0xae, 0xff, 0xff, 0x6b, 0x00, 0x00, 0x00, 0x00, 0xae, 0xff, 0xff, 0x6b,
	0x00, 0x00, 0x00, 0x00, 0xae, 0xff, 0xff, 0xff, 0xff, 0xff, 0xff, 0xae, 0xae, 0xff, 0xff, 0xff,
	0xff, 0xff, 0xff, 0xae, 0xae, 0xff, 0xff, 0xff, 0xff, 0xff, 0xff, 0xae, 0x0c, 0x5c, 0x9c, 0x8b,
	0x00, 0x00, 0x00, 0x00, 0x00, 0x00, 0x00, 0x00, 0x00, 0xff, 0xff, 0xff, 0x00, 0x00, 0x00, 0x00,
	0x00, 0x00, 0x00, 0x00, 0x00, 0xae, 0xff, 0xff, 0x26, 0x00, 0x00, 0x00, 0x00, 0x00, 0x00, 0x00,
	0x00, 0x6b, 0xff, 0xff, 0x5c, 0x00, 0x00, 0x00, 0x00, 0x00, 0x00, 0x00, 0x00, 0x33, 0xff, 0xff,
	0x9c, 0x00, 0x00, 0x00, 0x00, 0x00, 0x00, 0x00, 0x00, 0x00, 0xff, 0xff, 0xff, 0x00, 0x00, 0x00,
	0x00, 0x00, 0x00, 0x00, 0x00, 0x00, 0xae, 0xff, 0xff, 0x26, 0x00, 0x00, 0x00, 0x00, 0x00, 0x00,
	0x00, 0x00, 0x6b, 0xff, 0xff, 0x5c, 0x00, 0x00, 0x00, 0x00, 0x00, 0x00, 0x00, 0x00, 0x33, 0xff,
	0xff, 0x9c, 0x00, 0x00, 0x00, 0x00, 0x00, 0x00, 0x00, 0x00, 0x00, 0xff, 0xff, 0xff, 0x00, 0x00,
	0x00, 0x00, 0x00, 0x00, 0x00, 0x00, 0x00, 0xae, 0xff, 0xff, 0x33, 0x00, 0x00, 0x00, 0x00, 0x00,
	0x00, 0x00, 0x00, 0x6b, 0xff, 0xff, 0x6b, 0x00, 0x00, 0x00, 0x00, 0x00, 0x00, 0x00, 0x00, 0x33,
	0xff, 0xff, 0xae, 0x00, 0x00, 0x00, 0x00, 0x00, 0x00, 0x00, 0x00, 0x00, 0xff, 0xff, 0xff, 0x00,
	0x00, 0x00, 0x00, 0x00, 0x00, 0x00, 0x00, 0x00, 0xae, 0xff, 0xff, 0x33, 0x00, 0x00, 0x00, 0x00,
	0x00, 0x00, 0x00, 0x00, 0x6b, 0xff, 0xff, 0x6b, 0x00, 0x00, 0x00, 0x00, 0x00, 0x00, 0x00, 0x00,
	0x33, 0xff, 0xff, 0xae, 0x00, 0x00, 0x00, 0x00, 0x00, 0x00, 0x00, 0x00, 0x00, 0xff, 0xff, 0xff,
	0x00, 0x00, 0x00, 0x00, 0x00, 0x00, 0x00, 0x00, 0x00, 0xae, 0xff, 0xff, 0x33, 0x00, 0x00, 0x00,
	0x00, 0x00, 0x00, 0x00, 0x00, 0x6b, 0xff, 0xff, 0x6b, 0x00, 0x00, 0x00, 0x00, 0x00, 0x00, 0x00,
	0x00, 0x33, 0xff, 0xff, 0xae, 0x00, 0x00, 0x00, 0x00, 0x00, 0x00, 0x00, 0x00, 0x00, 0xff, 0xff,
	0xff, 0x00, 0x00, 0x00, 0x00, 0x00, 0x00, 0x00, 0x00, 0x00, 0xae, 0xff, 0xff, 0x33, 0x00, 0x00,
	0x00, 0x00, 0x00, 0x00, 0x00, 0x00, 0x6b, 0xff, 0xff, 0x6b, 0x00, 0x00, 0x00, 0x00, 0x00, 0x00,
	0x00, 0x00, 0x33, 0xff, 0xff, 0xae, 0x00, 0x00, 0x00, 0x00, 0x00, 0x00, 0x00, 0x00, 0x00, 0xff,
	0xff, 0xff, 0x00, 0x00, 0x00, 0x00, 0x00, 0x00, 0x00, 0x00, 0x00, 0xae, 0xff, 0xff, 0x33, 0x00,
	0x00, 0x00, 0x00, 0x00, 0x00, 0x00, 0x00, 0x6b, 0xff, 0xff, 0x6b, 0x00, 0x00, 0x00, 0x00, 0x00,
	0x00, 0x00, 0x00, 0x33, 0xff, 0xff, 0xae, 0x00, 0x00, 0x00, 0x00, 0x00, 0x00, 0x00, 0x00, 0x00,
	0xff, 0xff, 0xff, 0x00, 0x00, 0x00, 0x00, 0x00, 0x00, 0x00, 0x00, 0x00, 0xae, 0xff, 0xff, 0x33,
	0x00, 0x00, 0x00, 0x00, 0x00, 0x00, 0x00, 0x00, 0x6b, 0xff, 0xff, 0x6b, 0x00, 0x00, 0x00, 0x00,
	0x00, 0x00, 0x00, 0x00, 0x33, 0xff, 0xff, 0xae, 0x00, 0x00, 0x00, 0x00, 0x00, 0x00, 0x00, 0x00,
	0x00, 0xae, 0x6b, 0x33, 0x33, 0xff, 0xff, 0xff, 0xff, 0xff, 0xff, 0xff, 0x33, 0x33, 0xff, 0xff,
	0xff, 0xff, 0xff, 0xff, 0xff, 0x33, 0x33, 0xff, 0xff, 0xff, 0xff, 0xff, 0xff, 0xff, 0x33, 0x00,
	0x00, 0x00, 0x00, 0x00, 0xff, 0xff, 0xff, 0x33, 0x00, 0x00, 0x00, 0x00, 0x00, 0xff, 0xff, 0xff,
	0x33, 0x00, 0x00, 0x00, 0x00, 0x00, 0xff, 0xff, 0xff, 0x33, 0x00, 0x00, 0x00, 0x00, 0x00, 0xff,
	0xff, 0xff, 0x33, 0x00, 0x00, 0x00, 0x00, 0x00, 0xff, 0xff, 0xff, 0x33, 0x00, 0x00, 0x00, 0x00,
	0x00, 0xff, 0xff, 0xff, 0x33, 0x00, 0x00, 0x00, 0x00, 0x00, 0xff, 0xff, 0xff, 0x33, 0x00, 0x00,
	0x00, 0x00, 0x00, 0xff, 0xff, 0xff, 0x33, 0x00, 0x00, 0x00, 0x00, 0x00, 0xff, 0xff, 0xff, 0x33,
	0x00, 0x00, 0x00, 0x00, 0x00, 0xff, 0xff, 0xff, 0x33, 0x00, 0x00, 0x00, 0x00, 0x00, 0xff, 0xff,
	0xff, 0x33, 0x00, 0x00, 0x00, 0x00, 0x00, 0xff, 0xff, 0xff, 0x33, 0x00, 0x00, 0x00, 0x00, 0x00,
	0xff, 0xff, 0xff, 0x33, 0x00, 0x00, 0x00, 0x00, 0x00, 0xff, 0xff, 0xff, 0x33, 0x00, 0x00, 0x00,
	0x00, 0x00, 0xff, 0xff, 0xff, 0x33, 0x00, 0x00, 0x00, 0x00, 0x00, 0xff, 0xff, 0xff, 0x33, 0x00,
	0x00, 0x00, 0x00, 0x00, 0xff, 0xff, 0xff, 0x33, 0x00, 0x00, 0x00, 0x00, 0x00, 0xff, 0xff, 0xff,
	0x33, 0x00, 0x00, 0x00, 0x00, 0x00, 0xff, 0xff, 0xff, 0x33, 0x00, 0x00, 0x00, 0x00, 0x00, 0xff,
	0xff, 0xff, 0x33, 0x00, 0x00, 0x00, 0x00, 0x00, 0xff, 0xff, 0xff, 0x33, 0x00, 0x00, 0x00, 0x00,
	0x00, 0xff, 0xff, 0xff, 0x33, 0x00, 0x00, 0x00, 0x00, 0x00, 0xff, 0xff, 0xff, 0x33, 0x00, 0x00,
	0x00, 0x00, 0x00, 0xff, 0xff, 0xff, 0x33, 0x00, 0x00, 0x00, 0x00, 0x00, 0xff, 0xff, 0xff, 0x33,
	0x00, 0x00, 0x00, 0x00, 0x00, 0xff, 0xff, 0xff, 0x33, 0x00, 0x00, 0x00, 0x00, 0x00, 0xff, 0xff,
	0xff, 0x33, 0x00, 0x00, 0x00, 0x00, 0x00, 0xff, 0xff, 0xff, 0x33, 0x00, 0x00, 0x00, 0x00, 0x00,
	0xff, 0xff, 0xff, 0x33, 0x33, 0xff, 0xff, 0xff, 0xff, 0xff, 0xff, 0xff, 0x33, 0x33, 0xff, 0xff,
	0xff, 0xff, 0xff, 0xff, 0xff, 0x33, 0x33, 0xff, 0xff, 0xff, 0xff, 0xff, 0xff, 0xff, 0x33, 0x00,
	0x00, 0x00, 0x00, 0x00, 0x00, 0x00, 0x5c, 0x6b, 0x6b, 0x26, 0x00, 0x00, 0x00, 0x00, 0x00, 0x00,
	0x00, 0x00, 0x00, 0x00, 0x00, 0x00, 0x40, 0xff, 0xff, 0xff, 0xae, 0x00, 0x00, 0x00, 0x00, 0x00,
	0x00, 0x00, 0x00, 0x00, 0x00, 0x00, 0x0c, 0xda, 0xff, 0xff, 0xff, 0xff, 0x4e, 0x00, 0x00, 0x00,
	0x00, 0x00, 0x00, 0x00, 0x00, 0x00, 0x00, 0x6b, 0xff, 0xff, 0xc3, 0xff, 0xff, 0xff, 0x0c, 0x00,
	0x00, 0x00, 0x00, 0x00, 0x00, 0x00, 0x00, 0x19, 0xff, 0xff, 0xff, 0x19, 0xae, 0xff, 0xff, 0x7a,
	0x00, 0x00, 0x00, 0x00, 0x00, 0x00, 0x00, 0x00, 0xae, 0xff, 0xff, 0x7a, 0x00, 0x26, 0xff, 0xff,
	0xff, 0x26, 0x00, 0x00, 0x00, 0x00, 0x00, 0x00, 0x40, 0xff, 0xff, 0xff, 0x0c, 0x00, 0x00, 0x8b,
	0xff, 0xff, 0xae, 0x00, 0x00, 0x00, 0x00, 0x00, 0x00, 0xda, 0xff, 0xff, 0x6b, 0x00, 0x00, 0x00,
	0x19, 0xff, 0xff, 0xff, 0x40, 0x00, 0x00, 0x00, 0x00, 0x6b, 0xff, 0xff, 0xda, 0x00, 0x00, 0x00,
	0x00, 0x00, 0x6b, 0xff, 0xff, 0xda, 0x0c, 0x00, 0x00, 0x19, 0xff, 0xff, 0xff, 0x4e, 0x00, 0x00,
	0x00, 0x00, 0x00, 0x0c, 0xda, 0xff, 0xff, 0x6b, 0x00, 0x00, 0x9c, 0xff, 0xff, 0xae, 0x00, 0x00,
	0x00, 0x00, 0x00, 0x00, 0x00, 0x4e, 0xff, 0xff, 0xff, 0x19, 0x33, 0xff, 0xff, 0xff, 0x33, 0x00,
	0x00, 0x00, 0x00, 0x00, 0x00, 0x00, 0x00, 0xc3, 0xff, 0xff, 0xae, 0x6b, 0xff, 0xff, 0xff, 0xff,
	0xff, 0xff, 0xff, 0xff, 0xff, 0xff, 0xff, 0xff, 0xff, 0xff, 0xff, 0xff, 0xff, 0x6b, 0xff, 0xff,
	0xff, 0xff, 0xff, 0xff, 0xff, 0xff, 0xff, 0xff, 0xff, 0xff, 0xff, 0xff, 0xff, 0xff, 0xff, 0x6b,
	0xff, 0xff, 0xff, 0xff, 0xff, 0xff, 0xff, 0xff, 0xff, 0xff, 0xff, 0xff, 0xff, 0xff, 0xff, 0xff,
	0xff, 0x00, 0x4e, 0x26, 0x00, 0x00, 0x00, 0x00, 0x00, 0x00, 0x19, 0xff, 0xff, 0x7a, 0x0c, 0x00,
	0x00, 0x00, 0x00, 0x8b, 0xff, 0xff, 0xff, 0xff, 0x4e, 0x00, 0x00, 0x00, 0x40, 0xae, 0xff, 0xff,
	0xff, 0xff, 0xae, 0x33, 0x00, 0x00, 0x00, 0x19, 0x8b, 0xff, 0xff, 0xff, 0xff, 0x5c, 0x00, 0x00,
	0x00, 0x00, 0x0c, 0x4e, 0xda, 0xff, 0x26, 0x00, 0x00, 0x00, 0x00, 0x00, 0x00, 0x00, 0x19, 0x00,
	0x00, 0x00, 0x00, 0x19, 0x5c, 0x9c, 0xc3, 0xff, 0xff, 0xff, 0xc3, 0x8b, 0x19, 0x00, 0x00, 0x00,
	0x00, 0x00, 0x00, 0x9c, 0xff, 0xff, 0xff, 0xff, 0xff, 0xff, 0xff, 0xff, 0xff, 0xff, 0x4e, 0x00,
	0x00, 0x00, 0x00, 0x00, 0x8b, 0xff, 0xff, 0xff, 0xff, 0xff, 0xff, 0xff, 0xff, 0xff, 0xff, 0xff,
	0x33, 0x00, 0x00, 0x00, 0x00, 0x33, 0x8b, 0x4e, 0x33, 0x0c, 0x00, 0x00, 0x19, 0x6b, 0xff, 0xff,
	0xff, 0xae, 0x00, 0x00, 0x00, 0x00, 0x00, 0x00, 0x00, 0x00, 0x00, 0x00, 0x00, 0x00, 0x00, 0x4e,
	0xff, 0xff, 0xff, 0x00, 0x00, 0x00, 0x00, 0x00, 0x00, 0x00, 0x00, 0x00, 0x00, 0x00, 0x00, 0x00,
	0x19, 0xff, 0xff, 0xff, 0x33, 0x00, 0x00, 0x00, 0x00, 0x00, 0x00, 0x00, 0x00, 0x00, 0x00, 0x00,
	0x00, 0x00, 0xff, 0xff, 0xff, 0x33, 0x00, 0x00, 0x00, 0x00, 0x00, 0x33, 0x7a, 0xae, 0xff, 0xff,
	0xff, 0xff, 0xff, 0xff, 0xff, 0xff, 0x33, 0x00, 0x00, 0x00, 0x0c, 0xae, 0xff, 0xff, 0xff, 0xff,
	0xff, 0xff, 0xff, 0xff, 0xff, 0xff, 0xff, 0x33, 0x00, 0x00, 0x0c, 0xc3, 0xff, 0xff, 0xff, 0xff,
	0xff, 0xff, 0xff, 0xff, 0xff, 0xff, 0xff, 0xff, 0x33, 0x00, 0x00, 0x8b, 0xff, 0xff, 0xff, 0xda,
	0x4e, 0x26, 0x00, 0x00, 0x00, 0x00, 0xff, 0xff, 0xff, 0x33, 0x00, 0x0c, 0xff, 0xff, 0xff, 0xc3,
	0x0c, 0x00, 0x00, 0x00, 0x00, 0x00, 0x00, 0xff, 0xff, 0xff, 0x33, 0x00, 0x33, 0xff, 0xff, 0xff,
	0x40, 0x00, 0x00, 0x00, 0x00, 0x00, 0x00, 0x00, 0xff, 0xff, 0xff, 0x33, 0x00, 0x40, 0xff, 0xff,
	0xff, 0x33, 0x00, 0x00, 0x00, 0x00, 0x00, 0x00, 0x00, 0xff, 0xff, 0xff, 0x33, 0x00, 0x33, 0xff,
	0xff, 0xff, 0x33, 0x00, 0x00, 0x00, 0x00, 0x00, 0x00, 0x33, 0xff, 0xff, 0xff, 0x33, 0x00, 0x26,
	0xff, 0xff, 0xff, 0x6b, 0x00, 0x00, 0x00, 0x00, 0x00, 0x26, 0xff, 0xff, 0xff, 0xff, 0x33, 0x00,
	0x00, 0xda, 0xff, 0xff, 0xff, 0x5c, 0x0c, 0x00, 0x19, 0x6b, 0xff, 0xff, 0xff, 0xff, 0xff, 0x9c,
	0x00, 0x00, 0x40, 0xff, 0xff, 0xff, 0xff, 0xff, 0xff, 0xff, 0xff, 0xff, 0xae, 0x4e, 0xff, 0xff,
	0xff, 0x8b, 0x00, 0x00, 0x7a, 0xff, 0xff, 0xff, 0xff, 0xff, 0xff, 0xff, 0xc3, 0x0c, 0x00, 0xc3,
	0xff, 0xff, 0x5c, 0x00, 0x00, 0x00, 0x33, 0x9c, 0xff, 0xff, 0xff, 0xae, 0x4e, 0x00, 0x00, 0x00,
	0x0c, 0x8b, 0xff, 0x26, 0x33, 0x6b, 0xae, 0x7a, 0x00, 0x00, 0x00, 0x00, 0x00, 0x00, 0x00, 0x00,
	0x00, 0x00, 0x00, 0x00, 0x00, 0x6b, 0xff, 0xff, 0xae, 0x00, 0x00, 0x00, 0x00, 0x00, 0x00, 0x00,
	0x00, 0x00, 0x00, 0x00, 0x00, 0x00, 0x6b, 0xff, 0xff, 0xae, 0x00, 0x00, 0x00, 0x00, 0x00, 0x00,
	0x00, 0x00, 0x00, 0x00, 0x00, 0x00, 0x00, 0x6b, 0xff, 0xff, 0xae, 0x00, 0x00, 0x00, 0x00, 0x00,
	0x00, 0x00, 0x00, 0x00, 0x00, 0x00, 0x00, 0x00, 0x6b, 0xff, 0xff, 0xae, 0x00, 0x00, 0x00, 0x00,
	0x00, 0x00, 0x00, 0x00, 0x00, 0x00, 0x00, 0x00, 0x00, 0x6b, 0xff, 0xff, 0xae, 0x00, 0x00, 0x00,
	0x00, 0x00, 0x00, 0x00, 0x00, 0x00, 0x00, 0x00, 0x00, 0x00, 0x6b, 0xff, 0xff, 0xae, 0x00, 0x00,
	0x00, 0x00, 0x00, 0x00, 0x00, 0x00, 0x00, 0x00, 0x00, 0x00, 0x00, 0x6b, 0xff, 0xff, 0xae, 0x00,
	0x00, 0x00, 0x00, 0x00, 0x00, 0x00, 0x00, 0x00, 0x00, 0x00, 0x00, 0x00, 0x6b, 0xff, 0xff, 0xae,
	0x00, 0x00, 0x4e, 0xc3, 0xff, 0xff, 0xda, 0x7a, 0x19, 0x00, 0x00, 0x00, 0x00, 0x6b, 0xff, 0xff,
	0xae, 0x0c, 0xae, 0xff, 0xff, 0xff, 0xff, 0xff, 0xff, 0xff, 0x26, 0x00, 0x00, 0x00, 0x6b, 0xff,
	0xff, 0xae, 0x9c, 0xff, 0xff, 0xff, 0xff, 0xff, 0xff, 0xff, 0xff, 0xff, 0x26, 0x00, 0x00, 0x6b,
	0xff, 0xff, 0xff, 0xff, 0xda, 0x4e, 0x0c, 0x00, 0x26, 0x9c, 0xff, 0xff, 0xff, 0xae, 0x00, 0x00,
	0x6b, 0xff, 0xff, 0xff, 0xc3, 0x0c, 0x00, 0x00, 0x00, 0x00, 0x00, 0x9c, 0xff, 0xff, 0xff, 0x33,
	0x00, 0x6b, 0xff, 0xff, 0xff, 0x19, 0x00, 0x00, 0x00, 0x00, 0x00, 0x00, 0x19, 0xff, 0xff, 0xff,
	0x8b, 0x00, 0x6b, 0xff, 0xff, 0xae, 0x00, 0x00, 0x00, 0x00, 0x00, 0x00, 0x00, 0x00, 0xae, 0xff,
	0xff, 0xc3, 0x00, 0x6b, 0xff, 0xff, 0xae, 0x00, 0x00, 0x00, 0x00, 0x00, 0x00, 0x00, 0x00, 0x7a,
	0xff, 0xff, 0xff, 0x00, 0x6b, 0xff, 0xff, 0xae, 0x00, 0x00, 0x00, 0x00, 0x00, 0x00, 0x00, 0x00,
	0x6b, 0xff, 0xff, 0xff, 0x0c, 0x6b, 0xff, 0xff, 0xae, 0x00, 0x00, 0x00, 0x00, 0x00, 0x00, 0x00,
	0x00, 0x6b, 0xff, 0xff, 0xff, 0x33, 0x6b, 0xff, 0xff, 0xae, 0x00, 0x00, 0x00, 0x00, 0x00, 0x00,
	0x00, 0x00, 0x6b, 0xff, 0xff, 0xff, 0x33, 0x6b, 0xff, 0xff, 0xae, 0x00, 0x00, 0x00, 0x00, 0x00,
	0x00, 0x00, 0x00, 0x6b, 0xff, 0xff, 0xff, 0x00, 0x6b, 0xff, 0xff, 0xae, 0x00, 0x00, 0x00, 0x00,
	0x00, 0x00, 0x00, 0x00, 0x7a, 0xff, 0xff, 0xff, 0x00, 0x6b, 0xff, 0xff, 0xae, 0x00, 0x00, 0x00,
	0x00, 0x00, 0x00, 0x00, 0x00, 0xc3, 0xff, 0xff, 0xae, 0x00, 0x6b, 0xff, 0xff, 0xc3, 0x00, 0x00,
	0x00, 0x00, 0x00, 0x00, 0x00, 0x33, 0xff, 0xff, 0xff, 0x7a, 0x00, 0x6b, 0xff, 0xff, 0xff, 0x6b,
	0x00, 0x00, 0x00, 0x00, 0x00, 0x0c, 0xc3, 0xff, 0xff, 0xff, 0x19, 0x00, 0x6b, 0xff, 0xff, 0xff,
	0xff, 0xae, 0x26, 0x00, 0x00, 0x40, 0xc3, 0xff, 0xff, 0xff, 0x8b, 0x00, 0x00, 0x6b, 0xff, 0xff,
	0xae, 0xff, 0xff, 0xff, 0xff, 0xff, 0xff, 0xff, 0xff, 0xff, 0xda, 0x0c, 0x00, 0x00, 0x6b, 0xff,
	0xff, 0x6b, 0x26, 0xff, 0xff, 0xff, 0xff, 0xff, 0xff, 0xff, 0xc3, 0x26, 0x00, 0x00, 0x00, 0x6b,
	0xff, 0xff, 0x5c, 0x00, 0x0c, 0x7a, 0xda, 0xff, 0xff, 0xae, 0x4e, 0x00, 0x00, 0x00, 0x00, 0x00,
	0x00, 0x00, 0x00, 0x00, 0x19, 0x7a, 0xc3, 0xff, 0xff, 0xff, 0xae, 0x5c, 0x0c, 0x00, 0x00, 0x00,
	0x00, 0x00, 0x4e, 0xff, 0xff, 0xff, 0xff, 0xff, 0xff, 0xff, 0xff, 0xff, 0x40, 0x00, 0x00, 0x00,
	0x4e, 0xff, 0xff, 0xff, 0xff, 0xff, 0xff, 0xff, 0xff, 0xff, 0xff, 0xda, 0x0c, 0x00, 0x33, 0xff,
	0xff, 0xff, 0xff, 0x4e, 0x0c, 0x00, 0x0c, 0x4e, 0xc3, 0xff, 0x33, 0x00, 0x00, 0xae, 0xff, 0xff,
	0xff, 0x26, 0x00, 0x00, 0x00, 0x00, 0x00, 0x00, 0x40, 0x00, 0x00, 0x26, 0xff, 0xff, 0xff, 0x6b,
	0x00, 0x00, 0x00, 0x00, 0x00, 0x00, 0x00, 0x00, 0x00, 0x00, 0x6b, 0xff, 0xff, 0xff, 0x0c, 0x00,
	0x00, 0x00, 0x00, 0x00, 0x00, 0x00, 0x00, 0x00, 0x00, 0xae, 0xff, 0xff, 0xc3, 0x00, 0x00, 0x00,
	0x00, 0x00, 0x00, 0x00, 0x00, 0x00, 0x00, 0x00, 0xda, 0xff, 0xff, 0xae, 0x00, 0x00, 0x00, 0x00,
	0x00, 0x00, 0x00, 0x00, 0x00, 0x00, 0x00, 0xff, 0xff, 0xff, 0x7a, 0x00, 0x00, 0x00, 0x00, 0x00,
	0x00, 0x00, 0x00, 0x00, 0x00, 0x00, 0xff, 0xff, 0xff, 0x6b, 0x00, 0x00, 0x00, 0x00, 0x00, 0x00,
	0x00, 0x00, 0x00, 0x00, 0x00, 0xff, 0xff, 0xff, 0xae, 0x00, 0x00, 0x00, 0x00, 0x00, 0x00, 0x00,
	0x00, 0x00, 0x00, 0x00, 0xae, 0xff, 0xff, 0xae, 0x00, 0x00, 0x00, 0x00, 0x00, 0x00, 0x00, 0x00,
	0x00, 0x00, 0x00, 0x8b, 0xff, 0xff, 0xff, 0x00, 0x00, 0x00, 0x00, 0x00, 0x00, 0x00, 0x00, 0x00,
	0x00, 0x00, 0x40, 0xff, 0xff, 0xff, 0x4e, 0x00, 0x00, 0x00, 0x00, 0x00, 0x00, 0x00, 0x00, 0x00,
	0x00, 0x00, 0xda, 0xff, 0xff, 0xff, 0x0c, 0x00, 0x00, 0x00, 0x00, 0x00, 0x00, 0x26, 0x00, 0x00,
	0x00, 0x4e, 0xff, 0xff, 0xff, 0xff, 0x4e, 0x0c, 0x00, 0x0c, 0x40, 0xae, 0xff, 0x33, 0x00, 0x00,
	0x00, 0x8b, 0xff, 0xff, 0xff, 0xff, 0xff, 0xff, 0xff, 0xff, 0xff, 0xff, 0xda, 0x0c, 0x00, 0x00,
	0x00, 0x7a, 0xff, 0xff, 0xff, 0xff, 0xff, 0xff, 0xff, 0xff, 0xda, 0x33, 0x00, 0x00, 0x00, 0x00,
	0x00, 0x19, 0x7a, 0xc3, 0xff, 0xff, 0xff, 0x9c, 0x4e, 0x00, 0x00, 0x00, 0x00, 0x00, 0x00, 0x00,
	0x00, 0x00, 0x00, 0x00, 0x00, 0x00, 0x00, 0x00, 0x26, 0xae, 0x8b, 0x6b, 0x00, 0x00, 0x00, 0x00,
	0x00, 0x00, 0x00, 0x00, 0x00, 0x00, 0x00, 0x00, 0x33, 0xff, 0xff, 0xff, 0x00, 0x00, 0x00, 0x00,
	0x00, 0x00, 0x00, 0x00, 0x00, 0x00, 0x00, 0x00, 0x33, 0xff, 0xff, 0xff, 0x00, 0x00, 0x00, 0x00,
	0x00, 0x00, 0x00, 0x00, 0x00, 0x00, 0x00, 0x00, 0x33, 0xff, 0xff, 0xff, 0x00, 0x00, 0x00, 0x00,
	0x00, 0x00, 0x00, 0x00, 0x00, 0x00, 0x00, 0x00, 0x33, 0xff, 0xff, 0xff, 0x00, 0x00, 0x00, 0x00,
	0x00, 0x00, 0x00, 0x00, 0x00, 0x00, 0x00, 0x00, 0x33, 0xff, 0xff, 0xff, 0x00, 0x00, 0x00, 0x00,
	0x00, 0x00, 0x00, 0x00, 0x00, 0x00, 0x00, 0x00, 0x33, 0xff, 0xff, 0xff, 0x00, 0x00, 0x00, 0x00,
	0x00, 0x00, 0x00, 0x00, 0x00, 0x00, 0x00, 0x00, 0x33, 0xff, 0xff, 0xff, 0x00, 0x00, 0x00, 0x00,
	0x33, 0x8b, 0xff, 0xff, 0xff, 0x9c, 0x33, 0x00, 0x33, 0xff, 0xff, 0xff, 0x00, 0x00, 0x00, 0x7a,
	0xff, 0xff, 0xff, 0xff, 0xff, 0xff, 0xff, 0x8b, 0x33, 0xff, 0xff, 0xff, 0x00, 0x00, 0x6b, 0xff,
	0xff, 0xff, 0xff, 0xff, 0xff, 0xff, 0xff, 0xff, 0xc3, 0xff, 0xff, 0xff, 0x00, 0x33, 0xff, 0xff,
	0xff, 0xff, 0x5c, 0x0c, 0x00, 0x19, 0x6b, 0xff, 0xff, 0xff, 0xff, 0xff, 0x00, 0x9c, 0xff, 0xff,
	0xff, 0x26, 0x00, 0x00, 0x00, 0x00, 0x00, 0x26, 0xff, 0xff, 0xff, 0xff, 0x19, 0xff, 0xff, 0xff,
	0x8b, 0x00, 0x00, 0x00, 0x00, 0x00, 0x00, 0x00, 0x40, 0xff, 0xff, 0xff, 0x4e, 0xff, 0xff, 0xff,
	0x26, 0x00, 0x00, 0x00, 0x00, 0x00, 0x00, 0x00, 0x33, 0xff, 0xff, 0xff, 0x7a, 0xff, 0xff, 0xff,
	0x00, 0x00, 0x00, 0x00, 0x00, 0x00, 0x00, 0x00, 0x33, 0xff, 0xff, 0xff, 0xae, 0xff, 0xff, 0xc3,
	0x00, 0x00, 0x00, 0x00, 0x00, 0x00, 0x00, 0x00, 0x33, 0xff, 0xff, 0xff, 0xae, 0xff, 0xff, 0xae,
	0x00, 0x00, 0x00, 0x00, 0x00, 0x00, 0x00, 0x00, 0x33, 0xff, 0xff, 0xff, 0xae, 0xff, 0xff, 0xae,
	0x00, 0x00, 0x00, 0x00, 0x00, 0x00, 0x00, 0x00, 0x33, 0xff, 0xff, 0xff, 0xae, 0xff, 0xff, 0xc3,
	0x00, 0x00, 0x00, 0x00, 0x00, 0x00, 0x00, 0x00, 0x33, 0xff, 0xff, 0xff, 0x8b, 0xff, 0xff, 0xff,
	0x00, 0x00, 0x00, 0x00, 0x00, 0x00, 0x00, 0x00, 0x33, 0xff, 0xff, 0xff, 0x5c, 0xff, 0xff, 0xff,
	0x26, 0x00, 0x00, 0x00, 0x00, 0x00, 0x00, 0x00, 0x33, 0xff, 0xff, 0xff, 0x26, 0xff, 0xff, 0xff,
	0x6b, 0x00, 0x00, 0x00, 0x00, 0x00, 0x00, 0x00, 0x5c, 0xff, 0xff, 0xff, 0x00, 0xda, 0xff, 0xff,
	0xff, 0x26, 0x00, 0x00, 0x00, 0x00, 0x00, 0x33, 0xff, 0xff, 0xff, 0xff, 0x00, 0x4e, 0xff, 0xff,
	0xff, 0xff, 0x4e, 0x00, 0x00, 0x26, 0x6b, 0xff, 0xda, 0xff, 0xff, 0xff, 0x00, 0x00, 0xae, 0xff,
	0xff, 0xff, 0xff, 0xff, 0xff, 0xff, 0xff, 0xff, 0x33, 0xff, 0xff, 0xff, 0x00, 0x00, 0x0c, 0xae,
	0xff, 0xff, 0xff, 0xff, 0xff, 0xff, 0xff, 0x4e, 0x00, 0xff, 0xff, 0xff, 0x00, 0x00, 0x00, 0x00,
	0x4e, 0xae, 0xff, 0xff, 0xff, 0x8b, 0x19, 0x00, 0x00, 0xc3, 0xff, 0xff, 0x00, 0x00, 0x00, 0x00,
	0x19, 0x8b, 0xda, 0xff, 0xff, 0xda, 0x8b, 0x33, 0x00, 0x00, 0x00, 0x00, 0x00, 0x00, 0x00, 0x6b,
	0xff, 0xff, 0xff, 0xff, 0xff, 0xff, 0xff, 0xff, 0x9c, 0x0c, 0x00, 0x00, 0x00, 0x00, 0x7a, 0xff,
	0xff, 0xff, 0xff, 0xff, 0xff, 0xff, 0xff, 0xff, 0xff, 0xae, 0x00, 0x00, 0x00, 0x33, 0xff, 0xff,
	0xff, 0x9c, 0x26, 0x00, 0x00, 0x26, 0x7a, 0xff, 0xff, 0xff, 0x5c, 0x00, 0x00, 0xda, 0xff, 0xff,
	0x9c, 0x00, 0x00, 0x00, 0x00, 0x00, 0x00, 0x5c, 0xff, 0xff, 0xff, 0x00, 0x26, 0xff, 0xff, 0xff,
	0x19, 0x00, 0x00, 0x00, 0x00, 0x00, 0x00, 0x00, 0xda, 0xff, 0xff, 0x33, 0x6b, 0xff, 0xff, 0xc3,
	0x00, 0x00, 0x00, 0x00, 0x00, 0x00, 0x00, 0x00, 0x8b, 0xff, 0xff, 0x6b, 0xae, 0xff, 0xff, 0x8b,
	0x00, 0x00, 0x00, 0x00, 0x00, 0x00, 0x00, 0x00, 0x6b, 0xff, 0xff, 0x9c, 0xda, 0xff, 0xff, 0xff,
	0xff, 0xff, 0xff, 0xff, 0xff, 0xff, 0xff, 0xff, 0xff, 0xff, 0xff, 0xae, 0xff, 0xff, 0xff, 0xff,
	0xff, 0xff, 0xff, 0xff, 0xff, 0xff, 0xff, 0xff, 0xff, 0xff, 0xff, 0xae, 0xff, 0xff, 0xff, 0xff,
	0xff, 0xff, 0xff, 0xff, 0xff, 0xff, 0xff, 0xff, 0xff, 0xff, 0xff, 0xae, 0xff, 0xff, 0xff, 0x8b,
	0x00, 0x00, 0x00, 0x00, 0x00, 0x00, 0x00, 0x00, 0x00, 0x00, 0x00, 0x00, 0xae, 0xff, 0xff, 0xae,
	0x00, 0x00, 0x00, 0x00, 0x00, 0x00, 0x00, 0x00, 0x00, 0x00, 0x00, 0x00, 0x8b, 0xff, 0xff, 0xff,
	0x0c, 0x00, 0x00, 0x00, 0x00, 0x00, 0x00, 0x00, 0x00, 0x00, 0x00, 0x00, 0x40, 0xff, 0xff, 0xff,
	0x5c, 0x00, 0x00, 0x00, 0x00, 0x00, 0x00, 0x00, 0x00, 0x00, 0x00, 0x00, 0x00, 0xda, 0xff, 0xff,
	0xff, 0x26, 0x00, 0x00, 0x00, 0x00, 0x00, 0x00, 0x0c, 0x5c, 0x00, 0x00, 0x00, 0x4e, 0xff, 0xff,
	0xff, 0xff, 0x6b, 0x19, 0x00, 0x00, 0x26, 0x6b, 0xff, 0xff, 0x5c, 0x00, 0x00, 0x00, 0x8b, 0xff,
	0xff, 0xff, 0xff, 0xff, 0xff, 0xff, 0xff, 0xff, 0xff, 0xff, 0xae, 0x00, 0x00, 0x00, 0x00, 0x7a,
	0xff, 0xff, 0xff, 0xff, 0xff, 0xff, 0xff, 0xff, 0xff, 0x7a, 0x0c, 0x00, 0x00, 0x00, 0x00, 0x00,
	0x19, 0x7a, 0xc3, 0xff, 0xff, 0xff, 0xae, 0x5c, 0x19, 0x00, 0x00, 0x00, 0x00, 0x00, 0x00, 0x00,
	0x00, 0x00, 0x4e, 0x9c, 0xff, 0xff, 0xff, 0xc3, 0x8b, 0x26, 0x00, 0x00, 0x00, 0x00, 0x00, 0x00,
	0x8b, 0xff, 0xff, 0xff, 0xff, 0xff, 0xff, 0xff, 0xff, 0x0c, 0x00, 0x00, 0x00, 0x00, 0x6b, 0xff,
	0xff, 0xff, 0xff, 0xff, 0xff, 0xff, 0xff, 0x8b, 0x00, 0x00, 0x00, 0x00, 0x00, 0xff, 0xff, 0xff,
	0xc3, 0x26, 0x00, 0x00, 0x26, 0x5c, 0x33, 0x00, 0x00, 0x00, 0x00, 0x33, 0xff, 0xff, 0xff, 0x26,
	0x00, 0x00, 0x00, 0x00, 0x00, 0x00, 0x00, 0x00, 0x00, 0x00, 0x33, 0xff, 0xff, 0xff, 0x00, 0x00,
	0x00, 0x00, 0x00, 0x00, 0x00, 0x00, 0x00, 0x00, 0x00, 0x33, 0xff, 0xff, 0xff, 0x00, 0x00, 0x00,
	0x00, 0x00, 0x00, 0x00, 0x00, 0x00, 0x00, 0x00, 0x33, 0xff, 0xff, 0xff, 0x00, 0x00, 0x00, 0x00,
	0x00, 0x00, 0x00, 0x00, 0xae, 0xff, 0xff, 0xff, 0xff, 0xff, 0xff, 0xff, 0xff, 0xff, 0xff, 0x7a,
	0x00, 0x00, 0x00, 0xae, 0xff, 0xff, 0xff, 0xff, 0xff, 0xff, 0xff, 0xff, 0xff, 0xff, 0x6b, 0x00,
	0x00, 0x00, 0xae, 0xff, 0xff, 0xff, 0xff, 0xff, 0xff, 0xff, 0xff, 0xff, 0xff, 0x40, 0x00, 0x00,
	0x00, 0x00, 0x00, 0x00, 0x33, 0xff, 0xff, 0xff, 0x00, 0x00, 0x00, 0x00, 0x00, 0x00, 0x00, 0x00,
	0x00, 0x00, 0x00, 0x33, 0xff, 0xff, 0xff, 0x00, 0x00, 0x00, 0x00, 0x00, 0x00, 0x00, 0x00, 0x00,
	0x00, 0x00, 0x33, 0xff, 0xff, 0xff, 0x00, 0x00, 0x00, 0x00, 0x00, 0x00, 0x00, 0x00, 0x00, 0x00,
	0x00, 0x33, 0xff, 0xff, 0xff, 0x00, 0x00, 0x00, 0x00, 0x00, 0x00, 0x00, 0x00, 0x00, 0x00, 0x00,
	0x33, 0xff, 0xff, 0xff, 0x00, 0x00, 0x00, 0x00, 0x00, 0x00, 0x00, 0x00, 0x00, 0x00, 0x00, 0x33,
	0xff, 0xff, 0xff, 0x00, 0x00, 0x00, 0x00, 0x00, 0x00, 0x00, 0x00, 0x00, 0x00, 0x00, 0x33, 0xff,
	0xff, 0xff, 0x00, 0x00, 0x00, 0x00, 0x00, 0x00, 0x00, 0x00, 0x00, 0x00, 0x00, 0x33, 0xff, 0xff,
	0xff, 0x00, 0x00, 0x00, 0x00, 0x00, 0x00, 0x00, 0x00, 0x00, 0x00, 0x00, 0x33, 0xff, 0xff, 0xff,
	0x00, 0x00, 0x00, 0x00, 0x00, 0x00, 0x00, 0x00, 0x00, 0x00, 0x00, 0x33, 0xff, 0xff, 0xff, 0x00,
	0x00, 0x00, 0x00, 0x00, 0x00, 0x00, 0x00, 0x00, 0x00, 0x00, 0x33, 0xff, 0xff, 0xff, 0x00, 0x00,
	0x00, 0x00, 0x00, 0x00, 0x00, 0x00, 0x00, 0x00, 0x00, 0x33, 0xff, 0xff, 0xff, 0x00, 0x00, 0x00,
	0x00, 0x00, 0x00, 0x00, 0x00, 0x00, 0x00, 0x00, 0x33, 0xff, 0xff, 0xff, 0x00, 0x00, 0x00, 0x00,
	0x00, 0x00, 0x00, 0x00, 0x00, 0x00, 0x00, 0x33, 0xff, 0xff, 0xff, 0x00, 0x00, 0x00, 0x00, 0x00,
	0x00, 0x00, 0x00, 0x00, 0x00, 0x00, 0x33, 0xff, 0xff, 0xff, 0x00, 0x00, 0x00, 0x00, 0x00, 0x00,
	0x00, 0x00, 0x00, 0x00, 0x00, 0x33, 0xff, 0xff, 0xff, 0x00, 0x00, 0x00, 0x00, 0x00, 0x00, 0x00,
	0x00, 0x00, 0x00, 0x00, 0x33, 0xff, 0xff, 0xff, 0x00, 0x00, 0x00, 0x00, 0x00, 0x00, 0x00, 0x00,
	0x00, 0x00, 0x00, 0x00, 0x00, 0x00, 0x00, 0x00, 0x00, 0x00, 0x00, 0x00, 0x00, 0x00, 0x00, 0x33,
	0x6b, 0x00, 0x00, 0x00, 0x00, 0x00, 0x00, 0x00, 0x00, 0x00, 0x00, 0x00, 0x00, 0x26, 0x40, 0x6b,
	0xc3, 0xff, 0xff, 0x19, 0x00, 0x00, 0x00, 0x00, 0x26, 0x8b, 0xda, 0xff, 0xff, 0xff, 0xff, 0xff,
	0xff, 0xff, 0xff, 0xff, 0xff, 0x4e, 0x00, 0x00, 0x00, 0x7a, 0xff, 0xff, 0xff, 0xff, 0xff, 0xff,
	0xff, 0xff, 0xff, 0xff, 0xff, 0xff, 0xff, 0x7a, 0x00, 0x00, 0x8b, 0xff, 0xff, 0xff, 0xff, 0xff,
	0xff, 0xff, 0xff, 0xff, 0xae, 0x33, 0x33, 0x33, 0x0c, 0x00, 0x00, 0x4e, 0xff, 0xff, 0xff, 0xc3,
	0x40, 0x00, 0x00, 0x19, 0x6b, 0xff, 0xff, 0xc3, 0x0c, 0x00, 0x00, 0x00, 0x00, 0xda, 0xff, 0xff,
	0xc3, 0x0c, 0x00, 0x00, 0x00, 0x00, 0x00, 0x6b, 0xff, 0xff, 0xae, 0x00, 0x00, 0x00, 0x19, 0xff,
	0xff, 0xff, 0x4e, 0x00, 0x00, 0x00, 0x00, 0x00, 0x00, 0x0c, 0xff, 0xff, 0xff, 0x26, 0x00, 0x00,
	0x33, 0xff, 0xff, 0xff, 0x33, 0x00, 0x00, 0x00, 0x00, 0x00, 0x00, 0x00, 0xda, 0xff, 0xff, 0x6b,
	0x00, 0x00, 0x33, 0xff, 0xff, 0xff, 0x33, 0x00, 0x00, 0x00, 0x00, 0x00, 0x00, 0x00, 0xda, 0xff,
	0xff, 0x6b, 0x00, 0x00, 0x0c, 0xff, 0xff, 0xff, 0x4e, 0x00, 0x00, 0x00, 0x00, 0x00, 0x00, 0x0c,
	0xff, 0xff, 0xff, 0x6b, 0x00, 0x00, 0x00, 0xae, 0xff, 0xff, 0xc3, 0x0c, 0x00, 0x00, 0x00, 0x00,
	0x00, 0x6b, 0xff, 0xff, 0xff, 0x26, 0x00, 0x00, 0x00, 0x33, 0xff, 0xff, 0xff, 0xc3, 0x40, 0x00,
	0x00, 0x26, 0x7a, 0xff, 0xff, 0xff, 0xc3, 0x00, 0x00, 0x00, 0x00, 0x00, 0x4e, 0xff, 0xff, 0xff,
	0xff, 0xff, 0xff, 0xff, 0xff, 0xff, 0xff, 0xff, 0x26, 0x00, 0x00, 0x00, 0x00, 0x00, 0x00, 0x5c,
	0xff, 0xff, 0xff, 0xff, 0xff, 0xff, 0xff, 0xff, 0xff, 0x26, 0x00, 0x00, 0x00, 0x00, 0x00, 0x00,
	0x33, 0xff, 0xff, 0xc3, 0x9c, 0xff, 0xff, 0xff, 0xae, 0x5c, 0x0c, 0x00, 0x00, 0x00, 0x00, 0x00,
	0x00, 0x00, 0xc3, 0xff, 0xff, 0x19, 0x00, 0x00, 0x00, 0x00, 0x00, 0x00, 0x00, 0x00, 0x00, 0x00,
	0x00, 0x00, 0x00, 0x00, 0xff, 0xff, 0xff, 0x00, 0x00, 0x00, 0x00, 0x00, 0x00, 0x00, 0x00, 0x00,
	0x00, 0x00, 0x00, 0x00, 0x00, 0x0c, 0xff, 0xff, 0xff, 0x5c, 0x0c, 0x00, 0x00, 0x00, 0x00, 0x00,
	0x00, 0x00, 0x00, 0x00, 0x00, 0x00, 0x00, 0x00, 0xda, 0xff, 0xff, 0xff, 0xff, 0xff, 0xff, 0xff,
	0xff, 0xff, 0xae, 0x5c, 0x0c, 0x00, 0x00, 0x00, 0x00, 0x00, 0x33, 0xff, 0xff, 0xff, 0xff, 0xff,
	0xff, 0xff, 0xff, 0xff, 0xff, 0xff, 0xff, 0x26, 0x00, 0x00, 0x00, 0x00, 0x00, 0x26, 0x8b, 0xff,
	0xff, 0xff, 0xff, 0xff, 0xff, 0xff, 0xff, 0xff, 0xff, 0xff, 0x19, 0x00, 0x00, 0x00, 0x00, 0x00,
	0x00, 0x00, 0x00, 0x00, 0x00, 0x00, 0x00, 0x26, 0x8b, 0xff, 0xff, 0xff, 0x8b, 0x00, 0x00, 0x00,
	0x00, 0x00, 0x00, 0x00, 0x00, 0x00, 0x00, 0x00, 0x00, 0x00, 0x00, 0x8b, 0xff, 0xff, 0xda, 0x00,
	0xae, 0xae, 0xae, 0x00, 0x00, 0x00, 0x00, 0x00, 0x00, 0x00, 0x00, 0x00, 0x00, 0x6b, 0xff, 0xff,
	0xff, 0x00, 0xff, 0xff, 0xff, 0x26, 0x00, 0x00, 0x00, 0x00, 0x00, 0x00, 0x00, 0x00, 0x00, 0xae,
	0xff, 0xff, 0xae, 0x00, 0xae, 0xff, 0xff, 0xff, 0x5c, 0x26, 0x00, 0x00, 0x00, 0x00, 0x26, 0x4e,
	0xae, 0xff, 0xff, 0xff, 0x5c, 0x00, 0x40, 0xff, 0xff, 0xff, 0xff, 0xff, 0xff, 0xff, 0xff, 0xff,
	0xff, 0xff, 0xff, 0xff, 0xff, 0xc3, 0x00, 0x00, 0x00, 0x4e, 0xff, 0xff, 0xff, 0xff, 0xff, 0xff,
	0xff, 0xff, 0xff, 0xff, 0xff, 0xff, 0x7a, 0x0c, 0x00, 0x00, 0x00, 0x00, 0x19, 0x5c, 0xae, 0xda,
	0xff, 0xff, 0xff, 0xff, 0xda, 0xae, 0x5c, 0x19, 0x00, 0x00, 0x00, 0x00, 0x33, 0x6b, 0x8b, 0x7a,
	0x00, 0x00, 0x00, 0x00, 0x00, 0x00, 0x00, 0x00, 0x00, 0x00, 0x00, 0x6b, 0xff, 0xff, 0xae, 0x00,
	0x00, 0x00, 0x00, 0x00, 0x00, 0x00, 0x00, 0x00, 0x00, 0x00, 0x6b, 0xff, 0xff, 0xae, 0x00, 0x00,
	0x00, 0x00, 0x00, 0x00, 0x00, 0x00, 0x00, 0x00, 0x00, 0x6b, 0xff, 0xff, 0xae, 0x00, 0x00, 0x00,
	0x00, 0x00, 0x00, 0x00, 0x00, 0x00, 0x00, 0x00, 0x6b, 0xff, 0xff, 0xae, 0x00, 0x00, 0x00, 0x00,
	0x00, 0x00, 0x00, 0x00, 0x00, 0x00, 0x00, 0x6b, 0xff, 0xff, 0xae, 0x00, 0x00, 0x00, 0x00, 0x00,
	0x00, 0x00, 0x00, 0x00, 0x00, 0x00, 0x6b, 0xff, 0xff, 0xae, 0x00, 0x00, 0x00, 0x00, 0x00, 0x00,
	0x00, 0x00, 0x00, 0x00, 0x00, 0x6b, 0xff, 0xff, 0xae, 0x00, 0x00, 0x00, 0x00, 0x00, 0x00, 0x00,
	0x00, 0x00, 0x00, 0x00, 0x6b, 0xff, 0xff, 0xae, 0x00, 0x00, 0x33, 0x9c, 0xff, 0xff, 0xff, 0x8b,
	0x26, 0x00, 0x00, 0x6b, 0xff, 0xff, 0xae, 0x00, 0x6b, 0xff, 0xff, 0xff, 0xff, 0xff, 0xff, 0xff,
	0x4e, 0x00, 0x6b, 0xff, 0xff, 0xae, 0x4e, 0xff, 0xff, 0xff, 0xff, 0xff, 0xff, 0xff, 0xff, 0xff,
	0x19, 0x6b, 0xff, 0xff, 0xda, 0xff, 0xff, 0x6b, 0x19, 0x00, 0x19, 0x8b, 0xff, 0xff, 0xff, 0x5c,
	0x6b, 0xff, 0xff, 0xff, 0xff, 0x4e, 0x00, 0x00, 0x00, 0x00, 0x00, 0xc3, 0xff, 0xff, 0xae, 0x6b,
	0xff, 0xff, 0xff, 0x5c, 0x00, 0x00, 0x00, 0x00, 0x00, 0x00, 0x6b, 0xff, 0xff, 0xae, 0x6b, 0xff,
	0xff, 0xc3, 0x00, 0x00, 0x00, 0x00, 0x00, 0x00, 0x00, 0x6b, 0xff, 0xff, 0xae, 0x6b, 0xff, 0xff,
	0xae, 0x00, 0x00, 0x00, 0x00, 0x00, 0x00, 0x00, 0x6b, 0xff, 0xff, 0xae, 0x6b, 0xff, 0xff, 0xae,
	0x00, 0x00, 0x00, 0x00, 0x00, 0x00, 0x00, 0x6b, 0xff, 0xff, 0xae, 0x6b, 0xff, 0xff, 0xae, 0x00,
	0x00, 0x00, 0x00, 0x00, 0x00, 0x00, 0x6b, 0xff, 0xff, 0xae, 0x6b, 0xff, 0xff, 0xae, 0x00, 0x00,
	0x00, 0x00, 0x00, 0x00, 0x00, 0x6b, 0xff, 0xff, 0xae, 0x6b, 0xff, 0xff, 0xae, 0x00, 0x00, 0x00,
	0x00, 0x00, 0x00, 0x00, 0x6b, 0xff, 0xff, 0xae, 0x6b, 0xff, 0xff, 0xae, 0x00, 0x00, 0x00, 0x00,
	0x00, 0x00, 0x00, 0x6b, 0xff, 0xff, 0xae, 0x6b, 0xff, 0xff, 0xae, 0x00, 0x00, 0x00, 0x00, 0x00,
	0x00, 0x00, 0x6b, 0xff, 0xff, 0xae, 0x6b, 0xff, 0xff, 0xae, 0x00, 0x00, 0x00, 0x00, 0x00, 0x00,
	0x00, 0x6b, 0xff, 0xff, 0xae, 0x6b, 0xff, 0xff, 0xae, 0x00, 0x00, 0x00, 0x00, 0x00, 0x00, 0x00,
	0x6b, 0xff, 0xff, 0xae, 0x6b, 0xff, 0xff, 0xae, 0x00, 0x00, 0x00, 0x00, 0x00, 0x00, 0x00, 0x6b,
	0xff, 0xff, 0xae, 0x6b, 0xff, 0xff, 0xae, 0x00, 0x00, 0x00, 0x00, 0x00, 0x00, 0x00, 0x6b, 0xff,
	0xff, 0xae, 0x6b, 0xff, 0xff, 0xae, 0x00, 0x00, 0x00, 0x00, 0x00, 0x00, 0x00, 0x6b, 0xff, 0xff,
	0xae, 0x6b, 0xff, 0xff, 0xae, 0x00, 0x00, 0x00, 0x00, 0x00, 0x00, 0x00, 0x6b, 0xff, 0xff, 0xae,
	0x00, 0x4e, 0xff, 0xff, 0x5c, 0x00, 0x19, 0xff, 0xff, 0xff, 0xff, 0x26, 0x33, 0xff, 0xff, 0xff,
	0xff, 0x40, 0x19, 0xff, 0xff, 0xff, 0xff, 0x26, 0x00, 0x4e, 0xff, 0xff, 0x5c, 0x00, 0x00, 0x00,
	0x00, 0x00, 0x00, 0x00, 0x00, 0x00, 0x00, 0x00, 0x00, 0x00, 0x00, 0x00, 0x00, 0x00, 0x00, 0x00,
	0x00, 0x00, 0x00, 0x00, 0x00, 0x00, 0x00, 0x6b, 0xff, 0xff, 0xae, 0x00, 0x00, 0x6b, 0xff, 0xff,
	0xae, 0x00, 0x00, 0x6b, 0xff, 0xff, 0xae, 0x00, 0x00, 0x6b, 0xff, 0xff, 0xae, 0x00, 0x00, 0x6b,
	0xff, 0xff, 0xae, 0x00, 0x00, 0x6b, 0xff, 0xff, 0xae, 0x00, 0x00, 0x6b, 0xff, 0xff, 0xae, 0x00,
	0x00, 0x6b, 0xff, 0xff, 0xae, 0x00, 0x00, 0x6b, 0xff, 0xff, 0xae, 0x00, 0x00, 0x6b, 0xff, 0xff,
	0xae, 0x00, 0x00, 0x6b, 0xff, 0xff, 0xae, 0x00, 0x00, 0x6b, 0xff, 0xff, 0xae, 0x00, 0x00, 0x6b,
	0xff, 0xff, 0xae, 0x00, 0x00, 0x6b, 0xff, 0xff, 0xae, 0x00, 0x00, 0x6b, 0xff, 0xff, 0xae, 0x00,
	0x00, 0x6b, 0xff, 0xff, 0xae, 0x00, 0x00, 0x6b, 0xff, 0xff, 0xae, 0x00, 0x00, 0x6b, 0xff, 0xff,
	0xae, 0x00, 0x00, 0x6b, 0xff, 0xff, 0xae, 0x00, 0x00, 0x6b, 0xff, 0xff, 0xae, 0x00, 0x00, 0x00,
	0x00, 0x00, 0x4e, 0xff, 0xff, 0x4e, 0x00, 0x00, 0x00, 0x00, 0x19, 0xff, 0xff, 0xff, 0xff, 0x19,
	0x00, 0x00, 0x00, 0x33, 0xff, 0xff, 0xff, 0xff, 0x33, 0x00, 0x00, 0x00, 0x19, 0xff, 0xff, 0xff,
	0xff, 0x26, 0x00, 0x00, 0x00, 0x00, 0x4e, 0xff, 0xff, 0x4e, 0x00, 0x00, 0x00, 0x00, 0x00, 0x00,
	0x00, 0x00, 0x00, 0x00, 0x00, 0x00, 0x00, 0x00, 0x00, 0x00, 0x00, 0x00, 0x00, 0x00, 0x00, 0x00,
	0x00, 0x00, 0x00, 0x00, 0x00, 0x00, 0x00, 0x00, 0x00, 0x00, 0x00, 0x00, 0x00, 0x00, 0x00, 0x00,
	0x00, 0x00, 0x00, 0xae, 0xff, 0xff, 0xae, 0x00, 0x00, 0x00, 0x00, 0x00, 0xae, 0xff, 0xff, 0xae,
	0x00, 0x00, 0x00, 0x00, 0x00, 0xae, 0xff, 0xff, 0xae, 0x00, 0x00, 0x00, 0x00, 0x00, 0xae, 0xff,
	0xff, 0xae, 0x00, 0x00, 0x00, 0x00, 0x00, 0xae, 0xff, 0xff, 0xae, 0x00, 0x00, 0x00, 0x00, 0x00,
	0xae, 0xff, 0xff, 0xae, 0x00, 0x00, 0x00, 0x00, 0x00, 0xae, 0xff, 0xff, 0xae, 0x00, 0x00, 0x00,
	0x00, 0x00, 0xae, 0xff, 0xff, 0xae, 0x00, 0x00, 0x00, 0x00, 0x00, 0xae, 0xff, 0xff, 0xae, 0x00,
	0x00, 0x00, 0x00, 0x00, 0xae, 0xff, 0xff, 0xae, 0x00, 0x00, 0x00, 0x00, 0x00, 0xae, 0xff, 0xff,
	0xae, 0x00, 0x00, 0x00, 0x00, 0x00, 0xae, 0xff, 0xff, 0xae, 0x00, 0x00, 0x00, 0x00, 0x00, 0xae,
	0xff, 0xff, 0xae, 0x00, 0x00, 0x00, 0x00, 0x00, 0xae, 0xff, 0xff, 0xae, 0x00, 0x00, 0x00, 0x00,
	0x00, 0xae, 0xff, 0xff, 0xae, 0x00, 0x00, 0x00, 0x00, 0x00, 0xae, 0xff, 0xff, 0xae, 0x00, 0x00,
	0x00, 0x00, 0x00, 0xae, 0xff, 0xff, 0xae, 0x00, 0x00, 0x00, 0x00, 0x00, 0xae, 0xff, 0xff, 0xae,
	0x00, 0x00, 0x00, 0x00, 0x00, 0xae, 0xff, 0xff, 0xae, 0x00, 0x00, 0x00, 0x00, 0x00, 0xae, 0xff,
	0xff, 0x8b, 0x00, 0x00, 0x00, 0x00, 0x00, 0xae, 0xff, 0xff, 0x6b, 0x00, 0x00, 0x00, 0x00, 0x00,
	0xff, 0xff, 0xff, 0x4e, 0x00, 0x00, 0x00, 0x00, 0x4e, 0xff, 0xff, 0xff, 0x0c, 0x00, 0x00, 0x00,
	0x26, 0xff, 0xff, 0xff, 0x8b, 0x00, 0x00, 0x0c, 0x6b, 0xff, 0xff, 0xff, 0xc3, 0x0c, 0x00, 0x00,
	0x19, 0xff, 0xff, 0xff, 0xc3, 0x0c, 0x00, 0x00, 0x00, 0x00, 0x9c, 0xff, 0x5c, 0x00, 0x00, 0x00,
	0x00, 0x00, 0x00, 0x26, 0x0c, 0x00, 0x00, 0x00, 0x00, 0x00, 0x00, 0x00, 0x00, 0x19, 0x26, 0x00,
	0x00, 0x00, 0x00, 0x00, 0x00, 0x00, 0x00, 0x00, 0x00, 0x00, 0x00, 0x6b, 0xff, 0xff, 0xae, 0x00,
	0x00, 0x00, 0x00, 0x00, 0x00, 0x00, 0x00, 0x00, 0x00, 0x00, 0x00, 0x6b, 0xff, 0xff, 0xae, 0x00,
	0x00, 0x00, 0x00, 0x00, 0x00, 0x00, 0x00, 0x00, 0x00, 0x00, 0x00, 0x6b, 0xff, 0xff, 0xae, 0x00,
	0x00, 0x00, 0x00, 0x00, 0x00, 0x00, 0x00, 0x00, 0x00, 0x00, 0x00, 0x6b, 0xff, 0xff, 0xae, 0x00,
	0x00, 0x00, 0x00, 0x00, 0x00, 0x00, 0x00, 0x00, 0x00, 0x00, 0x00, 0x6b, 0xff, 0xff, 0xae, 0x00,
	0x00, 0x00, 0x00, 0x00, 0x00, 0x00, 0x00, 0x00, 0x00, 0x00, 0x00, 0x6b, 0xff, 0xff, 0xae, 0x00,
	0x00, 0x00, 0x00, 0x00, 0x00, 0x00, 0x00, 0x00, 0x00, 0x00, 0x00, 0x6b, 0xff, 0xff, 0xae, 0x00,
	0x00, 0x00, 0x00, 0x00, 0x00, 0x00, 0x00, 0x00, 0x00, 0x00, 0x00, 0x6b, 0xff, 0xff, 0xae, 0x00,
	0x00, 0x00, 0x00, 0x00, 0x00, 0x00, 0x00, 0x00, 0x00, 0x00, 0x00, 0x6b, 0xff, 0xff, 0xae, 0x00,
	0x00, 0x00, 0x00, 0x00, 0x00, 0x5c, 0xff, 0xff, 0xff, 0x40, 0x00, 0x6b, 0xff, 0xff, 0xae, 0x00,
	0x00, 0x00, 0x00, 0x00, 0x26, 0xff, 0xff, 0xff, 0x5c, 0x00, 0x00, 0x6b, 0xff, 0xff, 0xae, 0x00,
	0x00, 0x00, 0x00, 0x0c, 0xff, 0xff, 0xff, 0x8b, 0x00, 0x00, 0x00, 0x6b, 0xff, 0xff, 0xae, 0x00,
	0x00, 0x00, 0x00, 0xae, 0xff, 0xff, 0xc3, 0x0c, 0x00, 0x00, 0x00, 0x6b, 0xff, 0xff, 0xae, 0x00,
	0x00, 0x00, 0x6b, 0xff, 0xff, 0xff, 0x26, 0x00, 0x00, 0x00, 0x00, 0x6b, 0xff, 0xff, 0xae, 0x00,
	0x00, 0x33, 0xff, 0xff, 0xff, 0x40, 0x00, 0x00, 0x00, 0x00, 0x00, 0x6b, 0xff, 0xff, 0xae, 0x00,
	0x0c, 0xff, 0xff, 0xff, 0x6b, 0x00, 0x00, 0x00, 0x00, 0x00, 0x00, 0x6b, 0xff, 0xff, 0xae, 0x00,
	0xc3, 0xff, 0xff, 0x9c, 0x00, 0x00, 0x00, 0x00, 0x00, 0x00, 0x00, 0x6b, 0xff, 0xff, 0xae, 0x7a,
	0xff, 0xff, 0xda, 0x0c, 0x00, 0x00, 0x00, 0x00, 0x00, 0x00, 0x00, 0x6b, 0xff, 0xff, 0xae, 0xc3,
	0xff, 0xff, 0xff, 0x26, 0x00, 0x00, 0x00, 0x00, 0x00, 0x00, 0x00, 0x6b, 0xff, 0xff, 0xae, 0x19,
	0xff, 0xff, 0xff, 0xc3, 0x00, 0x00, 0x00, 0x00, 0x00, 0x00, 0x00, 0x6b, 0xff, 0xff, 0xae, 0x00,
	0x5c, 0xff, 0xff, 0xff, 0x6b, 0x00, 0x00, 0x00, 0x00, 0x00, 0x00, 0x6b, 0xff, 0xff, 0xae, 0x00,
	0x00, 0xae, 0xff, 0xff, 0xff, 0x26, 0x00, 0x00, 0x00, 0x00, 0x00, 0x6b, 0xff, 0xff, 0xae, 0x00,
	0x00, 0x0c, 0xff, 0xff, 0xff, 0xda, 0x0c, 0x00, 0x00, 0x00, 0x00, 0x6b, 0xff, 0xff, 0xae, 0x00,
	0x00, 0x00, 0x40, 0xff, 0xff, 0xff, 0x7a, 0x00, 0x00, 0x00, 0x00, 0x6b, 0xff, 0xff, 0xae, 0x00,
	0x00, 0x00, 0x00, 0x9c, 0xff, 0xff, 0xff, 0x40, 0x00, 0x00, 0x00, 0x6b, 0xff, 0xff, 0xae, 0x00,
	0x00, 0x00, 0x00, 0x0c, 0xda, 0xff, 0xff, 0xff, 0x0c, 0x00, 0x00, 0x6b, 0xff, 0xff, 0xae, 0x00,
	0x00, 0x00, 0x00, 0x00, 0x33, 0xff, 0xff, 0xff, 0x9c, 0x00, 0x00, 0x6b, 0xff, 0xff, 0xae, 0x00,
	0x00, 0x00, 0x00, 0x00, 0x00, 0x7a, 0xff, 0xff, 0xff, 0x5c, 0x00, 0x6b, 0xff, 0xff, 0xae, 0x00,
	0x00, 0x00, 0x00, 0x00, 0x00, 0x0c, 0xc3, 0xff, 0xff, 0xff, 0x26, 0x0c, 0x33, 0x33, 0x33, 0x00,
	0x00, 0x00, 0xae, 0xff, 0xff, 0x6b, 0x00, 0x00, 0x00, 0xae, 0xff, 0xff, 0x6b, 0x00, 0x00, 0x00,
	0xae, 0xff, 0xff, 0x6b, 0x00, 0x00, 0x00, 0xae, 0xff, 0xff, 0x6b, 0x00, 0x00, 0x00, 0xae, 0xff,
	0xff, 0x6b, 0x00, 0x00, 0x00, 0xae, 0xff, 0xff, 0x6b, 0x00, 0x00, 0x00, 0xae, 0xff, 0xff, 0x6b,
	0x00, 0x00, 0x00, 0xae, 0xff, 0xff, 0x6b, 0x00, 0x00, 0x00, 0xae, 0xff, 0xff, 0x6b, 0x00, 0x00,
	0x00, 0xae, 0xff, 0xff, 0x6b, 0x00, 0x00, 0x00, 0xae, 0xff, 0xff, 0x6b, 0x00, 0x00, 0x00, 0xae,
	0xff, 0xff, 0x6b, 0x00, 0x00, 0x00, 0xae, 0xff, 0xff, 0x6b, 0x00, 0x00, 0x00, 0xae, 0xff, 0xff,
	0x6b, 0x00, 0x00, 0x00, 0xae, 0xff, 0xff, 0x6b, 0x00, 0x00, 0x00, 0xae, 0xff, 0xff, 0x6b, 0x00,
	0x00, 0x00, 0xae, 0xff, 0xff, 0x6b, 0x00, 0x00, 0x00, 0xae, 0xff, 0xff, 0x6b, 0x00, 0x00, 0x00,
	0xae, 0xff, 0xff, 0x6b, 0x00, 0x00, 0x00, 0xae, 0xff, 0xff, 0x6b, 0x00, 0x00, 0x00, 0xae, 0xff,
	0xff, 0x6b, 0x00, 0x00, 0x00, 0xae, 0xff, 0xff, 0x6b, 0x00, 0x00, 0x00, 0xae, 0xff, 0xff, 0x6b,
	0x00, 0x00, 0x00, 0xae, 0xff, 0xff, 0x6b, 0x00, 0x00, 0x00, 0xae, 0xff, 0xff, 0xae, 0x00, 0x0c,
	0x00, 0x5c, 0xff, 0xff, 0xff, 0xff, 0xff, 0x26, 0x0c, 0xff, 0xff, 0xff, 0xff, 0xff, 0x7a, 0x00,
	0x19, 0x9c, 0xff, 0xff, 0xda, 0x5c, 0x6b, 0xff, 0xff, 0x33, 0x00, 0x00, 0x4e, 0xc3, 0xff, 0xff,
	0xc3, 0x40, 0x00, 0x00, 0x00, 0x00, 0x19, 0x8b, 0xff, 0xff, 0xff, 0x8b, 0x19, 0x00, 0x00, 0x6b,
	0xff, 0xff, 0x4e, 0x00, 0x8b, 0xff, 0xff, 0xff, 0xff, 0xff, 0xff, 0x4e, 0x00, 0x00, 0x40, 0xff,
	0xff, 0xff, 0xff, 0xff, 0xff, 0xff, 0x26, 0x00, 0x6b, 0xff, 0xff, 0x6b, 0x7a, 0xff, 0xff, 0xff,
	0xff, 0xff, 0xff, 0xff, 0xff, 0x26, 0x26, 0xff, 0xff, 0xff, 0xff, 0xff, 0xff, 0xff, 0xff, 0xc3,
	0x00, 0x6b, 0xff, 0xff, 0xae, 0xff, 0xff, 0x4e, 0x0c, 0x00, 0x4e, 0xff, 0xff, 0xff, 0x8b, 0xc3,
	0xff, 0x9c, 0x26, 0x00, 0x19, 0xc3, 0xff, 0xff, 0xff, 0x26, 0x6b, 0xff, 0xff, 0xff, 0xff, 0x26,
	0x00, 0x00, 0x00, 0x00, 0x6b, 0xff, 0xff, 0xff, 0xff, 0x8b, 0x00, 0x00, 0x00, 0x00, 0x0c, 0xff,
	0xff, 0xff, 0x6b, 0x6b, 0xff, 0xff, 0xff, 0x5c, 0x00, 0x00, 0x00, 0x00, 0x00, 0x33, 0xff, 0xff,
	0xff, 0xc3, 0x0c, 0x00, 0x00, 0x00, 0x00, 0x00, 0xae, 0xff, 0xff, 0x6b, 0x6b, 0xff, 0xff, 0xc3,
	0x00, 0x00, 0x00, 0x00, 0x00, 0x00, 0x33, 0xff, 0xff, 0xff, 0x40, 0x00, 0x00, 0x00, 0x00, 0x00,
	0x00, 0xae, 0xff, 0xff, 0x6b, 0x6b, 0xff, 0xff, 0xae, 0x00, 0x00, 0x00, 0x00, 0x00, 0x00, 0x33,
	0xff, 0xff, 0xff, 0x33, 0x00, 0x00, 0x00, 0x00, 0x00, 0x00, 0xae, 0xff, 0xff, 0x6b, 0x6b, 0xff,
	0xff, 0xae, 0x00, 0x00, 0x00, 0x00, 0x00, 0x00, 0x33, 0xff, 0xff, 0xff, 0x33, 0x00, 0x00, 0x00,
	0x00, 0x00, 0x00, 0xae, 0xff, 0xff, 0x6b, 0x6b, 0xff, 0xff, 0xae, 0x00, 0x00, 0x00, 0x00, 0x00,
	0x00, 0x33, 0xff, 0xff, 0xff, 0x33, 0x00, 0x00, 0x00, 0x00, 0x00, 0x00, 0xae, 0xff, 0xff, 0x6b,
	0x6b, 0xff, 0xff, 0xae, 0x00, 0x00, 0x00, 0x00, 0x00, 0x00, 0x33, 0xff, 0xff, 0xff, 0x33, 0x00,
	0x00, 0x00, 0x00, 0x00, 0x00, 0xae, 0xff, 0xff, 0x6b, 0x6b, 0xff, 0xff, 0xae, 0x00, 0x00, 0x00,
	0x00, 0x00, 0x00, 0x33, 0xff, 0xff, 0xff, 0x33, 0x00, 0x00, 0x00, 0x00, 0x00, 0x00, 0xae, 0xff,
	0xff, 0x6b, 0x6b, 0xff, 0xff, 0xae, 0x00, 0x00, 0x00, 0x00, 0x00, 0x00, 0x33, 0xff, 0xff, 0xff,
	0x33, 0x00, 0x00, 0x00, 0x00, 0x00, 0x00, 0xae, 0xff, 0xff, 0x6b, 0x6b, 0xff, 0xff, 0xae, 0x00,
	0x00, 0x00, 0x00, 0x00, 0x00, 0x33, 0xff, 0xff, 0xff, 0x33, 0x00, 0x00, 0x00, 0x00, 0x00, 0x00,
	0xae, 0xff, 0xff, 0x6b, 0x6b, 0xff, 0xff, 0xae, 0x00, 0x00, 0x00, 0x00, 0x00, 0x00, 0x33, 0xff,
	0xff, 0xff, 0x33, 0x00, 0x00, 0x00, 0x00, 0x00, 0x00, 0xae, 0xff, 0xff, 0x6b, 0x6b, 0xff, 0xff,
	0xae, 0x00, 0x00, 0x00, 0x00, 0x00, 0x00, 0x33, 0xff, 0xff, 0xff, 0x33, 0x00, 0x00, 0x00, 0x00,
	0x00, 0x00, 0xae, 0xff, 0xff, 0x6b, 0x6b, 0xff, 0xff, 0xae, 0x00, 0x00, 0x00, 0x00, 0x00, 0x00,
	0x33, 0xff, 0xff, 0xff, 0x33, 0x00, 0x00, 0x00, 0x00, 0x00, 0x00, 0xae, 0xff, 0xff, 0x6b, 0x6b,
	0xff, 0xff, 0xae, 0x00, 0x00, 0x00, 0x00, 0x00, 0x00, 0x33, 0xff, 0xff, 0xff, 0x33, 0x00, 0x00,
	0x00, 0x00, 0x00, 0x00, 0xae, 0xff, 0xff, 0x6b, 0x6b, 0xff, 0xff, 0xae, 0x00, 0x00, 0x00, 0x00,
	0x00, 0x00, 0x33, 0xff, 0xff, 0xff, 0x33, 0x00, 0x00, 0x00, 0x00, 0x00, 0x00, 0xae, 0xff, 0xff,
	0x6b, 0x6b, 0xff, 0xff, 0xae, 0x00, 0x00, 0x00, 0x00, 0x00, 0x00, 0x33, 0xff, 0xff, 0xff, 0x33,
	0x00, 0x00, 0x00, 0x00, 0x00, 0x00, 0xae, 0xff, 0xff, 0x6b, 0x6b, 0xff, 0xff, 0x33, 0x00, 0x00,
	0x33, 0x9c, 0xff, 0xff, 0xff, 0x8b, 0x26, 0x00, 0x00, 0x6b, 0xff, 0xff, 0x4e, 0x00, 0x7a, 0xff,
	0xff, 0xff, 0xff, 0xff, 0xff, 0xff, 0x4e, 0x00, 0x6b, 0xff, 0xff, 0x6b, 0x6b, 0xff, 0xff, 0xff,
	0xff, 0xff, 0xff, 0xff, 0xff, 0xff, 0x19, 0x6b, 0xff, 0xff, 0xae, 0xff, 0xff, 0x6b, 0x19, 0x00,
	0x19, 0x8b, 0xff, 0xff, 0xff, 0x5c, 0x6b, 0xff, 0xff, 0xff, 0xff, 0x4e, 0x00, 0x00, 0x00, 0x00,
	0x00, 0xc3, 0xff, 0xff, 0xae, 0x6b, 0xff, 0xff, 0xff, 0x5c, 0x00, 0x00, 0x00, 0x00, 0x00, 0x00,
	0x6b, 0xff, 0xff, 0xae, 0x6b, 0xff, 0xff, 0xc3, 0x00, 0x00, 0x00, 0x00, 0x00, 0x00, 0x00, 0x6b,
	0xff, 0xff, 0xae, 0x6b, 0xff, 0xff, 0xae, 0x00, 0x00, 0x00, 0x00, 0x00, 0x00, 0x00, 0x6b, 0xff,
	0xff, 0xae, 0x6b, 0xff, 0xff, 0xae, 0x00, 0x00, 0x00, 0x00, 0x00, 0x00, 0x00, 0x6b, 0xff, 0xff,
	0xae, 0x6b, 0xff, 0xff, 0xae, 0x00, 0x00, 0x00, 0x00, 0x00, 0x00, 0x00, 0x6b, 0xff, 0xff, 0xae,
	0x6b, 0xff, 0xff, 0xae, 0x00, 0x00, 0x00, 0x00, 0x00, 0x00, 0x00, 0x6b, 0xff, 0xff, 0xae, 0x6b,
	0xff, 0xff, 0xae, 0x00, 0x00, 0x00, 0x00, 0x00, 0x00, 0x00, 0x6b, 0xff, 0xff, 0xae, 0x6b, 0xff,
	0xff, 0xae, 0x00, 0x00, 0x00, 0x00, 0x00, 0x00, 0x00, 0x6b, 0xff, 0xff, 0xae, 0x6b, 0xff, 0xff,
	0xae, 0x00, 0x00, 0x00, 0x00, 0x00, 0x00, 0x00, 0x6b, 0xff, 0xff, 0xae, 0x6b, 0xff, 0xff, 0xae,
	0x00, 0x00, 0x00, 0x00, 0x00, 0x00, 0x00, 0x6b, 0xff, 0xff, 0xae, 0x6b, 0xff, 0xff, 0xae, 0x00,
	0x00, 0x00, 0x00, 0x00, 0x00, 0x00, 0x6b, 0xff, 0xff, 0xae, 0x6b, 0xff, 0xff, 0xae, 0x00, 0x00,
	0x00, 0x00, 0x00, 0x00, 0x00, 0x6b, 0xff, 0xff, 0xae, 0x6b, 0xff, 0xff, 0xae, 0x00, 0x00, 0x00,
	0x00, 0x00, 0x00, 0x00, 0x6b, 0xff, 0xff, 0xae, 0x6b, 0xff, 0xff, 0xae, 0x00, 0x00, 0x00, 0x00,
	0x00, 0x00, 0x00, 0x6b, 0xff, 0xff, 0xae, 0x6b, 0xff, 0xff, 0xae, 0x00, 0x00, 0x00, 0x00, 0x00,
	0x00, 0x00, 0x6b, 0xff, 0xff, 0xae, 0x00, 0x00, 0x00, 0x00, 0x19, 0x6b, 0xae, 0xff, 0xff, 0xff,
	0xc3, 0x7a, 0x19, 0x00, 0x00, 0x00, 0x00, 0x00, 0x00, 0x00, 0x4e, 0xff, 0xff, 0xff, 0xff, 0xff,
	0xff, 0xff, 0xff, 0xff, 0x6b, 0x00, 0x00, 0x00, 0x00, 0x00, 0x4e, 0xff, 0xff, 0xff, 0xff, 0xff,
	0xff, 0xff, 0xff, 0xff, 0xff, 0xff, 0x8b, 0x00, 0x00, 0x00, 0x33, 0xff, 0xff, 0xff, 0xff, 0x4e,
	0x0c, 0x00, 0x0c, 0x4e, 0xda, 0xff, 0xff, 0xff, 0x40, 0x00, 0x00, 0xda, 0xff, 0xff, 0xff, 0x26,
	0x00, 0x00, 0x00, 0x00, 0x00, 0x0c, 0xff, 0xff, 0xff, 0xda, 0x00, 0x26, 0xff, 0xff, 0xff, 0x4e,
	0x00, 0x00, 0x00, 0x00, 0x00, 0x00, 0x00, 0x4e, 0xff, 0xff, 0xff, 0x40, 0x7a, 0xff, 0xff, 0xff,
	0x0c, 0x00, 0x00, 0x00, 0x00, 0x00, 0x00, 0x00, 0x0c, 0xff, 0xff, 0xff, 0x7a, 0xae, 0xff, 0xff,
	0xc3, 0x00, 0x00, 0x00, 0x00, 0x00, 0x00, 0x00, 0x00, 0x00, 0xae, 0xff, 0xff, 0xae, 0xda, 0xff,
	0xff, 0xae, 0x00, 0x00, 0x00, 0x00, 0x00, 0x00, 0x00, 0x00, 0x00, 0xae, 0xff, 0xff, 0xff, 0xff,
	0xff, 0xff, 0x7a, 0x00, 0x00, 0x00, 0x00, 0x00, 0x00, 0x00, 0x00, 0x00, 0x6b, 0xff, 0xff, 0xff,
	0xff, 0xff, 0xff, 0x7a, 0x00, 0x00, 0x00, 0x00, 0x00, 0x00, 0x00, 0x00, 0x00, 0x6b, 0xff, 0xff,
	0xff, 0xff, 0xff, 0xff, 0xae, 0x00, 0x00, 0x00, 0x00, 0x00, 0x00, 0x00, 0x00, 0x00, 0xae, 0xff,
	0xff, 0xff, 0xae, 0xff, 0xff, 0xae, 0x00, 0x00, 0x00, 0x00, 0x00, 0x00, 0x00, 0x00, 0x00, 0xae,
	0xff, 0xff, 0xae, 0x7a, 0xff, 0xff, 0xff, 0x0c, 0x00, 0x00, 0x00, 0x00, 0x00, 0x00, 0x00, 0x0c,
	0xff, 0xff, 0xff, 0x7a, 0x40, 0xff, 0xff, 0xff, 0x4e, 0x00, 0x00, 0x00, 0x00, 0x00, 0x00, 0x00,
	0x4e, 0xff, 0xff, 0xff, 0x33, 0x00, 0xda, 0xff, 0xff, 0xff, 0x19, 0x00, 0x00, 0x00, 0x00, 0x00,
	0x0c, 0xff, 0xff, 0xff, 0xda, 0x00, 0x00, 0x40, 0xff, 0xff, 0xff, 0xff, 0x4e, 0x0c, 0x00, 0x0c,
	0x4e, 0xff, 0xff, 0xff, 0xff, 0x33, 0x00, 0x00, 0x00, 0x7a, 0xff, 0xff, 0xff, 0xff, 0xff, 0xff,
	0xff, 0xff, 0xff, 0xff, 0xff, 0x6b, 0x00, 0x00, 0x00, 0x00, 0x00, 0x6b, 0xff, 0xff, 0xff, 0xff,
	0xff, 0xff, 0xff, 0xff, 0xff, 0x4e, 0x00, 0x00, 0x00, 0x00, 0x00, 0x00, 0x00, 0x19, 0x7a, 0xc3,
	0xff, 0xff, 0xff, 0xae, 0x6b, 0x19, 0x00, 0x00, 0x00, 0x00, 0x6b, 0xff, 0xff, 0x33, 0x00, 0x00,
	0x4e, 0x9c, 0xff, 0xff, 0xda, 0x8b, 0x33, 0x00, 0x00, 0x00, 0x00, 0x6b, 0xff, 0xff, 0x4e, 0x0c,
	0x9c, 0xff, 0xff, 0xff, 0xff, 0xff, 0xff, 0xff, 0x7a, 0x00, 0x00, 0x00, 0x6b, 0xff, 0xff, 0x6b,
	0xae, 0xff, 0xff, 0xff, 0xff, 0xff, 0xff, 0xff, 0xff, 0xff, 0x40, 0x00, 0x00, 0x6b, 0xff, 0xff,
	0xff, 0xff, 0xff, 0x4e, 0x0c, 0x00, 0x26, 0x9c, 0xff, 0xff, 0xff, 0xff, 0x0c, 0x00, 0x6b, 0xff,
	0xff, 0xff, 0xc3, 0x19, 0x00, 0x00, 0x00, 0x00, 0x00, 0x9c, 0xff, 0xff, 0xff, 0x4e, 0x00, 0x6b,
	0xff, 0xff, 0xff, 0x26, 0x00, 0x00, 0x00, 0x00, 0x00, 0x00, 0x19, 0xff, 0xff, 0xff, 0x9c, 0x00,
	0x6b, 0xff, 0xff, 0xae, 0x00, 0x00, 0x00, 0x00, 0x00, 0x00, 0x00, 0x00, 0xc3, 0xff, 0xff, 0xda,
	0x00, 0x6b, 0xff, 0xff, 0xae, 0x00, 0x00, 0x00, 0x00, 0x00, 0x00, 0x00, 0x00, 0x7a, 0xff, 0xff,
	0xff, 0x00, 0x6b, 0xff, 0xff, 0xae, 0x00, 0x00, 0x00, 0x00, 0x00, 0x00, 0x00, 0x00, 0x6b, 0xff,
	0xff, 0xff, 0x0c, 0x6b, 0xff, 0xff, 0xae, 0x00, 0x00, 0x00, 0x00, 0x00, 0x00, 0x00, 0x00, 0x6b,
	0xff, 0xff, 0xff, 0x33, 0x6b, 0xff, 0xff, 0xae, 0x00, 0x00, 0x00, 0x00, 0x00, 0x00, 0x00, 0x00,
	0x6b, 0xff, 0xff, 0xff, 0x33, 0x6b, 0xff, 0xff, 0xae, 0x00, 0x00, 0x00, 0x00, 0x00, 0x00, 0x00,
	0x00, 0x6b, 0xff, 0xff, 0xff, 0x00, 0x6b, 0xff, 0xff, 0xae, 0x00, 0x00, 0x00, 0x00, 0x00, 0x00,
	0x00, 0x00, 0x7a, 0xff, 0xff, 0xff, 0x00, 0x6b, 0xff, 0xff, 0xae, 0x00, 0x00, 0x00, 0x00, 0x00,
	0x00, 0x00, 0x00, 0xc3, 0xff, 0xff, 0xc3, 0x00, 0x6b, 0xff, 0xff, 0xae, 0x00, 0x00, 0x00, 0x00,
	0x00, 0x00, 0x00, 0x19, 0xff, 0xff, 0xff, 0x7a, 0x00, 0x6b, 0xff, 0xff, 0xff, 0x4e, 0x00, 0x00,
	0x00, 0x00, 0x00, 0x00, 0xae, 0xff, 0xff, 0xff, 0x19, 0x00, 0x6b, 0xff, 0xff, 0xff, 0xff, 0x8b,
	0x26, 0x00, 0x00, 0x40, 0xae, 0xff, 0xff, 0xff, 0x9c, 0x00, 0x00, 0x6b, 0xff, 0xff, 0xff, 0xff,
	0xff, 0xff, 0xff, 0xff, 0xff, 0xff, 0xff, 0xff, 0xff, 0x0c, 0x00, 0x00, 0x6b, 0xff, 0xff, 0xae,
	0x4e, 0xff, 0xff, 0xff, 0xff, 0xff, 0xff, 0xff, 0xda, 0x26, 0x00, 0x00, 0x00, 0x6b, 0xff, 0xff,
	0xae, 0x00, 0x33, 0x8b, 0xff, 0xff, 0xff, 0xc3, 0x5c, 0x0c, 0x00, 0x00, 0x00, 0x00, 0x6b, 0xff,
	0xff, 0xae, 0x00, 0x00, 0x00, 0x00, 0x00, 0x00, 0x00, 0x00, 0x00, 0x00, 0x00, 0x00, 0x00, 0x6b,
	0xff, 0xff, 0xae, 0x00, 0x00, 0x00, 0x00, 0x00, 0x00, 0x00, 0x00, 0x00, 0x00, 0x00, 0x00, 0x00,
	0x6b, 0xff, 0xff, 0xae, 0x00, 0x00, 0x00, 0x00, 0x00, 0x00, 0x00, 0x00, 0x00, 0x00, 0x00, 0x00,
	0x00, 0x6b, 0xff, 0xff, 0xae, 0x00, 0x00, 0x00, 0x00, 0x00, 0x00, 0x00, 0x00, 0x00, 0x00, 0x00,
	0x00, 0x00, 0x6b, 0xff, 0xff, 0xae, 0x00, 0x00, 0x00, 0x00, 0x00, 0x00, 0x00, 0x00, 0x00, 0x00,
	0x00, 0x00, 0x00, 0x6b, 0xff, 0xff, 0xae, 0x00, 0x00, 0x00, 0x00, 0x00, 0x00, 0x00, 0x00, 0x00,
	0x00, 0x00, 0x00, 0x00, 0x6b, 0xff, 0xff, 0xae, 0x00, 0x00, 0x00, 0x00, 0x00, 0x00, 0x00, 0x00,
	0x00, 0x00, 0x00, 0x00, 0x00, 0x33, 0x40, 0x33, 0x0c, 0x00, 0x00, 0x00, 0x00, 0x00, 0x00, 0x00,
	0x00, 0x00, 0x00, 0x00, 0x00, 0x00, 0x00, 0x00, 0x00, 0x00, 0x33, 0x9c, 0xff, 0xff, 0xff, 0x8b,
	0x26, 0x00, 0x00, 0xff, 0xff, 0xff, 0x00, 0x00, 0x0c, 0x8b, 0xff, 0xff, 0xff, 0xff, 0xff, 0xff,
	0xff, 0x5c, 0x00, 0xff, 0xff, 0xff, 0x00, 0x00, 0x8b, 0xff, 0xff, 0xff, 0xff, 0xff, 0xff, 0xff,
	0xff, 0xff, 0x8b, 0xff, 0xff, 0xff, 0x00, 0x4e, 0xff, 0xff, 0xff, 0xda, 0x4e, 0x00, 0x00, 0x26,
	0x8b, 0xff, 0xff, 0xff, 0xff, 0xff, 0x00, 0xda, 0xff, 0xff, 0xff, 0x0c, 0x00, 0x00, 0x00, 0x00,
	0x00, 0x4e, 0xff, 0xff, 0xff, 0xff, 0x40, 0xff, 0xff, 0xff, 0x4e, 0x00, 0x00, 0x00, 0x00, 0x00,
	0x00, 0x00, 0x7a, 0xff, 0xff, 0xff, 0x7a, 0xff, 0xff, 0xff, 0x0c, 0x00, 0x00, 0x00, 0x00, 0x00,
	0x00, 0x00, 0x6b, 0xff, 0xff, 0xff, 0xae, 0xff, 0xff, 0xc3, 0x00, 0x00, 0x00, 0x00, 0x00, 0x00,
	0x00, 0x00, 0x6b, 0xff, 0xff, 0xff, 0xda, 0xff, 0xff, 0xae, 0x00, 0x00, 0x00, 0x00, 0x00, 0x00,
	0x00, 0x00, 0x6b, 0xff, 0xff, 0xff, 0xff, 0xff, 0xff, 0x7a, 0x00, 0x00, 0x00, 0x00, 0x00, 0x00,
	0x00, 0x00, 0x6b, 0xff, 0xff, 0xff, 0xff, 0xff, 0xff, 0x7a, 0x00, 0x00, 0x00, 0x00, 0x00, 0x00,
	0x00, 0x00, 0x6b, 0xff, 0xff, 0xff, 0xff, 0xff, 0xff, 0xae, 0x00, 0x00, 0x00, 0x00, 0x00, 0x00,
	0x00, 0x00, 0x6b, 0xff, 0xff, 0xff, 0xae, 0xff, 0xff, 0xae, 0x00, 0x00, 0x00, 0x00, 0x00, 0x00,
	0x00, 0x00, 0x6b, 0xff, 0xff, 0xff, 0x8b, 0xff, 0xff, 0xff, 0x00, 0x00, 0x00, 0x00, 0x00, 0x00,
	0x00, 0x00, 0x6b, 0xff, 0xff, 0xff, 0x4e, 0xff, 0xff, 0xff, 0x40, 0x00, 0x00, 0x00, 0x00, 0x00,
	0x00, 0x00, 0x7a, 0xff, 0xff, 0xff, 0x0c, 0xff, 0xff, 0xff, 0xda, 0x0c, 0x00, 0x00, 0x00, 0x00,
	0x00, 0x4e, 0xff, 0xff, 0xff, 0xff, 0x00, 0x7a, 0xff, 0xff, 0xff, 0xc3, 0x40, 0x00, 0x00, 0x26,
	0x9c, 0xff, 0xff, 0xff, 0xff, 0xff, 0x00, 0x0c, 0xda, 0xff, 0xff, 0xff, 0xff, 0xff, 0xff, 0xff,
	0xff, 0xff, 0x8b, 0xff, 0xff, 0xff, 0x00, 0x00, 0x26, 0xc3, 0xff, 0xff, 0xff, 0xff, 0xff, 0xff,
	0xff, 0x26, 0x6b, 0xff, 0xff, 0xff, 0x00, 0x00, 0x00, 0x0c, 0x5c, 0xc3, 0xff, 0xff, 0xda, 0x7a,
	0x0c, 0x00, 0x6b, 0xff, 0xff, 0xff, 0x00, 0x00, 0x00, 0x00, 0x00, 0x00, 0x00, 0x00, 0x00, 0x00,
	0x00, 0x00, 0x6b, 0xff, 0xff, 0xff, 0x00, 0x00, 0x00, 0x00, 0x00, 0x00, 0x00, 0x00, 0x00, 0x00,
	0x00, 0x00, 0x6b, 0xff, 0xff, 0xff, 0x00, 0x00, 0x00, 0x00, 0x00, 0x00, 0x00, 0x00, 0x00, 0x00,
	0x00, 0x00, 0x6b, 0xff, 0xff, 0xff, 0x00, 0x00, 0x00, 0x00, 0x00, 0x00, 0x00, 0x00, 0x00, 0x00,
	0x00, 0x00, 0x6b, 0xff, 0xff, 0xff, 0x00, 0x00, 0x00, 0x00, 0x00, 0x00, 0x00, 0x00, 0x00, 0x00,
	0x00, 0x00, 0x6b, 0xff, 0xff, 0xff, 0x00, 0x00, 0x00, 0x00, 0x00, 0x00, 0x00, 0x00, 0x00, 0x00,
	0x00, 0x00, 0x6b, 0xff, 0xff, 0xff, 0x00, 0x00, 0x00, 0x00, 0x00, 0x00, 0x00, 0x00, 0x00, 0x00,
	0x00, 0x00, 0x6b, 0xff, 0xff, 0xff, 0x00, 0x00, 0x00, 0x00, 0x00, 0x00, 0x00, 0x00, 0x00, 0x00,
	0x00, 0x00, 0x00, 0x33, 0x33, 0x6b, 0x6b, 0xff, 0xff, 0x33, 0x00, 0x00, 0x6b, 0xda, 0xff, 0xff,
	0x5c, 0x6b, 0xff, 0xff, 0x4e, 0x0c, 0xc3, 0xff, 0xff, 0xff, 0xff, 0x33, 0x6b, 0xff, 0xff, 0x6b,
	0x7a, 0xff, 0xff, 0xff, 0xff, 0xff, 0x0c, 0x6b, 0xff, 0xff, 0x8b, 0xff, 0xff, 0x5c, 0x0c, 0x00,
	0x26, 0x00, 0x6b, 0xff, 0xff, 0xff, 0xff, 0x4e, 0x00, 0x00, 0x00, 0x00, 0x00, 0x6b, 0xff, 0xff,
	0xff, 0xae, 0x00, 0x00, 0x00, 0x00, 0x00, 0x00, 0x6b, 0xff, 0xff, 0xff, 0x40, 0x00, 0x00, 0x00,
	0x00, 0x00, 0x00, 0x6b, 0xff, 0xff, 0xff, 0x00, 0x00, 0x00, 0x00, 0x00, 0x00, 0x00, 0x6b, 0xff,
	0xff, 0xae, 0x00, 0x00, 0x00, 0x00, 0x00, 0x00, 0x00, 0x6b, 0xff, 0xff, 0xae, 0x00, 0x00, 0x00,
	0x00, 0x00, 0x00, 0x00, 0x6b, 0xff, 0xff, 0xae, 0x00, 0x00, 0x00, 0x00, 0x00, 0x00, 0x00, 0x6b,
	0xff, 0xff, 0xae, 0x00, 0x00, 0x00, 0x00, 0x00, 0x00, 0x00, 0x6b, 0xff, 0xff, 0xae, 0x00, 0x00,
	0x00, 0x00, 0x00, 0x00, 0x00, 0x6b, 0xff, 0xff, 0xae, 0x00, 0x00, 0x00, 0x00, 0x00, 0x00, 0x00,
	0x6b, 0xff, 0xff, 0xae, 0x00, 0x00, 0x00, 0x00, 0x00, 0x00, 0x00, 0x6b, 0xff, 0xff, 0xae, 0x00,
	0x00, 0x00, 0x00, 0x00, 0x00, 0x00, 0x6b, 0xff, 0xff, 0xae, 0x00, 0x00, 0x00, 0x00, 0x00, 0x00,
	0x00, 0x6b, 0xff, 0xff, 0xae, 0x00, 0x00, 0x00, 0x00, 0x00, 0x00, 0x00, 0x6b, 0xff, 0xff, 0xae,
	0x00, 0x00, 0x00, 0x00, 0x00, 0x00, 0x00, 0x6b, 0xff, 0xff, 0xae, 0x00, 0x00, 0x00, 0x00, 0x00,
	0x00, 0x00, 0x00, 0x00, 0x00, 0x19, 0x6b, 0xae, 0xff, 0xff, 0xff, 0xc3, 0x7a, 0x26, 0x00, 0x00,
	0x00, 0x00, 0x00, 0x4e, 0xff, 0xff, 0xff, 0xff, 0xff, 0xff, 0xff, 0xff, 0xff, 0x9c, 0x0c, 0x00,
	0x00, 0x4e, 0xff, 0xff, 0xff, 0xff, 0xff, 0xff, 0xff, 0xff, 0xff, 0xff, 0xff, 0xc3, 0x00, 0x00,
	0xff, 0xff, 0xff, 0xff, 0x5c, 0x19, 0x00, 0x00, 0x33, 0x7a, 0xff, 0xff, 0x4e, 0x00, 0x33, 0xff,
	0xff, 0xff, 0x4e, 0x00, 0x00, 0x00, 0x00, 0x00, 0x00, 0x0c, 0x6b, 0x00, 0x00, 0x33, 0xff, 0xff,
	0xff, 0x33, 0x00, 0x00, 0x00, 0x00, 0x00, 0x00, 0x00, 0x00, 0x00, 0x00, 0x19, 0xff, 0xff, 0xff,
	0x5c, 0x00, 0x00, 0x00, 0x00, 0x00, 0x00, 0x00, 0x00, 0x00, 0x00, 0x00, 0xae, 0xff, 0xff, 0xff,
	0x6b, 0x0c, 0x00, 0x00, 0x00, 0x00, 0x00, 0x00, 0x00, 0x00, 0x00, 0x0c, 0xc3, 0xff, 0xff, 0xff,
	0xff, 0x9c, 0x5c, 0x26, 0x00, 0x00, 0x00, 0x00, 0x00, 0x00, 0x00, 0x0c, 0x6b, 0xff, 0xff, 0xff,
	0xff, 0xff, 0xff, 0xc3, 0x4e, 0x00, 0x00, 0x00, 0x00, 0x00, 0x00, 0x00, 0x0c, 0x4e, 0x8b, 0xff,
	0xff, 0xff, 0xff, 0xff, 0xae, 0x0c, 0x00, 0x00, 0x00, 0x00, 0x00, 0x00, 0x00, 0x00, 0x00, 0x33,
	0x9c, 0xff, 0xff, 0xff, 0xae, 0x00, 0x00, 0x00, 0x00, 0x00, 0x00, 0x00, 0x00, 0x00, 0x00, 0x00,
	0x5c, 0xff, 0xff, 0xff, 0x33, 0x00, 0x00, 0x00, 0x00, 0x00, 0x00, 0x00, 0x00, 0x00, 0x00, 0x00,
	0xff, 0xff, 0xff, 0x6b, 0x00, 0x00, 0x00, 0x00, 0x00, 0x00, 0x00, 0x00, 0x00, 0x00, 0x00, 0xff,
	0xff, 0xff, 0x6b, 0x00, 0x6b, 0x26, 0x00, 0x00, 0x00, 0x00, 0x00, 0x00, 0x00, 0x40, 0xff, 0xff,
	0xff, 0x5c, 0x4e, 0xff, 0xff, 0x9c, 0x4e, 0x19, 0x00, 0x00, 0x26, 0x6b, 0xff, 0xff, 0xff, 0xff,
	0x19, 0xae, 0xff, 0xff, 0xff, 0xff, 0xff, 0xff, 0xff, 0xff, 0xff, 0xff, 0xff, 0xff, 0x6b, 0x00,
	0x00, 0x6b, 0xff, 0xff, 0xff, 0xff, 0xff, 0xff, 0xff, 0xff, 0xff, 0xff, 0x5c, 0x00, 0x00, 0x00,
	0x00, 0x0c, 0x5c, 0xae, 0xff, 0xff, 0xff, 0xff, 0xae, 0x5c, 0x0c, 0x00, 0x00, 0x00, 0x00, 0x00,
	0x00, 0x19, 0x6b, 0x9c, 0xae, 0x00, 0x00, 0x00, 0x00, 0x00, 0x00, 0x00, 0x00, 0x00, 0x33, 0xff,
	0xff, 0xff, 0x00, 0x00, 0x00, 0x00, 0x00, 0x00, 0x00, 0x00, 0x00, 0x33, 0xff, 0xff, 0xff, 0x00,
	0x00, 0x00, 0x00, 0x00, 0x00, 0x00, 0x00, 0x00, 0x33, 0xff, 0xff, 0xff, 0x00, 0x00, 0x00, 0x00,
	0x00, 0x00, 0x00, 0x00, 0x00, 0x33, 0xff, 0xff, 0xff, 0x00, 0x00, 0x00, 0x00, 0x00, 0x00, 0xae,
	0xff, 0xff, 0xff, 0xff, 0xff, 0xff, 0xff, 0xff, 0xff, 0xff, 0x5c, 0x00, 0xae, 0xff, 0xff, 0xff,
	0xff, 0xff, 0xff, 0xff, 0xff, 0xff, 0xff, 0x33, 0x00, 0xae, 0xff, 0xff, 0xff, 0xff, 0xff, 0xff,
	0xff, 0xff, 0xff, 0xff, 0x26, 0x00, 0x00, 0x00, 0x00, 0x33, 0xff, 0xff, 0xff, 0x00, 0x00, 0x00,
	0x00, 0x00, 0x00, 0x00, 0x00, 0x00, 0x33, 0xff, 0xff, 0xff, 0x00, 0x00, 0x00, 0x00, 0x00, 0x00,
	0x00, 0x00, 0x00, 0x33, 0xff, 0xff, 0xff, 0x00, 0x00, 0x00, 0x00, 0x00, 0x00, 0x00, 0x00, 0x00,
	0x33, 0xff, 0xff, 0xff, 0x00, 0x00, 0x00, 0x00, 0x00, 0x00, 0x00, 0x00, 0x00, 0x33, 0xff, 0xff,
	0xff, 0x00, 0x00, 0x00, 0x00, 0x00, 0x00, 0x00, 0x00, 0x00, 0x33, 0xff, 0xff, 0xff, 0x00, 0x00,
	0x00, 0x00, 0x00, 0x00, 0x00, 0x00, 0x00, 0x33, 0xff, 0xff, 0xff, 0x00, 0x00, 0x00, 0x00, 0x00,
	0x00, 0x00, 0x00, 0x00, 0x33, 0xff, 0xff, 0xff, 0x00, 0x00, 0x00, 0x00, 0x00, 0x00, 0x00, 0x00,
	0x00, 0x33, 0xff, 0xff, 0xff, 0x00, 0x00, 0x00, 0x00, 0x00, 0x00, 0x00, 0x00, 0x00, 0x33, 0xff,
	0xff, 0xff, 0x00, 0x00, 0x00, 0x00, 0x00, 0x00, 0x00, 0x00, 0x00, 0x33, 0xff, 0xff, 0xff, 0x00,
	0x00, 0x00, 0x00, 0x00, 0x00, 0x00, 0x00, 0x00, 0x33, 0xff, 0xff, 0xff, 0x00, 0x00, 0x00, 0x00,
	0x00, 0x00, 0x00, 0x00, 0x00, 0x33, 0xff, 0xff, 0xff, 0x0c, 0x00, 0x00, 0x00, 0x00, 0x00, 0x00,
	0x00, 0x00, 0x19, 0xff, 0xff, 0xff, 0x8b, 0x0c, 0x00, 0x26, 0x7a, 0x00, 0x00, 0x00, 0x00, 0x00,
	0xae, 0xff, 0xff, 0xff, 0xff, 0xff, 0xff, 0xff, 0x4e, 0x00, 0x00, 0x00, 0x00, 0x26, 0xff, 0xff,
	0xff, 0xff, 0xff, 0xff, 0xff, 0xc3, 0x00, 0x00, 0x00, 0x00, 0x00, 0x19, 0x8b, 0xda, 0xff, 0xff,
	0xc3, 0x5c, 0x0c, 0xae, 0xff, 0xff, 0x6b, 0x00, 0x00, 0x00, 0x00, 0x00, 0x00, 0x00, 0xae, 0xff,
	0xff, 0x6b, 0xae, 0xff, 0xff, 0x6b, 0x00, 0x00, 0x00, 0x00, 0x00, 0x00, 0x00, 0xae, 0xff, 0xff,
	0x6b, 0xae, 0xff, 0xff, 0x6b, 0x00, 0x00, 0x00, 0x00, 0x00, 0x00, 0x00, 0xae, 0xff, 0xff, 0x6b,
	0xae, 0xff, 0xff, 0x6b, 0x00, 0x00, 0x00, 0x00, 0x00, 0x00, 0x00, 0xae, 0xff, 0xff, 0x6b, 0xae,
	0xff, 0xff, 0x6b, 0x00, 0x00, 0x00, 0x00, 0x00, 0x00, 0x00, 0xae, 0xff, 0xff, 0x6b, 0xae, 0xff,
	0xff, 0x6b, 0x00, 0x00, 0x00, 0x00, 0x00, 0x00, 0x00, 0xae, 0xff, 0xff, 0x6b, 0xae, 0xff, 0xff,
	0x6b, 0x00, 0x00, 0x00, 0x00, 0x00, 0x00, 0x00, 0xae, 0xff, 0xff, 0x6b, 0xae, 0xff, 0xff, 0x6b,
	0x00, 0x00, 0x00, 0x00, 0x00, 0x00, 0x00, 0xae, 0xff, 0xff, 0x6b, 0xae, 0xff, 0xff, 0x6b, 0x00,
	0x00, 0x00, 0x00, 0x00, 0x00, 0x00, 0xae, 0xff, 0xff, 0x6b, 0xae, 0xff, 0xff, 0x6b, 0x00, 0x00,
	0x00, 0x00, 0x00, 0x00, 0x00, 0xae, 0xff, 0xff, 0x6b, 0xae, 0xff, 0xff, 0x6b, 0x00, 0x00, 0x00,
	0x00, 0x00, 0x00, 0x00, 0xae, 0xff, 0xff, 0x6b, 0xae, 0xff, 0xff, 0x6b, 0x00, 0x00, 0x00, 0x00,
	0x00, 0x00, 0x00, 0xae, 0xff, 0xff, 0x6b, 0xae, 0xff, 0xff, 0x6b, 0x00, 0x00, 0x00, 0x00, 0x00,
	0x00, 0x00, 0xae, 0xff, 0xff, 0x6b, 0xae, 0xff, 0xff, 0x6b, 0x00, 0x00, 0x00, 0x00, 0x00, 0x00,
	0x00, 0xae, 0xff, 0xff, 0x6b, 0xae, 0xff, 0xff, 0x8b, 0x00, 0x00, 0x00, 0x00, 0x00, 0x00, 0x40,
	0xff, 0xff, 0xff, 0x6b, 0x9c, 0xff, 0xff, 0xda, 0x00, 0x00, 0x00, 0x00, 0x00, 0x26, 0xff, 0xff,
	0xff, 0xff, 0x6b, 0x5c, 0xff, 0xff, 0xff, 0x8b, 0x19, 0x00, 0x19, 0x6b, 0xff, 0xff, 0xae, 0xff,
	0xff, 0x6b, 0x0c, 0xff, 0xff, 0xff, 0xff, 0xff, 0xff, 0xff, 0xff, 0xff, 0x8b, 0x6b, 0xff, 0xff,
	0x6b, 0x00, 0x40, 0xff, 0xff, 0xff, 0xff, 0xff, 0xff, 0xff, 0x8b, 0x00, 0x6b, 0xff, 0xff, 0x6b,
	0x00, 0x00, 0x26, 0x9c, 0xff, 0xff, 0xff, 0x9c, 0x4e, 0x00, 0x00, 0x33, 0xff, 0xff, 0x6b, 0x6b,
	0xff, 0xff, 0xff, 0x19, 0x00, 0x00, 0x00, 0x00, 0x00, 0x00, 0x00, 0x00, 0x40, 0xff, 0xff, 0xff,
	0x26, 0x19, 0xff, 0xff, 0xff, 0x4e, 0x00, 0x00, 0x00, 0x00, 0x00, 0x00, 0x00, 0x00, 0x7a, 0xff,
	0xff, 0xda, 0x00, 0x00, 0xc3, 0xff, 0xff, 0x9c, 0x00, 0x00, 0x00, 0x00, 0x00, 0x00, 0x00, 0x00,
	0xda, 0xff, 0xff, 0x7a, 0x00, 0x00, 0x5c, 0xff, 0xff, 0xff, 0x00, 0x00, 0x00, 0x00, 0x00, 0x00,
	0x00, 0x26, 0xff, 0xff, 0xff, 0x26, 0x00, 0x00, 0x26, 0xff, 0xff, 0xff, 0x40, 0x00, 0x00, 0x00,
	0x00, 0x00, 0x00, 0x5c, 0xff, 0xff, 0xda, 0x00, 0x00, 0x00, 0x00, 0xda, 0xff, 0xff, 0x7a, 0x00,
	0x00, 0x00, 0x00, 0x00, 0x00, 0xae, 0xff, 0xff, 0x8b, 0x00, 0x00, 0x00, 0x00, 0x7a, 0xff, 0xff,
	0xda, 0x00, 0x00, 0x00, 0x00, 0x00, 0x0c, 0xff, 0xff, 0xff, 0x40, 0x00, 0x00, 0x00, 0x00, 0x26,
	0xff, 0xff, 0xff, 0x19, 0x00, 0x00, 0x00, 0x00, 0x40, 0xff, 0xff, 0xff, 0x00, 0x00, 0x00, 0x00,
	0x00, 0x00, 0xda, 0xff, 0xff, 0x5c, 0x00, 0x00, 0x00, 0x00, 0x8b, 0xff, 0xff, 0x8b, 0x00, 0x00,
	0x00, 0x00, 0x00, 0x00, 0x7a, 0xff, 0xff, 0xae, 0x00, 0x00, 0x00, 0x00, 0xff, 0xff, 0xff, 0x40,
	0x00, 0x00, 0x00, 0x00, 0x00, 0x00, 0x26, 0xff, 0xff, 0xff, 0x0c, 0x00, 0x00, 0x26, 0xff, 0xff,
	0xff, 0x00, 0x00, 0x00, 0x00, 0x00, 0x00, 0x00, 0x00, 0xda, 0xff, 0xff, 0x40, 0x00, 0x00, 0x6b,
	0xff, 0xff, 0x8b, 0x00, 0x00, 0x00, 0x00, 0x00, 0x00, 0x00, 0x00, 0x7a, 0xff, 0xff, 0x8b, 0x00,
	0x00, 0xc3, 0xff, 0xff, 0x40, 0x00, 0x00, 0x00, 0x00, 0x00, 0x00, 0x00, 0x00, 0x26, 0xff, 0xff,
	0xff, 0x00, 0x0c, 0xff, 0xff, 0xff, 0x00, 0x00, 0x00, 0x00, 0x00, 0x00, 0x00, 0x00, 0x00, 0x00,
	0xda, 0xff, 0xff, 0x26, 0x4e, 0xff, 0xff, 0x9c, 0x00, 0x00, 0x00, 0x00, 0x00, 0x00, 0x00, 0x00,
	0x00, 0x00, 0x7a, 0xff, 0xff, 0x6b, 0x9c, 0xff, 0xff, 0x4e, 0x00, 0x00, 0x00, 0x00, 0x00, 0x00,
	0x00, 0x00, 0x00, 0x00, 0x26, 0xff, 0xff, 0xc3, 0xff, 0xff, 0xff, 0x0c, 0x00, 0x00, 0x00, 0x00,
	0x00, 0x00, 0x00, 0x00, 0x00, 0x00, 0x00, 0xda, 0xff, 0xff, 0xff, 0xff, 0x9c, 0x00, 0x00, 0x00,
	0x00, 0x00, 0x00, 0x00, 0x00, 0x00, 0x00, 0x00, 0x00, 0x8b, 0xff, 0xff, 0xff, 0xff, 0x4e, 0x00,
	0x00, 0x00, 0x00, 0x00, 0x00, 0x00, 0x00, 0x00, 0x00, 0x00, 0x00, 0x40, 0xff, 0xff, 0xff, 0xff,
	0x0c, 0x00, 0x00, 0x00, 0x00, 0x00, 0x00, 0x26, 0xff, 0xff, 0xff, 0x19, 0x00, 0x00, 0x00, 0x00,
	0x00, 0x00, 0xff, 0xff, 0xff, 0xff, 0x00, 0x00, 0x00, 0x00, 0x00, 0x00, 0x26, 0xff, 0xff, 0xff,
	0x00, 0xff, 0xff, 0xff, 0x40, 0x00, 0x00, 0x00, 0x00, 0x00, 0x19, 0xff, 0xff, 0xff, 0xff, 0x33,
	0x00, 0x00, 0x00, 0x00, 0x00, 0x4e, 0xff, 0xff, 0xae, 0x00, 0xae, 0xff, 0xff, 0x6b, 0x00, 0x00,
	0x00, 0x00, 0x00, 0x40, 0xff, 0xff, 0xff, 0xff, 0x5c, 0x00, 0x00, 0x00, 0x00, 0x00, 0x7a, 0xff,
	0xff, 0x7a, 0x00, 0x6b, 0xff, 0xff, 0xae, 0x00, 0x00, 0x00, 0x00, 0x00, 0x6b, 0xff, 0xff, 0xff,
	0xff, 0x8b, 0x00, 0x00, 0x00, 0x00, 0x00, 0xae, 0xff, 0xff, 0x40, 0x00, 0x33, 0xff, 0xff, 0xff,
	0x00, 0x00, 0x00, 0x00, 0x00, 0xae, 0xff, 0xae, 0xc3, 0xff, 0xc3, 0x00, 0x00, 0x00, 0x00, 0x00,
	0xff, 0xff, 0xff, 0x19, 0x00, 0x0c, 0xff, 0xff, 0xff, 0x0c, 0x00, 0x00, 0x00, 0x00, 0xff, 0xff,
	0x6b, 0x8b, 0xff, 0xff, 0x00, 0x00, 0x00, 0x00, 0x26, 0xff, 0xff, 0xff, 0x00, 0x00, 0x00, 0xc3,
	0xff, 0xff, 0x33, 0x00, 0x00, 0x00, 0x26, 0xff, 0xff, 0x33, 0x5c, 0xff, 0xff, 0x33, 0x00, 0x00,
	0x00, 0x4e, 0xff, 0xff, 0x9c, 0x00, 0x00, 0x00, 0x8b, 0xff, 0xff, 0x6b, 0x00, 0x00, 0x00, 0x4e,
	0xff, 0xff, 0x0c, 0x33, 0xff, 0xff, 0x5c, 0x00, 0x00, 0x00, 0x6b, 0xff, 0xff, 0x6b, 0x00, 0x00,
	0x00, 0x4e, 0xff, 0xff, 0x9c, 0x00, 0x00, 0x00, 0x8b, 0xff, 0xda, 0x00, 0x00, 0xff, 0xff, 0x8b,
	0x00, 0x00, 0x00, 0xae, 0xff, 0xff, 0x33, 0x00, 0x00, 0x00, 0x26, 0xff, 0xff, 0xda, 0x00, 0x00,
	0x00, 0xc3, 0xff, 0x9c, 0x00, 0x00, 0xc3, 0xff, 0xc3, 0x00, 0x00, 0x00, 0xff, 0xff, 0xff, 0x00,
	0x00, 0x00, 0x00, 0x00, 0xff, 0xff, 0xff, 0x0c, 0x00, 0x00, 0xff, 0xff, 0x6b, 0x00, 0x00, 0x8b,
	0xff, 0xff, 0x00, 0x00, 0x19, 0xff, 0xff, 0xc3, 0x00, 0x00, 0x00, 0x00, 0x00, 0xae, 0xff, 0xff,
	0x33, 0x00, 0x33, 0xff, 0xff, 0x33, 0x00, 0x00, 0x5c, 0xff, 0xff, 0x33, 0x00, 0x40, 0xff, 0xff,
	0x8b, 0x00, 0x00, 0x00, 0x00, 0x00, 0x6b, 0xff, 0xff, 0x6b, 0x00, 0x6b, 0xff, 0xff, 0x0c, 0x00,
	0x00, 0x33, 0xff, 0xff, 0x5c, 0x00, 0x6b, 0xff, 0xff, 0x4e, 0x00, 0x00, 0x00, 0x00, 0x00, 0x40,
	0xff, 0xff, 0x9c, 0x00, 0x9c, 0xff, 0xda, 0x00, 0x00, 0x00, 0x00, 0xff, 0xff, 0x8b, 0x00, 0xae,
	0xff, 0xff, 0x26, 0x00, 0x00, 0x00, 0x00, 0x00, 0x0c, 0xff, 0xff, 0xc3, 0x00, 0xda, 0xff, 0x9c,
	0x00, 0x00, 0x00, 0x00, 0xc3, 0xff, 0xc3, 0x00, 0xff, 0xff, 0xff, 0x00, 0x00, 0x00, 0x00, 0x00,
	0x00, 0x00, 0xda, 0xff, 0xff, 0x0c, 0xff, 0xff, 0x6b, 0x00, 0x00, 0x00, 0x00, 0x8b, 0xff, 0xff,
	0x19, 0xff, 0xff, 0xae, 0x00, 0x00, 0x00, 0x00, 0x00, 0x00, 0x00, 0x8b, 0xff, 0xff, 0x7a, 0xff,
	0xff, 0x33, 0x00, 0x00, 0x00, 0x00, 0x5c, 0xff, 0xff, 0x7a, 0xff, 0xff, 0x6b, 0x00, 0x00, 0x00,
	0x00, 0x00, 0x00, 0x00, 0x5c, 0xff, 0xff, 0xff, 0xff, 0xff, 0x0c, 0x00, 0x00, 0x00, 0x00, 0x33,
	0xff, 0xff, 0xff, 0xff, 0xff, 0x40, 0x00, 0x00, 0x00, 0x00, 0x00, 0x00, 0x00, 0x26, 0xff, 0xff,
	0xff, 0xff, 0xda, 0x00, 0x00, 0x00, 0x00, 0x00, 0x00, 0xff, 0xff, 0xff, 0xff, 0xff, 0x0c, 0x00,
	0x00, 0x00, 0x00, 0x00, 0x00, 0x00, 0x00, 0xff, 0xff, 0xff, 0xff, 0x8b, 0x00, 0x00, 0x00, 0x00,
	0x00, 0x00, 0xc3, 0xff, 0xff, 0xff, 0xda, 0x00, 0x00, 0x00, 0x00, 0x00, 0xae, 0xff, 0xff, 0xff,
	0x19, 0x00, 0x00, 0x00, 0x00, 0x00, 0x00, 0x6b, 0xff, 0xff, 0xff, 0x33, 0x00, 0x00, 0x19, 0xff,
	0xff, 0xff, 0x8b, 0x00, 0x00, 0x00, 0x00, 0x00, 0x0c, 0xff, 0xff, 0xff, 0x7a, 0x00, 0x00, 0x00,
	0x00, 0x6b, 0xff, 0xff, 0xff, 0x19, 0x00, 0x00, 0x00, 0x00, 0x7a, 0xff, 0xff, 0xff, 0x0c, 0x00,
	0x00, 0x00, 0x00, 0x0c, 0xda, 0xff, 0xff, 0xae, 0x00, 0x00, 0x00, 0x19, 0xff, 0xff, 0xff, 0x40,
	0x00, 0x00, 0x00, 0x00, 0x00, 0x00, 0x33, 0xff, 0xff, 0xff, 0x33, 0x00, 0x00, 0x8b, 0xff, 0xff,
	0xae, 0x00, 0x00, 0x00, 0x00, 0x00, 0x00, 0x00, 0x00, 0x9c, 0xff, 0xff, 0xae, 0x00, 0x26, 0xff,
	0xff, 0xff, 0x19, 0x00, 0x00, 0x00, 0x00, 0x00, 0x00, 0x00, 0x00, 0x19, 0xff, 0xff, 0xff, 0x33,
	0xae, 0xff, 0xff, 0x6b, 0x00, 0x00, 0x00, 0x00, 0x00, 0x00, 0x00, 0x00, 0x00, 0x00, 0x6b, 0xff,
	0xff, 0xda, 0xff, 0xff, 0xda, 0x00, 0x00, 0x00, 0x00, 0x00, 0x00, 0x00, 0x00, 0x00, 0x00, 0x00,
	0x00, 0xc3, 0xff, 0xff, 0xff, 0xff, 0x33, 0x00, 0x00, 0x00, 0x00, 0x00, 0x00, 0x00, 0x00, 0x00,
	0x00, 0x00, 0x00, 0x4e, 0xff, 0xff, 0xff, 0xc3, 0x00, 0x00, 0x00, 0x00, 0x00, 0x00, 0x00, 0x00,
	0x00, 0x00, 0x00, 0x00, 0x00, 0xc3, 0xff, 0xff, 0xff, 0xff, 0x4e, 0x00, 0x00, 0x00, 0x00, 0x00,
	0x00, 0x00, 0x00, 0x00, 0x00, 0x00, 0x5c, 0xff, 0xff, 0xff, 0xff, 0xff, 0xff, 0x0c, 0x00, 0x00,
	0x00, 0x00, 0x00, 0x00, 0x00, 0x00, 0x00, 0x19, 0xff, 0xff, 0xff, 0x19, 0xda, 0xff, 0xff, 0x8b,
	0x00, 0x00, 0x00, 0x00, 0x00, 0x00, 0x00, 0x00, 0x00, 0xae, 0xff, 0xff, 0x7a, 0x00, 0x40, 0xff,
	0xff, 0xff, 0x33, 0x00, 0x00, 0x00, 0x00, 0x00, 0x00, 0x00, 0x40, 0xff, 0xff, 0xff, 0x0c, 0x00,
	0x00, 0xae, 0xff, 0xff, 0xda, 0x00, 0x00, 0x00, 0x00, 0x00, 0x00, 0x0c, 0xff, 0xff, 0xff, 0x6b,
	0x00, 0x00, 0x00, 0x33, 0xff, 0xff, 0xff, 0x6b, 0x00, 0x00, 0x00, 0x00, 0x00, 0x7a, 0xff, 0xff,
	0xda, 0x00, 0x00, 0x00, 0x00, 0x00, 0x8b, 0xff, 0xff, 0xff, 0x19, 0x00, 0x00, 0x00, 0x33, 0xff,
	0xff, 0xff, 0x40, 0x00, 0x00, 0x00, 0x00, 0x00, 0x19, 0xff, 0xff, 0xff, 0xae, 0x00, 0x00, 0x00,
	0xda, 0xff, 0xff, 0xae, 0x00, 0x00, 0x00, 0x00, 0x00, 0x00, 0x00, 0x6b, 0xff, 0xff, 0xff, 0x40,
	0x00, 0x6b, 0xff, 0xff, 0xff, 0x33, 0x00, 0x00, 0x00, 0x00, 0x00, 0x00, 0x00, 0x0c, 0xff, 0xff,
	0xff, 0xff, 0x0c, 0x6b, 0xff, 0xff, 0xff, 0x0c, 0x00, 0x00, 0x00, 0x00, 0x00, 0x00, 0x00, 0x00,
	0x26, 0xff, 0xff, 0xff, 0x26, 0x19, 0xff, 0xff, 0xff, 0x40, 0x00, 0x00, 0x00, 0x00, 0x00, 0x00,
	0x00, 0x00, 0x6b, 0xff, 0xff, 0xda, 0x00, 0x00, 0xda, 0xff, 0xff, 0x8b, 0x00, 0x00, 0x00, 0x00,
	0x00, 0x00, 0x00, 0x00, 0xc3, 0xff, 0xff, 0x7a, 0x00, 0x00, 0x7a, 0xff, 0xff, 0xda, 0x00, 0x00,
	0x00, 0x00, 0x00, 0x00, 0x00, 0x0c, 0xff, 0xff, 0xff, 0x33, 0x00, 0x00, 0x26, 0xff, 0xff, 0xff,
	0x26, 0x00, 0x00, 0x00, 0x00, 0x00, 0x00, 0x4e, 0xff, 0xff, 0xff, 0x00, 0x00, 0x00, 0x00, 0xda,
	0xff, 0xff, 0x6b, 0x00, 0x00, 0x00, 0x00, 0x00, 0x00, 0x8b, 0xff, 0xff, 0x8b, 0x00, 0x00, 0x00,
	0x00, 0x7a, 0xff, 0xff, 0xc3, 0x00, 0x00, 0x00, 0x00, 0x00, 0x00, 0xda, 0xff, 0xff, 0x40, 0x00,
	0x00, 0x00, 0x00, 0x33, 0xff, 0xff, 0xff, 0x0c, 0x00, 0x00, 0x00, 0x00, 0x26, 0xff, 0xff, 0xff,
	0x00, 0x00, 0x00, 0x00, 0x00, 0x00, 0xff, 0xff, 0xff, 0x4e, 0x00, 0x00, 0x00, 0x00, 0x5c, 0xff,
	0xff, 0x8b, 0x00, 0x00, 0x00, 0x00, 0x00, 0x00, 0x8b, 0xff, 0xff, 0x8b, 0x00, 0x00, 0x00, 0x00,
	0xae, 0xff, 0xff, 0x4e, 0x00, 0x00, 0x00, 0x00, 0x00, 0x00, 0x40, 0xff, 0xff, 0xff, 0x00, 0x00,
	0x00, 0x0c, 0xff, 0xff, 0xff, 0x0c, 0x00, 0x00, 0x00, 0x00, 0x00, 0x00, 0x00, 0xff, 0xff, 0xff,
	0x26, 0x00, 0x00, 0x40, 0xff, 0xff, 0x9c, 0x00, 0x00, 0x00, 0x00, 0x00, 0x00, 0x00, 0x00, 0x8b,
	0xff, 0xff, 0x7a, 0x00, 0x00, 0x8b, 0xff, 0xff, 0x4e, 0x00, 0x00, 0x00, 0x00, 0x00, 0x00, 0x00,
	0x00, 0x4e, 0xff, 0xff, 0xc3, 0x00, 0x00, 0xda, 0xff, 0xff, 0x0c, 0x00, 0x00, 0x00, 0x00, 0x00,
	0x00, 0x00, 0x00, 0x0c, 0xff, 0xff, 0xff, 0x19, 0x26, 0xff, 0xff, 0xc3, 0x00, 0x00, 0x00, 0x00,
	0x00, 0x00, 0x00, 0x00, 0x00, 0x00, 0x9c, 0xff, 0xff, 0x4e, 0x5c, 0xff, 0xff, 0x5c, 0x00, 0x00,
	0x00, 0x00, 0x00, 0x00, 0x00, 0x00, 0x00, 0x00, 0x4e, 0xff, 0xff, 0x9c, 0xae, 0xff, 0xff, 0x19,
	0x00, 0x00, 0x00, 0x00, 0x00, 0x00, 0x00, 0x00, 0x00, 0x00, 0x0c, 0xff, 0xff, 0xff, 0xff, 0xff,
	0xc3, 0x00, 0x00, 0x00, 0x00, 0x00, 0x00, 0x00, 0x00, 0x00, 0x00, 0x00, 0x00, 0x9c, 0xff, 0xff,
	0xff, 0xff, 0x5c, 0x00, 0x00, 0x00, 0x00, 0x00, 0x00, 0x00, 0x00, 0x00, 0x00, 0x00, 0x00, 0x5c,
	0xff, 0xff, 0xff, 0xff, 0x26, 0x00, 0x00, 0x00, 0x00, 0x00, 0x00, 0x00, 0x00, 0x00, 0x00, 0x00,
	0x00, 0x00, 0x4e, 0xff, 0xff, 0xda, 0x00, 0x00, 0x00, 0x00, 0x00, 0x00, 0x00, 0x00, 0x00, 0x00,
	0x00, 0x00, 0x00, 0x00, 0xae, 0xff, 0xff, 0x5c, 0x00, 0x00, 0x00, 0x00, 0x00, 0x00, 0x00, 0x00,
	0x00, 0x00, 0x00, 0x00, 0x00, 0x40, 0xff, 0xff, 0xff, 0x0c, 0x00, 0x00, 0x00, 0x00, 0x00, 0x00,
	0x00, 0x00, 0x00, 0x00, 0x00, 0x00, 0x26, 0xff, 0xff, 0xff, 0x5c, 0x00, 0x00, 0x00, 0x00, 0x00,
	0x00, 0x00, 0x00, 0x00, 0x00, 0x00, 0x26, 0x7a, 0xff, 0xff, 0xff, 0xae, 0x00, 0x00, 0x00, 0x00,
	0x00, 0x00, 0x00, 0x00, 0x00, 0x00, 0x0c, 0xda, 0xff, 0xff, 0xff, 0xff, 0xc3, 0x0c, 0x00, 0x00,
	0x00, 0x00, 0x00, 0x00, 0x00, 0x00, 0x00, 0x00, 0x00, 0xff, 0xff, 0xff, 0xff, 0x7a, 0x0c, 0x00,
	0x00, 0x00, 0x00, 0x00, 0x00, 0x00, 0x00, 0x00, 0x00, 0x00, 0x00, 0x9c, 0x9c, 0x5c, 0x19, 0x00,
	0x00, 0x00, 0x00, 0x00, 0x00, 0x00, 0x00, 0x00, 0x00, 0x00, 0x00, 0x33, 0xff, 0xff, 0xff, 0xff,
	0xff, 0xff, 0xff, 0xff, 0xff, 0xff, 0xff, 0xff, 0x6b, 0x33, 0xff, 0xff, 0xff, 0xff, 0xff, 0xff,
	0xff, 0xff, 0xff, 0xff, 0xff, 0xff, 0x6b, 0x33, 0xff, 0xff, 0xff, 0xff, 0xff, 0xff, 0xff, 0xff,
	0xff, 0xff, 0xff, 0xff, 0x6b, 0x00, 0x00, 0x00, 0x00, 0x00, 0x00, 0x00, 0x00, 0x00, 0x7a, 0xff,
	0xff, 0xff, 0x0c, 0x00, 0x00, 0x00, 0x00, 0x00, 0x00, 0x00, 0x00, 0x33, 0xff, 0xff, 0xff, 0x33,
	0x00, 0x00, 0x00, 0x00, 0x00, 0x00, 0x00, 0x00, 0x0c, 0xda, 0xff, 0xff, 0x7a, 0x00, 0x00, 0x00,
	0x00, 0x00, 0x00, 0x00, 0x00, 0x00, 0x9c, 0xff, 0xff, 0xda, 0x0c, 0x00, 0x00, 0x00, 0x00, 0x00,
	0x00, 0x00, 0x00, 0x40, 0xff, 0xff, 0xff, 0x26, 0x00, 0x00, 0x00, 0x00, 0x00, 0x00, 0x00, 0x00,
	0x0c, 0xff, 0xff, 0xff, 0x6b, 0x00, 0x00, 0x00, 0x00, 0x00, 0x00, 0x00, 0x00, 0x00, 0x9c, 0xff,
	0xff, 0xc3, 0x00, 0x00, 0x00, 0x00, 0x00, 0x00, 0x00, 0x00, 0x00, 0x5c, 0xff, 0xff, 0xff, 0x26,
	0x00, 0x00, 0x00, 0x00, 0x00, 0x00, 0x00, 0x00, 0x19, 0xff, 0xff, 0xff, 0x5c, 0x00, 0x00, 0x00,
	0x00, 0x00, 0x00, 0x00, 0x00, 0x00, 0xae, 0xff, 0xff, 0xae, 0x00, 0x00, 0x00, 0x00, 0x00, 0x00,
	0x00, 0x00, 0x00, 0x5c, 0xff, 0xff, 0xff, 0x19, 0x00, 0x00, 0x00, 0x00, 0x00, 0x00, 0x00, 0x00,
	0x26, 0xff, 0xff, 0xff, 0x4e, 0x00, 0x00, 0x00, 0x00, 0x00, 0x00, 0x00, 0x00, 0x00, 0xc3, 0xff,
	0xff, 0x9c, 0x00, 0x00, 0x00, 0x00, 0x00, 0x00, 0x00, 0x00, 0x00, 0x6b, 0xff, 0xff, 0xff, 0x0c,
	0x00, 0x00, 0x00, 0x00, 0x00, 0x00, 0x00, 0x00, 0x00, 0xff, 0xff, 0xff, 0xff, 0xff, 0xff, 0xff,
	0xff, 0xff, 0xff, 0xff, 0xff, 0xff, 0x7a, 0xff, 0xff, 0xff, 0xff, 0xff, 0xff, 0xff, 0xff, 0xff,
	0xff, 0xff, 0xff, 0xff, 0x6b, 0xff, 0xff, 0xff, 0xff, 0xff, 0xff, 0xff, 0xff, 0xff, 0xff, 0xff,
	0xff, 0xff, 0x33, 0x00, 0x00, 0x00, 0x00, 0x19, 0x7a, 0xae, 0xff, 0xff, 0x00, 0x00, 0x00, 0x40,
	0xff, 0xff, 0xff, 0xff, 0xff, 0x00, 0x00, 0x0c, 0xff, 0xff, 0xff, 0xff, 0xff, 0xff, 0x00, 0x00,
	0x40, 0xff, 0xff, 0xff, 0x6b, 0x19, 0x00, 0x00, 0x00, 0x6b, 0xff, 0xff, 0x9c, 0x00, 0x00, 0x00,
	0x00, 0x00, 0x6b, 0xff, 0xff, 0x6b, 0x00, 0x00, 0x00, 0x00, 0x00, 0x6b, 0xff, 0xff, 0x6b, 0x00,
	0x00, 0x00, 0x00, 0x00, 0x6b, 0xff, 0xff, 0x6b, 0x00, 0x00, 0x00, 0x00, 0x00, 0x6b, 0xff, 0xff,
	0x6b, 0x00, 0x00, 0x00, 0x00, 0x00, 0x6b, 0xff, 0xff, 0x6b, 0x00, 0x00, 0x00, 0x00, 0x00, 0x6b,
	0xff, 0xff, 0x6b, 0x00, 0x00, 0x00, 0x00, 0x00, 0x6b, 0xff, 0xff, 0x6b, 0x00, 0x00, 0x00, 0x00,
	0x00, 0x6b, 0xff, 0xff, 0x6b, 0x00, 0x00, 0x00, 0x00, 0x00, 0x6b, 0xff, 0xff, 0x6b, 0x00, 0x00,
	0x00, 0x00, 0x00, 0x6b, 0xff, 0xff, 0x6b, 0x00, 0x00, 0x00, 0x00, 0x00, 0xae, 0xff, 0xff, 0x6b,
	0x00, 0x00, 0x00, 0x00, 0x5c, 0xff, 0xff, 0xff, 0x33, 0x00, 0x00, 0x00, 0xff, 0xff, 0xff, 0xff,
	0x8b, 0x00, 0x00, 0x00, 0x00, 0xff, 0xff, 0xff, 0x5c, 0x00, 0x00, 0x00, 0x00, 0x00, 0xff, 0xff,
	0xff, 0xff, 0x8b, 0x00, 0x00, 0x00, 0x00, 0x00, 0x5c, 0xff, 0xff, 0xff, 0x40, 0x00, 0x00, 0x00,
	0x00, 0x00, 0xae, 0xff, 0xff, 0x6b, 0x00, 0x00, 0x00, 0x00, 0x00, 0x6b, 0xff, 0xff, 0x6b, 0x00,
	0x00, 0x00, 0x00, 0x00, 0x6b, 0xff, 0xff, 0x6b, 0x00, 0x00, 0x00, 0x00, 0x00, 0x6b, 0xff, 0xff,
	0x6b, 0x00, 0x00, 0x00, 0x00, 0x00, 0x6b, 0xff, 0xff, 0x6b, 0x00, 0x00, 0x00, 0x00, 0x00, 0x6b,
	0xff, 0xff, 0x6b, 0x00, 0x00, 0x00, 0x00, 0x00, 0x6b, 0xff, 0xff, 0x6b, 0x00, 0x00, 0x00, 0x00,
	0x00, 0x6b, 0xff, 0xff, 0x6b, 0x00, 0x00, 0x00, 0x00, 0x00, 0x6b, 0xff, 0xff, 0x6b, 0x00, 0x00,
	0x00, 0x00, 0x00, 0x6b, 0xff, 0xff, 0x6b, 0x00, 0x00, 0x00, 0x00, 0x00, 0x6b, 0xff, 0xff, 0x9c,
	0x00, 0x00, 0x00, 0x00, 0x00, 0x4e, 0xff, 0xff, 0xff, 0x6b, 0x19, 0x00, 0x00, 0x00, 0x0c, 0xff,
	0xff, 0xff, 0xff, 0xff, 0xff, 0x00, 0x00, 0x00, 0x4e, 0xff, 0xff, 0xff, 0xff, 0xff, 0x00, 0x00,
	0x00, 0x00, 0x19, 0x7a, 0xae, 0xff, 0xff, 0x19, 0x6b, 0x6b, 0x4e, 0x33, 0xff, 0xff, 0xae, 0x33,
	0xff, 0xff, 0xae, 0x33, 0xff, 0xff, 0xae, 0x33, 0xff, 0xff, 0xae, 0x33, 0xff, 0xff, 0xae, 0x33,
	0xff, 0xff, 0xae, 0x33, 0xff, 0xff, 0xae, 0x33, 0xff, 0xff, 0xae, 0x33, 0xff, 0xff, 0xae, 0x33,
	0xff, 0xff, 0xae, 0x33, 0xff, 0xff, 0xae, 0x33, 0xff, 0xff, 0xae, 0x33, 0xff, 0xff, 0xae, 0x33,
	0xff, 0xff, 0xae, 0x33, 0xff, 0xff, 0xae, 0x33, 0xff, 0xff, 0xae, 0x33, 0xff, 0xff, 0xae, 0x33,
	0xff, 0xff, 0xae, 0x33, 0xff, 0xff, 0xae, 0x33, 0xff, 0xff, 0xae, 0x33, 0xff, 0xff, 0xae, 0x33,
	0xff, 0xff, 0xae, 0x33, 0xff, 0xff, 0xae, 0x33, 0xff, 0xff, 0xae, 0x33, 0xff, 0xff, 0xae, 0x33,
	0xff, 0xff, 0xae, 0x33, 0xff, 0xff, 0xae, 0x33, 0xff, 0xff, 0xae, 0x33, 0xff, 0xff, 0xae, 0x33,
	0xff, 0xff, 0xae, 0x33, 0xff, 0xff, 0xae, 0x33, 0xff, 0xff, 0xae, 0x33, 0xff, 0xff, 0xae, 0x6b,
	0xff, 0xff, 0x9c, 0x4e, 0x00, 0x00, 0x00, 0x00, 0x00, 0x6b, 0xff, 0xff, 0xff, 0xff, 0xc3, 0x0c,
	0x00, 0x00, 0x00, 0x6b, 0xff, 0xff, 0xff, 0xff, 0xff, 0x8b, 0x00, 0x00, 0x00, 0x00, 0x00, 0x33,
	0xc3, 0xff, 0xff, 0xff, 0x00, 0x00, 0x00, 0x00, 0x00, 0x00, 0x19, 0xff, 0xff, 0xff, 0x19, 0x00,
	0x00, 0x00, 0x00, 0x00, 0x00, 0xff, 0xff, 0xff, 0x33, 0x00, 0x00, 0x00, 0x00, 0x00, 0x00, 0xff,
	0xff, 0xff, 0x33, 0x00, 0x00, 0x00, 0x00, 0x00, 0x00, 0xff, 0xff, 0xff, 0x33, 0x00, 0x00, 0x00,
	0x00, 0x00, 0x00, 0xff, 0xff, 0xff, 0x33, 0x00, 0x00, 0x00, 0x00, 0x00, 0x00, 0xff, 0xff, 0xff,
	0x33, 0x00, 0x00, 0x00, 0x00, 0x00, 0x00, 0xff, 0xff, 0xff, 0x33, 0x00, 0x00, 0x00, 0x00, 0x00,
	0x00, 0xff, 0xff, 0xff, 0x33, 0x00, 0x00, 0x00, 0x00, 0x00, 0x00, 0xff, 0xff, 0xff, 0x33, 0x00,
	0x00, 0x00, 0x00, 0x00, 0x00, 0xff, 0xff, 0xff, 0x33, 0x00, 0x00, 0x00, 0x00, 0x00, 0x00, 0xff,
	0xff, 0xff, 0x33, 0x00, 0x00, 0x00, 0x00, 0x00, 0x00, 0xff, 0xff, 0xff, 0x40, 0x00, 0x00, 0x00,
	0x00, 0x00, 0x00, 0x9c, 0xff, 0xff, 0xc3, 0x26, 0x00, 0x00, 0x00, 0x00, 0x00, 0x19, 0xda, 0xff,
	0xff, 0xff, 0xae, 0x00, 0x00, 0x00, 0x00, 0x00, 0x0c, 0xc3, 0xff, 0xff, 0xae, 0x00, 0x00, 0x00,
	0x00, 0x26, 0xda, 0xff, 0xff, 0xff, 0xae, 0x00, 0x00, 0x00, 0x00, 0x9c, 0xff, 0xff, 0xc3, 0x19,
	0x00, 0x00, 0x00, 0x00, 0x00, 0xff, 0xff, 0xff, 0x40, 0x00, 0x00, 0x00, 0x00, 0x00, 0x00, 0xff,
	0xff, 0xff, 0x33, 0x00, 0x00, 0x00, 0x00, 0x00, 0x00, 0xff, 0xff, 0xff, 0x33, 0x00, 0x00, 0x00,
	0x00, 0x00, 0x00, 0xff, 0xff, 0xff, 0x33, 0x00, 0x00, 0x00, 0x00, 0x00, 0x00, 0xff, 0xff, 0xff,
	0x33, 0x00, 0x00, 0x00, 0x00, 0x00, 0x00, 0xff, 0xff, 0xff, 0x33, 0x00, 0x00, 0x00, 0x00, 0x00,
	0x00, 0xff, 0xff, 0xff, 0x33, 0x00, 0x00, 0x00, 0x00, 0x00, 0x00, 0xff, 0xff, 0xff, 0x33, 0x00,
	0x00, 0x00, 0x00, 0x00, 0x00, 0xff, 0xff, 0xff, 0x33, 0x00, 0x00, 0x00, 0x00, 0x00, 0x00, 0xff,
	0xff, 0xff, 0x33, 0x00, 0x00, 0x00, 0x00, 0x00, 0x0c, 0xff, 0xff, 0xff, 0x26, 0x00, 0x00, 0x00,
	0x00, 0x26, 0xc3, 0xff, 0xff, 0xff, 0x00, 0x00, 0x00, 0x6b, 0xff, 0xff, 0xff, 0xff, 0xff, 0x8b,
	0x00, 0x00, 0x00, 0x6b, 0xff, 0xff, 0xff, 0xff, 0xc3, 0x0c, 0x00, 0x00, 0x00, 0x6b, 0xff, 0xff,
	0xae, 0x5c, 0x0c, 0x00, 0x00, 0x00, 0x00, 0x00, 0x00, 0x26, 0x9c, 0xff, 0xff, 0xda, 0x6b, 0x0c,
	0x00, 0x00, 0x00, 0x00, 0x4e, 0x0c, 0x00, 0x00, 0x26, 0xff, 0xff, 0xff, 0xff, 0xff, 0xff, 0xff,
	0x4e, 0x00, 0x19, 0x9c, 0xff, 0xff, 0x19, 0x0c, 0xff, 0xff, 0xff, 0xff, 0xff, 0xff, 0xff, 0xff,
	0xff, 0xff, 0xff, 0xff, 0xff, 0x9c, 0x00, 0x7a, 0xff, 0xff, 0x6b, 0x0c, 0x0c, 0x7a, 0xff, 0xff,
	0xff, 0xff, 0xff, 0xff, 0xc3, 0x0c, 0x00, 0x00, 0x4e, 0x4e, 0x00, 0x00, 0x00, 0x00, 0x26, 0x8b,
	0xff, 0xff, 0xda, 0x6b, 0x0c, 0x00, 0x00,
};

static const struct OSDFontGlyph osd_font_glyphs[OSD_FONT_RIGS][OSD_FONT_COUNT] = {
	{
		{ 0, 0, 0, 0, 0, 3 },
		{ 0, 3, 9, 2, 0, 3 },
		{ 27, 4, 3, 2, 0, 5 },
		{ 39, 6, 9, 2, 0, 6 },
		{ 93, 6, 13, 0, 0, 6 },
		{ 171, 10, 11, 1, 0, 10 },
		{ 281, 8, 9, 2, 1, 9 },
		{ 353, 2, 3, 2, 0, 3 },
		{ 359, 4, 13, 0, 0, 4 },
		{ 411, 4, 13, 0, 0, 4 },
		{ 463, 5, 5, 1, 0, 5 },
		{ 488, 6, 5, 4, 0, 6 },
		{ 518, 3, 4, 9, 0, 3 },
		{ 530, 4, 1, 6, 0, 5 },
		{ 534, 3, 2, 9, 0, 3 },
		{ 540, 4, 13, 0, 1, 6 },
		{ 592, 6, 9, 2, 0, 7 },
		{ 646, 4, 9, 2, 0, 5 },
		{ 682, 6, 9, 2, 0, 6 },
		{ 736, 6, 9, 2, 0, 6 },
		{ 790, 6, 9, 2, 0, 6 },
		{ 844, 6, 9, 2, 0, 6 },
		{ 898, 6, 9, 2, 0, 6 },
		{ 952, 5, 9, 2, 0, 5 },
		{ 997, 6, 9, 2, 0, 7 },
		{ 1051, 6, 10, 2, 0, 6 },
		{ 1111, 3, 7, 4, 0, 3 },
		{ 1132, 3, 9, 4, 0, 3 },
		{ 1159, 6, 7, 3, 0, 6 },
		{ 1201, 6, 5, 4, 0, 6 },
		{ 1231, 6, 7, 3, 0, 6 },
		{ 1273, 6, 9, 2, 0, 6 },
		{ 1327, 12, 12, 2, 0, 12 },
		{ 1471, 7, 9, 2, 0, 7 },
		{ 1534, 6, 9, 2, 1, 7 },
		{ 1588, 7, 9, 2, 0, 7 },
		{ 1651, 6, 9, 2, 1, 8 },
		{ 1705, 5, 9, 2, 1, 6 },
		{ 1750, 5, 9, 2, 1, 6 },
		{ 1795, 7, 9, 2, 0, 8 },
		{ 1858, 6, 9, 2, 1, 8 },
		{ 1912, 2, 9, 2, 1, 4 },
		{ 1930, 3, 11, 2, 0, 4 },
		{ 1963, 6, 9, 2, 1, 7 },
		{ 2017, 5, 9, 2, 1, 6 },
		{ 2062, 9, 9, 2, 0, 10 },
		{ 2143, 6, 9, 2, 1, 8 },
		{ 2197, 8, 9, 2, 0, 8 },
		{ 2269, 6, 9, 2, 1, 7 },
		{ 2323, 8, 11, 2, 0, 8 },
		{ 2411, 6, 9, 2, 1, 7 },
		{ 2465, 6, 9, 2, 0, 7 },
		{ 2519, 6, 9, 2, 0, 6 },
		{ 2573, 6, 9, 2, 1, 8 },
		{ 2627, 7, 9, 2, 0, 7 },
		{ 2690, 10, 9, 2, 0, 10 },
		{ 2780, 7, 9, 2, 0, 7 },
		{ 2843, 7, 9, 2, 0, 7 },
		{ 2906, 6, 9, 2, 0, 6 },
		{ 2960, 4, 12, 0, 0, 4 },
		{ 3008, 4, 13, 0, 1, 6 },
		{ 3060, 3, 12, 0, 0, 4 },
		{ 3096, 6, 4, 0, 0, 6 },
		{ 3120, 6, 1, 12, 0, 6 },
		{ 3126, 4, 3, 0, 0, 4 },
		{ 3138, 6, 7, 4, 0, 7 },
		{ 3180, 6, 10, 1, 1, 7 },
		{ 3240, 6, 7, 4, 0, 6 },
		{ 3282, 6, 10, 1, 0, 7 },
		{ 3342, 6, 7, 4, 0, 7 },
		{ 3384, 5, 10, 1, 0, 5 },
		{ 3434, 7, 11, 3, 0, 7 },
		{ 3511, 5, 10, 1, 1, 7 },
		{ 3561, 2, 10, 1, 1, 3 },
		{ 3581, 3, 13, 1, 0, 3 },
		{ 3620, 6, 10, 1, 1, 7 },
		{ 3680, 3, 10, 1, 1, 4 },
		{ 3710, 9, 7, 4, 1, 10 },
		{ 3773, 5, 7, 4, 1, 7 },
		{ 3808, 7, 7, 4, 0, 7 },
		{ 3857, 6, 10, 4, 1, 7 },
		{ 3917, 6, 10, 4, 0, 7 },
		{ 3977, 4, 7, 4, 1, 5 },
		{ 4005, 6, 7, 4, 0, 6 },
		{ 4047, 5, 9, 2, 0, 5 },
		{ 4092, 5, 7, 4, 1, 7 },
		{ 4127, 6, 7, 4, 0, 6 },
		{ 4169, 9, 7, 4, 0, 9 },
		{ 4232, 6, 7, 4, 0, 6 },
		{ 4274, 6, 10, 4, 0, 6 },
		{ 4334, 5, 7, 4, 0, 5 },
		{ 4369, 4, 13, 0, 0, 4 },
		{ 4421, 1, 12, 0, 2, 5 },
		{ 4433, 4, 13, 0, 0, 4 },
		{ 4485, 6, 2, 6, 0, 6 },
	},
	{
		{ 4497, 0, 0, 0, 0, 6 },
		{ 4497, 4, 17, 4, 1, 6 },
		{ 4565, 8, 6, 4, 1, 10 },
		{ 4613, 12, 17, 4, 0, 12 },
		{ 4817, 12, 24, 1, 0, 13 },
		{ 5105, 18, 19, 3, 1, 20 },
		{ 5447, 15, 17, 4, 2, 18 },
		{ 5702, 3, 6, 4, 1, 5 },
		{ 5720, 6, 25, 0, 1, 8 },
		{ 5870, 6, 25, 0, 1, 8 },
		{ 6020, 10, 10, 3, 0, 11 },
		{ 6120, 10, 9, 8, 1, 12 },
		{ 6210, 4, 7, 18, 1, 6 },
		{ 6238, 8, 2, 12, 1, 10 },
		{ 6254, 4, 3, 18, 1, 6 },
		{ 6266, 8, 23, 1, 2, 12 },
		{ 6450, 11, 17, 4, 1, 13 },
		{ 6637, 8, 17, 4, 0, 10 },
		{ 6773, 11, 17, 4, 0, 12 },
		{ 6960, 11, 17, 4, 0, 12 },
		{ 7147, 11, 17, 4, 1, 13 },
		{ 7334, 11, 17, 4, 0, 12 },
		{ 7521, 11, 17, 4, 1, 13 },
		{ 7708, 10, 17, 4, 0, 11 },
		{ 7878, 12, 17, 4, 1, 13 },
		{ 8082, 11, 18, 4, 1, 13 },
		{ 8280, 4, 12, 9, 1, 6 },
		{ 8328, 4, 16, 9, 1, 6 },
		{ 8392, 10, 12, 7, 1, 12 },
		{ 8512, 10, 8, 9, 1, 12 },
		{ 8592, 10, 12, 7, 1, 12 },
		{ 8712, 11, 17, 4, 0, 11 },
		{ 8899, 22, 22, 4, 1, 24 },
		{ 9383, 14, 17, 4, 0, 14 },
		{ 9621, 12, 17, 4, 2, 15 },
		{ 9825, 12, 17, 4, 1, 13 },
		{ 10029, 13, 17, 4, 2, 15 },
		{ 10250, 10, 17, 4, 2, 13 },
		{ 10420, 10, 17, 4, 2, 12 },
		{ 10590, 13, 17, 4, 1, 15 },
		{ 10811, 12, 17, 4, 2, 16 },
		{ 11015, 3, 17, 4, 2, 7 },
		{ 11066, 5, 20, 4, 0, 7 },
		{ 11166, 13, 17, 4, 2, 15 },
		{ 11387, 10, 17, 4, 2, 12 },
		{ 11557, 17, 17, 4, 1, 19 },
		{ 11846, 12, 17, 4, 2, 16 },
		{ 12050, 15, 17, 4, 1, 17 },
		{ 12305, 12, 17, 4, 2, 14 },
		{ 12509, 15, 20, 4, 1, 17 },
		{ 12809, 12, 17, 4, 2, 15 },
		{ 13013, 13, 17, 4, 0, 13 },
		{ 13234, 13, 17, 4, 0, 13 },
		{ 13455, 12, 17, 4, 2, 16 },
		{ 13659, 14, 17, 4, 0, 14 },
		{ 13897, 20, 17, 4, 0, 20 },
		{ 14237, 13, 17, 4, 0, 13 },
		{ 14458, 13, 17, 4, 0, 13 },
		{ 14679, 12, 17, 4, 0, 13 },
		{ 14883, 6, 22, 2, 1, 8 },
		{ 15015, 8, 23, 1, 2, 12 },
		{ 15199, 6, 22, 2, 1, 8 },
		{ 15331, 11, 8, 0, 1, 13 },
		{ 15419, 12, 2, 22, 0, 12 },
		{ 15443, 7, 5, 1, 0, 7 },
		{ 15478, 11, 13, 8, 1, 13 },
		{ 15621, 11, 18, 3, 2, 14 },
		{ 15819, 10, 13, 8, 1, 11 },
		{ 15949, 11, 18, 3, 1, 14 },
		{ 16147, 11, 13, 8, 1, 13 },
		{ 16290, 10, 18, 3, 0, 10 },
		{ 16470, 13, 20, 6, 0, 13 },
		{ 16730, 10, 18, 3, 2, 14 },
		{ 16910, 4, 19, 2, 1, 7 },
		{ 16986, 6, 24, 2, -1, 7 },
		{ 17130, 11, 19, 2, 2, 13 },
		{ 17339, 5, 19, 2, 2, 7 },
		{ 17434, 17, 13, 8, 2, 21 },
		{ 17655, 10, 13, 8, 2, 14 },
		{ 17785, 12, 13, 8, 1, 14 },
		{ 17941, 11, 18, 8, 2, 14 },
		{ 18139, 11, 18, 8, 1, 14 },
		{ 18337, 7, 13, 8, 2, 9 },
		{ 18428, 11, 13, 8, 0, 11 },
		{ 18571, 9, 17, 4, 0, 9 },
		{ 18724, 10, 13, 8, 2, 14 },
		{ 18854, 12, 13, 8, 0, 12 },
		{ 19010, 17, 13, 8, 0, 17 },
		{ 19231, 12, 13, 8, 0, 12 },
		{ 19387, 12, 19, 8, 0, 12 },
		{ 19615, 10, 13, 8, 0, 10 },
		{ 19745, 7, 24, 0, 0, 8 },
		{ 19913, 3, 22, 1, 3, 10 },
		{ 19979, 7, 24, 0, 1, 8 },
		{ 20147, 11, 3, 12, 0, 12 },
	},
	{
		{ 20180, 0, 0, 0, 0, 10 },
		{ 20180, 6, 26, 5, 1, 9 },
		{ 20336, 11, 10, 5, 2, 14 },
		{ 20446, 18, 25, 6, 0, 19 },
		{ 20896, 17, 37, 0, 1, 19 },
		{ 21525, 27, 29, 3, 1, 30 },
		{ 22308, 22, 26, 5, 3, 27 },
		{ 22880, 4, 10, 5, 2, 8 },
		{ 22920, 10, 38, -1, 1, 12 },
		{ 23300, 10, 38, -1, 1, 12 },
		{ 23680, 15, 14, 4, 0, 16 },
		{ 23890, 14, 14, 11, 2, 18 },
		{ 24086, 6, 11, 26, 1, 9 },
		{ 24152, 11, 3, 18, 2, 15 },
		{ 24185, 6, 5, 26, 1, 9 },
		{ 24215, 12, 34, 1, 3, 19 },
		{ 24623, 16, 26, 5, 2, 20 },
		{ 25039, 11, 25, 6, 1, 16 },
		{ 25314, 15, 26, 5, 1, 18 },
		{ 25704, 16, 26, 5, 0, 18 },
		{ 26120, 17, 26, 5, 1, 19 },
		{ 26562, 16, 25, 6, 1, 18 },
		{ 26962, 16, 26, 5, 2, 19 },
		{ 27378, 14, 26, 6, 1, 16 },
		{ 27742, 18, 26, 5, 1, 20 },
		{ 28210, 16, 27, 5, 1, 19 },
		{ 28642, 6, 19, 12, 1, 9 },
		{ 28756, 6, 25, 12, 1, 9 },
		{ 28906, 16, 17, 10, 1, 18 },
		{ 29178, 14, 11, 13, 2, 18 },
		{ 29332, 16, 17, 10, 1, 18 },
		{ 29604, 15, 26, 5, 1, 17 },
		{ 29994, 33, 34, 5, 2, 37 },
		{ 31116, 21, 26, 5, 0, 21 },
		{ 31662, 18, 26, 5, 3, 22 },
		{ 32130, 18, 26, 5, 2, 20 },
		{ 32598, 19, 26, 5, 3, 23 },
		{ 33092, 15, 26, 5, 3, 19 },
		{ 33482, 14, 26, 5, 3, 18 },
		{ 33846, 19, 26, 5, 2, 23 },
		{ 34340, 18, 26, 5, 3, 24 },
		{ 34808, 4, 26, 5, 3, 11 },
		{ 34912, 8, 31, 5, 0, 11 },
		{ 35160, 19, 26, 5, 3, 22 },
		{ 35654, 15, 26, 5, 3, 18 },
		{ 36044, 24, 26, 5, 2, 29 },
		{ 36668, 18, 26, 5, 3, 25 },
		{ 37136, 21, 26, 5, 2, 25 },
		{ 37682, 17, 26, 5, 3, 21 },
		{ 38124, 22, 30, 5, 2, 25 },
		{ 38784, 18, 26, 5, 3, 22 },
		{ 39252, 18, 26, 5, 1, 20 },
		{ 39720, 19, 26, 5, 0, 19 },
		{ 40214, 18, 26, 5, 3, 24 },
		{ 40682, 20, 26, 5, 0, 20 },
		{ 41202, 28, 26, 5, 1, 30 },
		{ 41930, 20, 26, 5, 0, 20 },
		{ 42450, 20, 26, 5, 0, 20 },
		{ 42970, 17, 26, 5, 1, 19 },
		{ 43412, 8, 35, 0, 2, 12 },
		{ 43692, 12, 34, 1, 3, 19 },
		{ 44100, 9, 35, 0, 1, 12 },
		{ 44415, 17, 12, -1, 1, 19 },
		{ 44619, 18, 3, 33, 0, 19 },
		{ 44673, 9, 7, 1, 1, 11 },
		{ 44736, 17, 20, 11, 1, 20 },
		{ 45076, 17, 28, 3, 3, 21 },
		{ 45552, 15, 20, 11, 2, 17 },
		{ 45852, 16, 28, 3, 2, 22 },
		{ 46300, 16, 20, 11, 2, 20 },
		{ 46620, 15, 28, 3, 0, 15 },
		{ 47040, 18, 30, 9, 1, 19 },
		{ 47580, 15, 28, 3, 3, 21 },
		{ 48000, 6, 29, 2, 2, 10 },
		{ 48174, 9, 37, 2, -1, 10 },
		{ 48507, 16, 29, 2, 3, 19 },
		{ 48971, 7, 29, 2, 3, 11 },
		{ 49174, 25, 20, 11, 3, 31 },
		{ 49674, 15, 20, 11, 3, 21 },
		{ 49974, 17, 20, 11, 2, 21 },
		{ 50314, 17, 28, 11, 3, 21 },
		{ 50790, 16, 28, 11, 2, 21 },
		{ 51238, 11, 20, 11, 3, 14 },
		{ 51458, 15, 20, 11, 1, 17 },
		{ 51758, 13, 25, 6, 0, 13 },
		{ 52083, 15, 20, 11, 3, 21 },
		{ 52383, 18, 20, 11, 0, 18 },
		{ 52743, 25, 20, 11, 0, 26 },
		{ 53243, 18, 20, 11, 0, 18 },
		{ 53603, 18, 28, 11, 0, 18 },
		{ 54107, 14, 20, 11, 1, 16 },
		{ 54387, 9, 36, 0, 1, 12 },
		{ 54711, 4, 34, 1, 5, 15 },
		{ 54847, 10, 36, 0, 1, 12 },
		{ 55207, 16, 5, 17, 1, 18 },
	},
};

#endif
